(supertux-level
  (version 2)
  (name (_ "Vertically Challenged"))
  (author "Daniel")
  (tileset "images/tiles.strf")
  (license "GPL 2+ / CC-by-sa 3.0")
  (sector
    (name "cave")
    (ambient-light 0.6000000238 0.6000000238 0.8000000119 1)
    (music "/music/antarctic/cave.music")
    (gravity 10)
    (camera
      (name "Camera")
      (mode "normal")
    )
    (gradient
      (layer -300)
      (top_color 0 0 0 1)
      (bottom_color 0 0 0 1)
    )
    (spawnpoint
      (name "main")
      (x 224)
      (y 32)
    )
    (tilemap
      (draw-target "normal")
      (width 520)
      (height 35)
      (speed 1)
      (solid #f)
      (z-pos -100)
      (tint 1 1 1 1)
      (tiles 0 0 0 0 0 79 0 0 0 79 0 0 0 0 0 0 0 0 0 0 0 0 0 0 0 0 0 0 0 0 0 0 0 0 0 0 0 0 0 0 0 0 0 0 0 0 0 0 0 0 0 0 0 0 0 0 0 0 0 0 0 0 0 0 0 0 0 0 0 0 0 0 0 0 0 0 0 0 0 0 0 0 0 0 0 0 0 0 0 0 0 0 0 0 0 0 0 0 0 0 0 0 0 0 0 0 0 0 0 0 0 0 0 0 0 0 0 0 0 0 0 0 0 0 0 0 0 0 0 0 0 0 0 0 0 0 0 0 0 0 0 0 0 0 0 0 0 0 0 0 0 0 0 0 0 0 0 0 0 0 0 0 0 0 0 0 0 0 0 0 0 0 0 0 0 0 0 0 0 0 0 0 0 0 0 0 0 0 0 0 0 0 0 0 0 0 0 0 0 0 0 0 0 0 0 0 0 0 0 0 0 0 0 0 0 0 0 0 0 0 0 0 0 0 0 0 0 0 0 0 0 0 0 0 0 0 0 0 0 0 0 0 0 0 0 0 0 0 0 0 0 0 0 0 0 0 0 0 0 0 0 0 0 0 0 0 0 0 0 0 0 0 0 0 0 0 0 0 0 0 0 0 0 0 0 0 0 0 0 0 0 0 0 0 0 0 0 0 0 0 0 0 0 0 0 0 0 0 0 0 0 0 0 0 0 0 0 0 0 0 0 0 0 0 0 0 0 0 0 0 0 0 0 0 0 0 0 0 0 0 0 0 0 0 0 0 0 0 0 0 0 0 0 0 0 0 0 0 0 0 0 0 0 0 0 0 0 0 0 0 0 0 0 0 0 0 0 0 0 0 0 0 0 0 0 0 0 0 0 0 0 0 0 0 0 0 0 0 0 0 0 0 0 0 0 0 0 0 0 0 0 0 0 0 0 0 0 0 0 0 0 0 0 0 0 0 0 0 0 0 0 0 0 0 0 0 0 0 0 0 0 0 0 0 0 0 0 0 0 0 0 0 0 0 0 0 0 0 0 0 0 0 0 0 0 0 0 0 0 0 0 0 0 0 0 0 0 0 0 0 0 0 0 0 0 0 0 0 0 0 0 0 0 0 0 0 0 0 0 0 0 0 0 0 0 0 0 0 0 0 0 79 0 0 0 79 0 0 0 0 0 0 0 0 0 79 0 0 0 79 0 0 0 0 0 0 0 0 0 0 0 0 0 0 0 0 0 0 0 0 0 0 0 0 0 0 0 0 0 0 0 0 0 0 0 0 0 0 0 0 0 0 0 0 0 0 0 0 0 0 0 0 0 0 0 0 0 0 0 0 0 0 0 0 0 0 0 0 0 0 0 0 0 0 0 0 0 0 0 0 0 0 0 0 0 0 0 0 0 0 0 0 0 0 0 0 0 0 0 0 0 0 0 0 0 0 0 0 0 0 0 0 0 0 0 0 0 0 0 0 0 0 0 0 0 0 0 0 0 0 0 0 0 0 0 0 0 0 0 0 0 0 0 0 0 0 0 0 0 0 0 0 0 0 0 0 0 0 0 0 0 0 0 0 0 0 0 0 0 0 0 0 0 0 0 0 0 0 0 0 0 0 0 0 0 0 0 0 0 0 0 0 0 0 0 0 0 0 0 0 0 0 0 0 0 0 0 0 0 0 0 0 0 0 0 0 0 0 0 0 0 0 0 0 0 0 0 0 0 0 0 0 0 0 0 0 0 0 0 0 0 0 0 0 0 0 0 0 0 0 0 0 0 0 0 0 0 0 0 0 0 0 0 0 0 0 0 0 0 0 0 0 0 0 0 0 0 0 0 0 0 0 0 0 0 0 0 0 0 0 0 0 0 0 0 0 0 0 0 0 0 0 0 0 0 0 0 0 0 0 0 0 0 0 0 0 0 0 0 0 0 0 0 0 0 0 0 0 0 0 0 0 0 0 0 0 0 0 0 0 0 0 0 0 0 0 0 0 0 0 0 0 0 0 0 0 0 0 0 0 0 0 0 0 0 0 0 0 0 0 0 0 0 0 0 0 0 0 0 0 0 0 0 0 0 0 0 0 0 0 0 0 0 0 0 0 0 0 0 0 0 0 0 0 0 0 0 0 0 0 0 0 0 0 0 0 0 0 0 0 0 0 0 0 0 0 0 0 0 0 0 0 0 0 0 0 0 0 0 0 0 0 0 0 0 0 0 0 0 0 0 0 0 0 0 0 0 0 0 0 0 0 0 0 0 0 0 0 0 0 0 0 0 0 0 0 0 0 0 0 0 0 0 0 0 0 0 0 0 0 0 0 0 0 0 0 0 0 0 0 0 79 0 0 0 79 0 0 0 0 0 0 0 0 0 79 0 0 0 79 0 0 0 0 0 0 0 0 0 0 0 0 0 0 0 0 0 0 0 0 0 0 0 0 0 0 0 0 0 0 0 0 0 0 0 0 0 0 0 0 0 0 0 0 0 0 0 0 0 0 0 0 0 0 0 0 0 0 0 0 0 0 0 0 0 0 0 0 0 0 0 0 0 0 0 0 0 0 0 0 0 0 0 0 0 0 0 0 0 0 0 0 0 0 0 0 0 0 0 0 0 0 0 0 0 0 0 0 0 0 0 0 0 0 0 0 0 0 0 0 0 0 0 0 0 0 0 0 0 0 0 0 0 0 0 0 0 0 0 0 0 0 0 0 0 0 0 0 0 0 0 0 0 0 0 0 0 0 0 0 0 0 0 0 0 0 0 0 0 0 0 0 0 0 0 0 0 0 0 0 0 0 0 0 0 0 0 0 0 0 0 0 0 0 0 0 0 0 0 0 0 0 0 0 0 0 0 0 0 0 0 0 0 0 0 0 0 0 0 0 0 0 0 0 0 0 0 0 0 0 0 0 0 0 0 0 0 0 0 0 0 0 0 0 0 0 0 0 0 0 0 0 0 0 0 0 0 0 0 0 0 0 0 0 0 0 0 0 0 0 0 0 0 0 0 0 0 0 0 0 0 0 0 0 0 0 0 0 0 0 0 0 0 0 0 0 0 0 0 0 0 0 0 0 0 0 0 0 0 0 0 0 0 0 0 0 0 0 0 0 0 0 0 0 0 0 0 0 0 0 0 0 0 0 0 0 0 0 0 0 0 0 0 0 0 0 0 0 0 0 0 0 0 0 0 0 0 0 0 0 0 0 0 0 0 0 0 0 0 0 0 0 0 0 0 0 0 0 0 0 0 0 0 0 0 0 0 0 0 0 0 0 0 0 0 0 0 0 0 0 0 0 0 0 0 0 0 0 0 0 0 0 0 0 0 0 0 0 0 0 0 0 0 0 0 0 0 0 0 0 0 0 0 0 0 0 0 0 0 0 0 0 0 0 0 0 0 0 0 0 0 0 0 0 0 0 0 0 0 0 0 0 0 0 0 0 0 0 0 0 0 0 0 0 0 0 0 0 0 0 0 0 0 0 0 0 0 0 0 0 0 0 0 0 0 0 0 0 0 0 0 79 0 0 0 79 0 0 0 0 0 0 0 0 0 79 0 0 0 79 0 0 0 0 0 0 0 0 0 0 0 0 0 0 0 0 0 0 0 0 0 0 0 0 0 0 0 0 0 0 0 0 0 0 0 0 0 0 0 0 0 0 0 0 0 0 0 0 0 0 0 0 0 0 0 0 0 0 0 0 0 0 0 0 0 0 0 0 0 0 0 0 0 0 0 0 0 0 0 0 0 0 0 0 0 0 0 0 0 0 0 0 0 0 0 0 0 0 0 0 0 0 0 0 0 0 0 0 0 0 0 0 0 0 0 0 0 0 0 0 0 0 0 0 0 0 0 0 0 0 0 0 0 0 0 0 0 0 0 0 0 0 0 0 0 0 0 0 0 0 0 0 0 0 0 0 0 0 0 0 0 0 0 0 0 0 0 0 0 0 0 0 0 0 0 0 0 0 0 0 0 0 0 0 0 0 0 0 0 0 0 0 0 0 0 0 0 0 0 0 0 0 0 0 0 0 0 0 0 0 0 0 0 0 0 0 0 0 0 0 0 0 0 0 0 0 0 0 0 0 0 0 0 0 0 0 0 0 0 0 0 0 0 0 0 0 0 0 0 0 0 0 0 0 0 0 0 0 0 0 0 0 0 0 0 0 0 0 0 0 0 0 0 0 0 0 0 0 0 0 0 0 0 0 0 0 0 0 0 0 0 0 0 0 0 0 0 0 0 0 0 0 0 0 0 0 0 0 0 0 0 0 0 0 0 0 0 0 0 0 0 0 0 0 0 0 0 0 0 0 0 0 0 0 0 0 0 0 0 0 0 0 0 0 0 0 0 0 0 0 0 0 0 0 0 0 0 0 0 0 0 0 0 0 0 0 0 0 0 0 0 0 0 0 0 0 0 0 0 0 0 0 0 0 0 0 0 0 0 0 0 0 0 0 0 0 0 0 0 0 0 0 0 0 0 0 0 0 0 0 0 0 0 0 0 0 0 0 0 0 0 0 0 0 0 0 0 0 0 0 0 0 0 0 0 0 0 0 0 0 0 0 0 0 0 0 0 0 0 0 0 0 0 0 0 0 0 0 0 0 0 0 0 0 0 0 0 0 0 0 0 0 0 0 0 0 0 0 0 0 0 0 0 0 0 0 0 0 0 0 0 0 0 0 0 0 0 0 0 0 0 79 0 0 0 79 0 0 0 0 0 0 0 0 0 79 0 0 0 79 0 0 0 0 0 0 0 0 0 0 0 0 0 0 0 0 0 0 0 0 0 0 0 0 0 0 0 0 0 0 0 0 0 0 0 0 0 0 0 0 0 0 0 0 0 0 0 0 0 0 0 0 0 0 0 0 0 0 0 0 0 0 0 0 0 0 0 0 0 0 0 0 0 0 0 0 0 0 0 0 0 0 0 0 0 79 0 0 0 79 0 0 0 0 0 0 0 0 0 0 0 0 0 0 0 0 0 0 0 0 0 0 0 0 0 0 0 0 0 0 0 0 0 0 0 0 0 0 0 0 0 0 0 0 0 0 0 0 0 0 0 0 0 0 0 0 0 2814 0 0 0 0 0 0 0 0 0 0 0 0 0 0 0 0 0 0 0 0 0 0 0 0 0 0 0 0 0 0 0 0 0 0 0 0 0 0 0 0 0 0 0 0 0 0 0 0 0 0 0 0 0 0 0 0 0 0 0 0 0 0 0 0 0 0 0 0 0 0 0 0 0 0 0 0 0 0 0 0 0 0 0 0 0 0 0 0 0 0 0 0 0 0 0 0 0 0 0 0 0 0 0 0 0 0 0 0 0 0 0 0 0 0 0 0 0 0 0 0 0 0 0 0 0 0 0 0 0 0 0 0 0 0 0 0 0 0 0 0 0 0 0 0 0 0 0 0 0 0 0 0 0 0 0 0 0 0 0 0 0 0 0 0 0 0 0 0 0 0 0 0 0 0 0 0 0 0 0 0 0 0 0 0 0 0 0 0 0 0 0 0 0 0 0 0 0 0 0 0 0 0 0 0 0 0 0 0 0 0 0 0 0 0 0 0 0 0 0 0 0 0 0 0 0 0 0 0 0 0 0 0 0 0 0 0 0 0 0 0 0 0 0 0 0 0 0 0 0 0 0 0 0 0 0 0 0 0 0 0 0 0 0 0 0 0 0 0 0 0 0 0 0 0 0 0 0 0 0 0 0 0 0 0 0 0 0 0 0 0 0 0 0 0 0 0 0 0 0 0 0 0 0 0 0 0 0 0 0 0 0 0 0 0 0 0 0 0 0 0 0 0 0 0 0 0 0 0 0 0 0 0 0 0 0 0 0 0 0 0 0 0 0 0 0 0 0 0 0 0 0 0 0 79 0 0 0 79 0 0 0 0 0 0 0 0 0 79 0 0 0 79 0 0 0 0 0 0 0 0 0 0 0 0 0 0 0 0 0 0 0 0 0 0 0 0 0 0 0 0 0 0 0 0 0 0 0 0 0 0 0 0 0 0 0 0 0 0 0 0 0 0 0 0 0 0 0 0 0 0 0 0 0 0 0 0 0 0 0 0 0 0 0 0 0 0 0 0 0 0 0 0 0 0 0 0 0 79 0 0 0 79 0 0 0 0 0 0 0 0 0 0 0 0 0 0 0 0 0 0 0 0 0 0 0 0 0 0 0 0 0 0 0 0 0 0 0 0 0 0 0 0 0 0 0 0 0 0 0 0 0 0 0 0 0 0 0 0 0 2816 2814 0 0 0 0 0 0 0 0 0 0 0 0 0 0 0 0 0 0 0 0 0 0 0 0 0 0 0 0 0 0 0 0 0 0 0 0 0 0 0 0 0 0 0 0 0 0 0 0 0 0 0 0 0 0 0 0 0 0 0 0 0 0 0 0 0 0 0 0 0 0 0 0 0 0 0 0 0 0 0 0 0 0 0 0 0 0 0 0 0 0 0 0 0 0 0 0 0 0 0 0 0 0 0 0 0 0 0 0 0 0 0 0 0 0 0 0 0 0 0 0 0 0 0 0 0 0 0 0 0 0 0 0 0 0 0 0 0 0 0 0 0 0 0 0 0 0 0 0 0 0 0 0 0 0 0 0 0 0 0 0 0 0 0 0 0 0 0 0 0 0 0 0 0 0 0 0 0 0 0 0 0 0 0 0 0 0 0 0 0 0 0 0 0 0 0 0 0 0 0 0 0 0 0 0 0 0 0 0 0 0 0 0 0 0 0 0 0 0 0 0 0 0 0 0 0 0 0 0 0 0 0 0 0 0 0 0 0 0 0 0 0 0 0 0 0 0 0 0 0 0 0 0 0 0 0 0 0 0 0 0 0 0 0 0 0 0 0 0 0 0 0 0 0 0 0 0 0 0 0 0 0 0 0 0 0 0 0 0 0 0 0 0 0 0 0 0 0 0 0 0 0 0 0 0 0 0 0 0 0 0 0 0 0 0 0 0 0 0 0 0 0 0 0 0 0 0 0 0 0 0 0 0 0 0 0 0 0 0 0 0 0 0 0 0 0 0 0 0 0 0 0 0 79 0 0 0 79 0 2183 0 0 0 0 0 0 0 79 0 0 0 79 0 0 0 0 0 0 0 0 0 0 2814 0 0 0 0 0 0 0 0 0 0 0 0 0 0 0 0 0 0 0 0 0 0 0 0 0 0 0 0 0 0 0 0 0 0 0 0 0 0 0 0 0 0 0 0 0 0 0 0 0 0 0 0 0 0 0 0 0 0 0 0 0 0 0 0 0 0 0 0 0 0 0 0 0 0 79 0 0 0 79 0 0 0 0 0 0 0 0 0 0 0 0 0 0 0 0 0 0 0 0 0 0 0 0 0 0 0 0 0 0 0 0 0 0 0 0 0 0 0 0 0 0 0 0 0 0 0 0 0 0 0 0 0 0 0 0 0 0 2816 2814 0 0 0 0 0 0 0 0 0 0 0 0 0 0 0 0 0 0 0 0 0 0 0 0 0 0 0 0 0 0 0 0 0 0 0 0 0 0 0 0 0 0 0 0 0 0 0 0 0 0 0 0 0 0 0 0 0 0 0 0 0 0 0 0 0 0 0 0 0 0 0 0 0 0 0 0 0 0 0 0 0 0 0 0 0 0 0 0 0 0 0 0 0 0 0 0 0 0 0 0 0 0 0 0 0 0 0 0 0 0 0 0 0 0 0 0 0 0 0 0 0 0 0 0 0 0 0 0 0 0 0 0 0 0 0 0 0 0 0 0 0 0 0 0 0 0 0 0 0 0 0 0 0 0 0 0 0 0 0 0 0 0 0 0 0 0 0 0 0 0 0 0 0 0 0 0 0 0 0 0 0 0 0 0 0 0 0 0 0 0 0 0 0 0 0 0 0 0 0 0 0 0 0 0 0 0 0 0 0 0 0 0 0 0 0 0 0 0 0 0 0 0 0 0 0 0 0 0 0 0 0 0 0 0 0 0 0 0 0 0 0 0 0 0 0 0 0 0 0 0 0 0 0 0 0 0 0 0 0 0 0 0 0 0 0 0 0 0 0 0 0 0 0 0 0 0 0 0 0 0 0 0 0 0 0 0 0 0 0 0 0 0 0 0 0 0 0 0 0 0 0 0 0 0 0 0 0 0 0 0 0 0 0 0 0 0 0 0 0 0 0 0 0 0 0 0 0 0 0 0 0 0 0 0 0 0 0 0 0 0 0 0 0 0 0 0 0 0 0 0 0 79 0 0 0 79 0 0 0 0 0 0 0 0 0 79 0 0 0 79 0 0 0 0 0 0 0 0 0 0 2816 2814 0 0 0 0 0 0 0 0 0 0 0 0 0 0 0 0 0 0 0 0 0 0 0 0 0 0 0 0 0 0 0 0 0 0 0 0 0 0 0 0 0 0 0 0 0 0 0 0 0 0 0 0 0 0 0 0 0 0 0 0 0 0 0 0 0 0 0 0 0 0 0 0 0 79 0 0 0 79 0 0 0 0 0 0 0 0 0 0 0 0 0 0 0 0 0 0 0 0 0 0 0 0 0 0 0 0 0 0 0 0 0 0 0 0 0 0 0 0 0 0 0 0 0 0 0 0 0 0 0 0 0 0 0 0 0 0 0 2816 2814 0 0 0 0 0 0 0 0 0 0 0 0 0 0 0 0 0 0 0 0 0 0 0 0 0 0 0 0 0 0 0 0 0 0 0 0 0 0 0 0 0 0 0 0 0 0 0 0 0 0 0 0 0 0 0 0 0 0 0 0 0 0 0 0 0 0 0 0 0 0 0 0 0 0 0 0 0 0 0 0 0 0 0 0 0 0 0 0 0 0 0 0 0 0 0 0 0 0 0 0 0 0 0 0 0 0 0 0 0 0 0 0 0 0 0 0 0 0 0 0 0 0 0 0 0 0 0 0 0 0 0 0 0 0 0 0 0 0 0 0 0 0 0 0 0 0 0 0 0 0 0 0 0 0 0 0 0 0 0 0 0 0 0 0 0 0 0 0 0 0 0 0 0 0 0 0 0 0 0 0 0 0 0 0 0 0 0 0 0 0 0 0 0 0 0 0 0 0 0 0 0 0 0 0 0 0 0 0 0 0 0 0 0 0 0 0 0 0 0 0 0 0 0 0 0 0 0 0 0 0 0 0 0 0 0 0 0 0 0 0 0 0 0 0 0 0 0 0 0 0 0 0 0 0 0 0 0 0 0 0 0 0 0 0 0 0 0 0 0 0 0 0 0 0 0 0 0 0 0 0 0 0 0 0 0 0 0 0 0 0 0 0 0 0 0 0 0 0 0 0 0 0 0 0 0 0 0 0 0 0 0 0 0 0 0 0 0 0 0 0 0 0 0 0 0 0 0 0 0 0 0 0 0 0 0 0 0 0 0 0 0 0 0 0 0 0 0 0 0 0 79 0 0 0 79 0 0 0 0 0 0 0 0 0 79 0 0 0 79 0 0 0 0 0 0 0 0 0 0 0 2816 2814 0 0 0 0 0 0 0 0 0 0 0 0 0 0 0 0 0 0 0 0 0 0 0 0 0 0 0 0 0 0 0 0 0 0 0 0 0 0 0 0 0 0 0 0 0 0 0 0 0 0 0 0 0 0 0 0 0 0 0 0 0 0 0 0 0 0 0 0 0 0 0 0 79 0 0 0 79 0 0 0 0 0 0 0 0 0 0 0 0 0 0 0 0 0 0 0 0 0 0 0 0 0 0 0 0 0 0 0 0 0 0 0 0 0 0 0 0 0 0 0 0 0 0 0 0 0 0 0 0 0 0 0 0 0 0 0 0 2816 2814 0 0 0 0 0 0 0 0 0 0 0 0 0 0 0 0 0 0 0 0 0 0 0 0 0 0 0 0 0 0 0 0 0 0 0 0 0 0 0 0 0 0 0 0 0 0 0 0 0 0 0 0 0 0 0 0 0 0 0 0 0 0 0 0 0 0 0 0 0 0 0 0 0 0 0 0 0 0 0 0 0 0 0 0 0 0 0 0 0 0 0 0 0 0 0 0 0 0 0 0 0 0 0 0 0 0 0 0 0 0 0 0 0 0 0 0 0 0 0 0 0 0 0 0 0 0 0 0 0 0 0 0 0 0 0 0 0 0 0 0 0 0 0 0 0 0 0 0 0 0 0 0 0 0 0 0 0 0 0 0 0 0 0 0 0 0 0 0 0 0 0 0 0 0 0 0 0 0 0 0 0 0 0 0 0 0 0 0 0 0 0 0 0 0 0 0 0 0 0 0 0 0 0 0 0 0 0 0 0 0 0 0 0 0 0 0 0 0 0 0 0 0 0 0 0 0 0 0 0 0 0 0 0 0 0 0 0 0 0 0 0 0 0 0 0 0 0 0 0 0 0 0 0 0 0 0 0 0 0 0 0 0 0 0 0 0 0 0 0 0 0 0 0 0 0 0 0 0 0 0 0 0 0 0 0 0 0 0 0 0 0 0 0 0 0 0 0 0 0 0 0 0 0 0 0 0 0 0 0 0 0 0 0 0 0 0 0 0 0 0 0 0 0 0 0 0 0 0 0 0 0 0 0 0 0 0 0 0 0 0 0 0 0 0 0 0 0 0 0 79 0 0 0 79 0 0 0 0 0 0 0 0 0 79 0 0 0 79 0 0 0 0 0 0 0 0 0 0 0 0 2816 2814 0 0 0 0 0 0 0 0 0 0 0 0 0 0 0 0 0 0 0 0 0 0 0 0 0 0 0 0 0 0 0 0 0 0 0 0 0 0 0 0 0 0 0 0 0 0 0 0 0 0 0 0 0 0 0 0 0 0 0 0 0 0 0 0 0 0 0 0 0 0 0 79 0 0 0 79 0 0 0 106 107 108 0 0 0 0 0 0 0 0 0 0 0 0 0 0 0 0 0 0 0 0 0 0 0 0 0 0 0 0 0 0 0 0 0 0 0 0 0 0 0 0 0 0 0 0 0 0 0 0 0 0 0 0 0 0 0 2816 2814 0 0 0 0 0 0 0 0 0 0 0 0 0 0 0 0 0 0 0 0 0 0 0 0 0 0 0 0 0 0 0 0 0 0 0 0 0 0 0 0 0 0 0 0 0 0 0 0 0 0 0 0 0 0 0 0 0 0 0 0 0 0 0 0 0 0 0 0 0 0 0 0 0 0 0 0 0 0 0 0 0 0 0 0 0 0 0 0 0 0 0 0 0 0 0 0 0 0 0 0 0 0 0 0 0 0 0 0 0 0 0 0 0 0 0 0 0 0 0 0 0 0 0 0 0 0 0 0 0 0 0 0 0 0 0 0 0 0 0 0 0 0 0 0 0 0 0 0 0 0 0 0 0 0 0 0 0 0 0 0 0 0 0 0 0 0 0 0 0 0 0 0 0 0 0 0 0 0 0 0 0 0 0 0 0 0 0 0 0 0 0 0 0 0 0 0 0 0 0 0 0 0 0 0 0 0 0 0 0 0 0 0 0 0 0 0 0 0 0 0 0 0 0 0 0 0 0 0 0 0 0 0 0 0 0 0 0 0 0 0 0 0 0 0 0 0 0 0 0 0 0 0 0 0 0 0 0 0 0 0 0 0 0 0 0 0 0 0 0 0 0 0 0 0 0 0 0 0 0 0 0 0 0 0 0 0 0 0 0 0 0 0 0 0 0 0 0 0 0 0 0 0 0 0 0 0 0 0 0 0 0 0 0 0 0 0 0 0 0 0 0 0 0 0 0 0 0 0 0 0 0 0 0 0 0 0 0 0 0 0 0 0 0 0 0 0 0 0 79 0 0 0 79 0 0 0 0 0 0 0 0 0 79 0 0 0 79 0 0 0 0 0 0 0 0 0 0 0 0 0 2816 2814 0 0 0 0 0 0 0 0 0 0 0 0 0 0 0 0 0 0 0 0 0 0 0 0 0 0 0 0 0 0 0 0 0 0 0 0 0 0 0 0 0 0 0 0 0 0 0 0 0 0 0 0 0 0 0 0 0 0 0 0 0 0 0 0 0 0 0 0 0 0 79 0 0 0 79 0 0 0 109 110 111 0 0 0 0 0 0 0 0 0 0 0 0 0 0 0 0 0 0 0 0 0 0 0 0 0 0 0 0 0 0 0 0 0 0 0 0 0 0 0 0 0 0 0 0 0 0 0 0 0 0 0 0 0 0 0 0 2816 2814 0 0 0 0 0 0 0 0 0 0 0 0 0 0 0 0 0 0 0 0 0 0 0 0 0 0 0 0 0 0 0 0 0 0 0 0 0 0 0 0 0 0 0 0 0 0 0 0 0 0 0 0 0 0 0 0 0 0 0 0 0 0 0 0 0 0 0 0 0 0 0 0 0 0 0 0 0 0 0 0 0 0 0 0 0 0 0 0 0 0 0 0 0 0 0 0 0 0 0 0 0 0 0 0 0 0 0 0 0 0 0 0 0 0 0 0 0 0 0 0 0 0 0 0 0 0 0 0 0 0 0 0 0 0 0 0 0 0 0 0 0 0 0 0 0 0 0 0 0 0 0 0 0 0 0 0 0 0 0 0 0 0 0 0 0 0 0 0 0 0 0 0 0 0 0 0 0 0 0 0 0 0 0 0 0 0 0 0 0 0 0 0 0 0 0 0 0 0 0 0 0 0 0 0 0 0 0 0 0 0 0 0 0 0 0 0 0 0 0 0 0 0 0 0 0 0 0 0 0 0 0 0 0 0 0 0 0 0 0 0 0 0 0 0 0 0 0 0 0 0 0 0 0 0 0 0 0 0 0 0 0 0 0 0 0 0 0 0 0 0 0 0 0 0 0 0 0 0 0 0 0 0 0 0 0 0 0 0 0 0 0 0 0 0 0 0 0 0 0 0 0 0 0 0 0 0 0 0 0 0 0 0 0 0 0 0 0 0 0 0 0 0 0 0 0 0 0 0 0 0 0 0 0 0 0 0 0 0 0 0 0 0 0 0 0 0 0 79 0 0 0 79 0 0 0 0 0 0 0 0 0 79 0 0 0 79 0 0 0 0 0 0 0 0 0 0 0 0 0 0 2816 2814 0 0 0 0 0 0 0 0 0 0 0 0 0 0 0 0 0 0 0 0 0 0 0 0 0 0 0 0 0 0 0 0 0 0 0 0 0 0 0 0 0 0 0 0 0 0 0 0 0 0 0 0 0 0 0 0 0 0 0 0 0 0 0 0 0 0 0 0 0 79 0 0 0 79 0 0 0 0 0 0 0 0 0 0 0 0 0 0 0 0 0 0 0 0 0 0 0 0 0 0 0 0 0 0 0 0 0 0 0 0 2384 2385 0 0 0 0 0 0 0 0 0 0 0 0 0 0 0 0 0 0 0 0 0 0 0 0 0 2816 2814 0 0 0 0 0 0 0 0 0 0 0 0 0 0 0 0 0 0 0 0 0 0 0 0 0 0 0 0 0 0 0 0 0 0 0 0 0 0 0 0 0 0 0 0 0 0 0 0 0 0 0 0 0 0 0 0 0 0 0 0 0 0 0 0 0 0 0 0 0 0 0 0 0 0 0 0 0 2813 0 0 0 0 0 0 0 0 0 0 0 0 0 0 0 0 0 0 0 0 0 0 0 0 0 0 0 0 0 0 0 0 0 0 0 0 0 0 0 0 0 0 0 0 0 0 0 0 0 0 0 0 0 0 0 0 0 0 0 0 0 0 0 0 0 0 0 0 0 0 0 0 0 0 0 0 0 0 0 0 0 0 0 0 0 0 0 0 0 0 0 0 0 0 0 0 0 0 0 0 0 2385 2385 2385 2385 0 0 0 0 0 0 0 0 0 0 0 0 0 0 0 0 0 0 0 0 0 0 0 0 0 0 0 0 0 0 0 0 0 0 0 0 0 0 0 0 0 0 0 0 0 0 0 0 0 0 0 0 0 0 0 0 0 0 0 0 0 0 0 0 0 0 0 0 0 0 0 0 0 0 0 0 0 0 0 0 0 0 0 0 0 0 0 0 0 0 0 0 0 0 0 0 0 0 0 0 0 0 0 0 0 0 0 0 0 0 0 0 0 0 0 0 0 0 0 0 0 0 0 0 0 0 0 0 0 0 0 0 0 0 0 0 0 0 0 0 0 0 0 0 0 0 0 0 0 0 0 0 0 0 0 0 0 0 0 0 0 0 0 79 0 0 0 79 0 0 0 0 0 0 0 0 0 79 0 0 0 79 0 0 0 0 0 0 0 0 0 0 0 0 0 0 0 2816 2814 0 0 0 0 0 0 0 0 0 0 0 0 0 0 0 0 0 0 0 0 0 0 0 0 0 0 0 0 0 0 0 0 0 0 0 0 0 0 0 0 0 0 0 0 0 0 0 0 0 0 0 0 0 0 0 0 0 0 0 0 0 0 0 0 0 0 0 0 79 0 0 0 79 0 0 0 0 0 0 0 0 0 0 0 0 0 0 0 0 0 0 0 0 0 0 0 0 0 0 0 0 0 0 0 0 0 0 0 0 0 0 0 0 0 0 0 0 0 0 0 0 0 0 0 0 0 0 0 0 0 0 0 0 0 0 0 0 2816 2814 0 0 0 0 0 0 0 0 0 0 0 0 0 0 0 0 0 0 0 0 0 0 0 0 0 0 0 0 0 0 0 0 0 0 0 0 0 0 0 0 0 0 0 0 0 0 0 0 0 0 0 0 0 0 0 0 0 0 0 0 0 0 0 0 0 0 0 0 0 0 0 0 0 0 0 2813 2815 0 0 0 0 0 0 0 0 0 0 0 0 0 0 0 0 0 0 0 0 0 0 0 0 0 0 0 0 0 0 0 0 0 0 0 0 0 0 0 0 0 0 0 0 0 0 0 0 0 0 0 0 0 0 0 0 0 0 0 0 0 0 0 0 0 0 0 0 0 0 0 0 0 0 0 0 0 0 0 0 0 0 0 0 0 0 0 0 0 0 0 0 0 0 0 0 0 0 0 0 0 0 0 0 0 0 0 0 0 0 0 0 0 0 0 0 0 0 0 0 0 0 0 0 0 0 0 0 0 0 0 0 0 0 0 0 0 0 0 0 0 0 0 0 0 0 0 0 0 0 0 0 0 0 0 0 0 0 0 0 0 0 0 0 0 0 0 0 0 0 0 0 0 0 0 0 0 0 0 0 0 0 0 0 0 0 0 0 0 0 0 0 0 0 0 0 0 0 0 0 0 0 0 0 0 0 0 0 0 0 0 0 0 0 0 0 0 0 0 0 0 0 0 0 0 0 0 0 0 0 0 0 0 0 0 0 0 0 0 0 0 0 0 0 0 0 0 0 0 0 0 0 0 0 0 0 0 0 0 0 0 0 0 0 0 0 0 0 79 0 0 0 79 0 0 0 0 0 0 0 0 0 79 0 0 0 79 0 0 0 0 0 0 0 0 0 0 0 0 0 0 0 0 2816 2814 0 0 0 0 0 0 0 0 0 0 0 0 0 0 0 0 0 0 0 0 0 0 0 0 0 0 0 0 0 0 0 0 0 0 0 0 0 0 0 0 0 0 0 0 0 0 0 0 0 0 0 0 0 0 0 0 0 0 0 0 0 0 0 0 0 0 0 79 0 0 0 79 0 0 0 0 0 0 0 0 0 0 0 0 0 0 0 0 0 0 0 0 0 0 0 0 0 0 0 0 0 0 0 0 0 0 0 0 0 0 0 0 0 0 0 0 0 0 0 0 0 0 0 0 0 0 0 0 0 0 0 0 0 0 0 0 0 2816 2814 0 0 0 0 0 0 0 0 0 0 0 0 0 0 0 0 0 0 0 0 0 0 0 0 0 0 0 0 0 0 0 0 0 0 0 0 0 0 0 0 0 0 0 0 0 0 0 0 0 0 0 0 0 0 0 0 0 0 0 0 0 0 0 0 0 0 0 0 0 0 0 0 0 2813 2815 0 0 0 0 0 0 0 0 0 0 0 0 0 0 0 0 0 0 0 0 0 0 0 0 0 0 0 0 0 0 0 0 0 0 0 0 0 0 0 0 0 0 0 0 0 0 0 0 0 0 0 0 0 0 0 0 0 0 0 0 0 0 0 0 0 0 0 0 0 0 0 0 0 0 0 0 0 0 0 0 0 0 0 0 0 0 0 0 0 0 0 0 0 0 0 0 0 0 0 0 0 0 0 0 0 0 0 0 0 0 0 0 0 0 0 0 0 0 0 0 0 0 0 0 0 0 0 0 0 0 0 0 0 0 0 0 0 0 0 0 0 0 0 0 0 0 0 0 0 0 0 0 0 0 0 0 0 0 0 0 0 0 0 0 0 0 0 0 0 0 0 0 0 0 0 0 0 0 0 0 0 0 0 0 0 0 0 0 0 0 0 0 0 0 0 0 0 0 0 0 0 0 0 0 0 0 0 0 0 0 0 0 0 0 0 0 0 0 0 0 0 0 0 0 0 0 0 0 0 0 0 0 0 0 0 0 0 0 0 0 0 0 0 0 0 0 0 0 0 0 0 0 0 0 0 0 0 0 0 0 0 0 0 0 0 0 0 0 0 0 0 0 0 0 0 0 0 0 0 0 106 107 108 79 0 0 0 79 0 0 0 0 0 0 0 0 0 0 0 0 0 0 0 0 0 2816 2814 0 0 0 0 0 0 0 0 0 0 0 0 0 0 0 0 0 0 0 0 0 0 0 0 0 0 0 0 0 0 0 0 0 0 0 0 0 0 0 0 0 0 0 0 0 0 0 0 0 0 0 0 0 0 0 0 0 0 0 0 0 0 0 0 0 0 79 0 0 0 79 0 0 0 0 0 0 0 0 0 0 0 0 0 0 0 0 0 0 0 0 0 0 0 0 0 0 0 0 0 0 0 0 0 0 0 0 0 0 0 0 0 0 0 0 0 0 0 0 0 0 0 0 0 0 0 0 0 0 0 0 0 0 0 0 0 0 2816 2814 0 0 0 0 0 0 0 0 0 0 0 0 0 0 0 0 0 0 0 0 0 0 0 0 0 0 0 0 0 0 0 0 0 0 0 0 0 0 0 0 0 0 0 0 0 0 0 0 0 0 0 0 0 0 0 0 0 0 0 0 0 0 0 0 0 0 0 0 0 0 0 2813 2815 0 0 0 0 0 0 0 0 0 0 0 0 0 0 0 0 0 0 0 0 0 0 0 0 0 0 0 0 0 0 0 0 0 0 0 0 0 0 0 0 0 0 0 0 0 0 0 0 0 0 0 0 0 0 0 0 0 0 0 0 0 0 0 0 0 0 0 0 0 0 0 0 0 0 0 0 0 0 0 0 0 0 0 0 0 0 0 0 0 0 0 0 0 0 0 0 0 0 0 0 0 0 0 0 0 0 0 0 0 0 0 0 0 0 0 0 0 0 0 106 107 108 0 0 0 0 0 0 0 0 0 0 0 0 0 0 0 0 0 0 0 0 0 0 0 0 0 0 0 106 107 108 0 0 0 0 0 0 0 0 0 0 0 0 0 0 0 0 0 0 0 0 0 0 0 0 0 0 0 0 0 0 0 0 0 0 0 0 0 0 0 0 0 0 0 0 0 0 0 0 0 0 0 0 0 0 0 0 0 0 0 0 0 0 0 0 0 0 0 0 0 0 0 0 0 0 0 0 0 0 0 0 0 0 0 0 0 0 0 0 0 0 0 0 0 0 0 0 0 0 0 0 0 0 0 0 0 0 0 0 0 0 0 0 0 0 0 0 0 0 0 0 0 0 0 0 0 0 0 0 0 109 110 111 79 0 0 0 79 0 0 0 0 0 0 0 0 0 0 0 0 0 0 0 0 0 0 2816 2814 0 0 0 0 0 0 0 0 0 0 0 0 0 0 0 0 0 0 0 0 0 0 0 0 0 0 0 0 0 0 0 0 0 0 0 0 0 0 0 0 0 0 0 0 0 0 0 0 0 0 0 0 0 0 0 0 0 0 0 0 0 0 0 0 0 79 0 0 0 79 0 0 0 0 0 0 0 0 0 0 0 0 0 0 0 0 0 0 0 0 0 0 0 0 0 0 0 0 0 0 0 0 0 0 0 0 0 0 0 0 0 0 0 0 0 0 0 0 0 0 0 0 0 0 0 0 0 0 0 0 0 0 0 0 0 0 0 2816 2814 0 0 0 0 0 0 0 0 0 0 0 0 0 0 0 0 0 0 0 0 0 0 0 0 0 0 0 0 0 0 0 0 0 0 0 0 0 0 0 0 0 0 0 0 0 0 0 0 0 0 0 0 0 0 0 0 0 0 0 0 0 0 0 0 0 0 0 0 0 2813 2815 0 0 0 0 0 0 0 0 0 0 0 0 0 0 0 0 0 0 0 0 0 0 0 0 0 0 0 0 0 0 0 0 0 0 0 0 0 0 0 0 0 0 0 0 0 0 0 0 0 0 0 0 0 0 0 0 0 0 0 0 0 0 0 0 0 0 0 0 0 0 0 0 0 0 0 0 0 0 0 0 0 0 0 0 0 0 0 0 0 0 0 0 0 0 0 0 0 0 0 0 0 0 0 0 0 0 0 0 0 0 0 0 0 0 0 0 0 0 0 0 109 110 111 0 0 0 0 0 0 0 0 0 0 0 0 0 0 0 0 0 0 0 0 0 0 0 0 0 0 0 109 110 111 0 0 0 0 0 0 0 0 0 0 0 0 0 0 0 0 0 0 0 0 0 0 0 0 0 0 0 0 0 0 0 0 0 0 0 0 0 0 0 0 0 0 0 0 0 0 0 0 0 0 0 0 0 0 0 0 0 0 0 0 0 0 0 0 0 0 0 0 0 0 0 0 0 0 0 0 0 0 0 0 0 0 0 0 0 0 0 0 0 0 0 0 0 0 0 0 0 0 0 106 107 108 0 0 0 0 0 0 0 0 0 0 0 0 0 0 0 0 0 0 0 0 0 0 0 0 0 0 0 0 0 0 0 0 0 0 0 0 0 0 0 0 0 0 0 0 0 0 0 0 106 107 108 0 0 0 2816 2814 0 0 0 0 0 0 0 0 0 0 0 0 0 0 0 0 0 0 0 0 0 0 0 0 0 0 0 0 0 0 0 0 0 0 0 0 0 0 0 0 0 0 0 0 0 0 0 0 0 0 0 0 0 0 0 0 0 0 0 0 0 0 0 0 79 0 0 0 79 0 0 0 0 0 0 0 0 0 0 0 0 0 0 0 0 0 0 0 0 0 0 0 0 0 0 0 0 0 0 0 0 0 0 0 0 0 0 0 0 0 0 0 0 0 0 0 0 0 0 0 0 0 0 0 0 0 0 0 0 0 0 0 0 0 0 0 0 2816 2814 0 0 0 0 0 0 0 0 0 0 0 0 0 0 0 0 0 0 0 0 0 0 0 0 0 0 0 0 0 0 0 0 0 0 0 0 0 0 0 0 0 0 0 0 0 0 0 0 0 0 0 0 0 0 0 0 0 0 0 0 0 0 0 0 0 0 0 2813 2815 0 0 0 0 0 0 0 0 0 0 0 0 0 0 0 0 0 0 0 0 0 0 0 0 0 0 0 0 0 0 0 0 0 0 0 0 0 0 0 0 0 0 0 0 0 0 0 0 0 0 0 0 0 0 0 0 0 0 0 0 0 0 0 0 0 0 0 0 0 0 0 0 0 0 0 0 0 0 0 0 0 0 0 0 0 0 0 0 0 0 0 0 0 0 0 0 0 0 0 0 0 0 0 0 0 0 0 0 0 0 0 0 0 0 0 0 0 0 0 0 0 0 0 0 0 0 0 0 0 2385 2385 2385 2385 2385 0 0 0 0 0 0 0 0 0 0 0 0 0 0 0 0 0 0 0 0 0 0 0 0 0 0 0 0 0 0 0 0 0 0 0 0 0 0 0 0 0 0 0 0 0 0 0 0 0 0 0 0 0 0 0 0 0 0 0 0 0 0 0 0 0 0 0 0 0 0 0 0 0 0 0 0 0 0 0 0 0 0 0 0 0 0 0 0 0 0 0 0 0 0 0 0 0 0 0 0 0 0 0 0 0 0 0 0 0 0 0 0 0 0 0 0 0 0 0 109 110 111 0 0 0 0 0 0 0 0 0 0 0 0 0 0 0 0 0 0 0 0 0 0 0 0 0 0 0 0 0 0 0 0 0 0 0 0 0 0 0 0 0 0 0 0 0 0 0 0 109 110 111 0 0 0 0 2816 2814 0 0 0 0 0 0 0 0 0 0 0 0 0 0 0 0 0 0 0 0 0 0 0 0 0 0 0 0 0 0 0 0 0 0 0 0 0 0 0 0 0 0 0 0 0 0 0 0 0 0 0 0 0 0 0 0 0 0 0 0 0 0 0 79 0 0 0 79 0 0 0 0 0 0 0 0 0 0 0 0 0 0 0 0 0 0 0 0 0 0 0 0 0 0 0 0 0 0 0 0 0 0 0 0 0 0 0 0 0 0 0 0 0 0 0 106 107 108 0 0 0 0 0 0 0 0 0 0 0 0 0 0 0 0 0 0 0 2816 2814 0 0 0 0 0 0 0 0 0 0 0 0 0 0 0 0 0 0 0 0 0 0 0 0 0 0 0 0 0 0 0 0 0 0 0 0 0 0 0 0 0 0 0 0 0 0 0 0 0 0 0 0 0 0 0 0 0 0 0 0 0 0 0 0 0 2813 2815 0 0 0 0 0 0 0 0 0 0 0 0 0 0 0 0 0 0 0 0 0 0 0 0 0 0 0 0 0 0 0 0 0 0 0 0 0 0 0 0 0 0 0 0 0 0 0 0 0 106 107 108 0 0 0 0 0 0 0 0 0 0 0 0 0 0 0 0 0 0 0 0 0 0 0 0 0 0 0 0 0 0 0 0 0 0 0 0 0 0 0 0 0 0 0 0 0 0 0 0 0 0 0 0 0 0 0 0 0 0 0 0 0 0 0 0 0 0 0 0 0 0 0 0 0 0 0 0 0 0 0 0 0 0 0 0 0 0 0 0 0 0 0 0 0 0 0 0 0 0 0 0 0 0 0 0 0 0 0 0 0 0 0 0 0 0 0 0 0 0 0 0 0 0 0 0 0 0 0 0 0 0 0 0 0 0 0 0 0 0 0 0 0 0 0 0 0 0 0 0 0 0 0 0 0 0 0 0 0 0 0 0 0 0 0 0 0 0 0 0 0 0 0 0 0 0 0 0 0 0 0 0 0 0 0 0 0 0 0 0 0 0 0 0 0 0 0 0 0 0 0 0 0 0 0 0 0 0 0 0 0 0 0 0 0 0 0 0 0 0 0 0 0 0 0 0 0 0 0 0 0 0 0 0 0 0 0 0 0 0 0 0 0 0 0 0 0 0 0 0 0 0 0 0 0 0 0 0 0 0 0 0 0 0 0 0 0 0 0 0 0 0 0 0 0 0 0 0 0 0 0 0 0 0 0 0 0 0 0 0 0 0 0 0 0 0 0 0 0 0 0 0 0 0 0 0 0 0 0 0 0 0 0 0 0 0 0 0 0 0 0 0 0 0 0 0 0 79 0 0 0 79 0 0 0 0 0 0 0 0 0 0 0 0 0 0 0 0 0 0 0 0 0 0 0 0 0 0 0 0 0 0 0 0 0 0 0 0 0 0 0 0 0 0 0 0 0 0 0 109 110 111 0 0 0 0 0 0 0 0 0 0 0 0 0 0 0 0 0 0 0 0 2816 2814 0 0 0 0 0 0 0 0 0 0 0 0 0 0 0 0 0 0 0 0 0 0 0 0 0 0 0 0 0 0 0 0 0 0 0 0 0 0 0 0 0 0 0 0 0 0 0 0 0 0 0 0 0 0 0 0 0 0 0 0 0 0 0 2813 2815 0 0 0 0 0 0 0 0 0 0 0 0 0 0 0 0 0 0 0 0 0 0 0 0 0 0 0 0 0 0 0 0 0 0 0 0 0 0 0 0 0 0 0 0 0 0 0 0 0 0 109 110 111 0 0 0 0 0 0 0 0 0 0 0 0 0 0 0 0 0 0 0 0 0 0 0 0 0 0 0 0 0 0 0 0 0 0 0 0 0 0 0 0 0 0 0 0 0 0 0 0 0 0 0 0 0 0 0 0 0 0 0 0 0 0 0 0 0 0 0 0 0 0 0 0 0 0 0 0 0 0 0 0 0 0 0 0 0 0 0 0 0 0 0 0 0 0 0 0 0 0 0 0 0 0 0 0 0 0 0 0 0 0 0 0 0 0 0 0 0 0 0 0 0 0 0 0 0 0 0 0 0 0 0 0 0 0 0 0 0 0 0 0 0 0 0 0 0 0 0 0 0 0 0 0 0 0 0 0 0 0 0 0 0 0 0 0 0 0 0 0 0 0 0 0 0 0 0 0 0 0 0 0 0 0 0 0 0 0 0 0 0 0 0 0 0 0 0 0 0 0 0 0 0 0 0 0 0 0 0 0 0 0 0 0 0 0 0 0 0 0 0 0 0 0 0 0 0 0 0 0 0 0 0 0 0 0 0 0 0 0 0 0 0 0 0 0 0 0 0 0 0 0 0 0 0 0 0 0 0 0 0 0 0 0 0 0 0 0 0 0 0 0 0 0 0 0 0 0 0 0 0 0 0 0 0 0 0 0 0 0 0 0 0 0 0 0 0 0 0 0 0 0 0 0 0 0 0 0 0 0 0 0 0 0 0 0 0 0 0 0 0 0 0 0 0 0 0 79 0 0 0 79 0 0 0 0 0 0 0 0 0 0 0 0 0 0 0 0 0 0 0 0 0 0 0 0 0 0 0 0 0 0 0 0 0 0 0 0 0 0 0 0 0 0 0 0 0 0 0 0 0 0 0 0 0 0 0 0 0 0 0 0 0 0 0 0 0 0 0 0 0 0 0 2816 2814 0 0 0 0 0 0 0 0 0 0 0 0 0 0 0 0 0 0 0 0 0 0 0 0 0 0 0 0 0 0 0 0 0 0 0 0 0 0 0 0 0 0 0 0 0 0 0 0 0 0 0 0 0 0 0 0 0 0 0 0 0 2813 2815 0 0 0 0 0 0 0 0 0 0 0 0 0 0 0 0 0 106 107 108 0 0 0 0 0 0 0 0 0 0 0 0 0 0 0 0 0 0 0 0 0 0 0 0 0 0 0 0 0 0 0 0 0 0 0 0 0 0 0 0 0 0 0 0 0 0 0 0 0 0 0 0 0 0 0 0 0 0 0 0 0 0 0 0 0 0 0 0 0 0 0 0 0 0 0 0 0 0 0 0 0 0 0 0 0 0 0 0 0 0 0 0 0 0 0 0 0 0 0 0 0 0 0 0 0 0 0 0 0 0 0 0 0 0 0 0 0 0 0 0 0 0 0 0 0 0 0 0 0 0 0 0 0 0 0 0 0 0 0 0 0 0 0 0 0 0 0 0 0 0 0 0 0 0 0 0 0 0 0 0 0 0 0 0 0 0 0 0 0 0 0 0 0 0 0 0 0 0 0 0 0 0 0 0 0 0 0 0 106 107 108 0 0 0 0 0 0 0 0 0 0 0 0 0 0 0 0 0 106 107 108 0 0 0 0 0 0 0 0 0 0 0 0 0 0 0 0 0 0 0 0 0 0 0 0 0 0 0 0 0 0 0 0 0 0 0 0 0 0 0 0 0 0 0 0 0 0 0 0 0 0 0 0 0 0 0 0 0 0 0 0 0 0 0 0 0 0 0 0 0 0 0 0 0 0 0 0 0 0 0 0 0 0 0 0 0 0 0 0 0 0 0 0 0 0 0 0 0 0 0 0 0 0 0 0 0 0 0 0 0 0 0 0 0 0 0 0 0 0 0 0 0 0 0 0 0 0 0 0 0 0 0 0 0 0 0 0 0 0 0 0 0 0 0 0 0 0 0 0 79 0 0 0 79 0 0 0 0 0 0 0 0 0 0 0 0 0 0 0 0 0 0 0 0 0 0 0 0 0 0 0 0 0 0 0 0 0 0 0 0 0 0 0 0 0 0 0 0 0 0 0 0 0 0 0 0 0 0 0 0 0 0 0 0 0 0 0 0 0 0 0 0 0 0 0 0 2816 2814 0 0 0 0 0 0 0 0 0 0 0 0 0 0 0 0 0 0 0 0 0 0 0 0 0 0 0 0 0 0 0 0 0 0 0 0 0 0 0 0 0 0 0 0 0 0 0 0 0 0 0 0 0 0 0 0 0 0 0 2813 2815 0 0 0 0 0 0 0 0 0 0 0 0 0 0 0 0 0 0 109 110 111 0 0 0 0 0 0 0 0 0 0 0 0 0 0 0 0 0 0 0 0 0 0 0 0 0 0 0 0 0 0 0 0 0 0 0 0 0 0 0 0 0 0 0 0 0 0 0 0 0 0 0 0 0 0 0 0 0 0 0 0 0 0 0 0 0 0 0 0 0 0 0 0 0 0 0 0 0 0 0 0 0 0 0 0 0 0 0 0 0 0 0 0 0 0 0 0 0 0 0 0 0 0 0 0 0 0 0 0 0 0 0 0 0 0 0 0 0 0 0 0 0 0 0 0 0 0 0 0 0 0 0 0 0 0 0 0 0 0 0 0 0 0 0 0 0 0 0 0 0 0 0 0 0 0 0 0 0 0 0 0 0 0 0 0 0 0 0 0 0 0 0 0 0 0 0 0 0 0 0 0 0 0 0 0 0 0 0 0 109 110 111 0 0 0 0 0 0 0 0 0 0 0 0 0 0 0 0 0 109 110 111 0 0 0 0 0 0 0 0 0 0 0 0 0 0 0 0 0 0 0 0 0 0 0 0 0 0 0 0 0 0 0 0 0 0 0 0 0 0 0 0 0 0 0 0 0 0 0 0 0 0 0 0 0 0 0 0 0 0 0 0 0 0 0 0 0 0 0 0 0 0 0 0 0 0 0 0 0 0 0 0 0 0 0 0 0 0 0 0 0 0 0 0 0 0 0 0 0 0 0 0 0 0 0 0 0 0 0 0 0 0 0 0 0 0 0 0 0 0 0 0 0 0 0 0 0 0 0 0 0 0 0 0 0 0 0 0 0 0 0 0 0 0 0 0 0 0 0 0 79 0 0 0 79 0 0 0 0 0 0 0 0 0 0 0 0 0 0 0 0 0 0 0 0 0 0 0 0 0 0 0 0 0 0 0 0 0 0 0 0 0 0 0 0 0 0 0 0 0 0 0 0 0 0 0 0 0 0 0 0 0 0 0 0 0 0 0 0 0 0 0 0 0 106 107 108 0 2816 2814 0 0 0 0 0 0 0 0 0 0 0 0 0 0 0 0 0 0 0 0 0 0 0 0 0 0 0 0 0 0 0 0 0 0 0 0 0 0 0 0 0 0 0 0 0 0 0 0 0 0 0 0 0 106 107 108 0 2813 2815 0 0 0 0 0 0 0 0 0 0 0 0 0 0 0 0 0 0 0 0 0 0 0 0 0 0 0 0 0 0 0 0 0 0 0 0 0 0 0 0 0 0 0 0 0 0 0 0 0 0 0 0 0 0 0 0 0 0 0 0 0 0 0 0 0 0 0 0 0 0 0 0 0 0 0 0 0 0 0 0 0 0 0 0 0 0 0 0 0 0 0 0 0 0 0 0 0 0 0 0 0 0 0 0 0 0 0 0 0 0 0 0 0 0 0 0 0 0 0 0 0 0 0 0 0 0 0 0 0 0 0 0 0 0 0 0 0 0 0 0 0 0 0 0 0 0 0 0 0 0 0 0 0 0 0 0 0 0 0 0 0 0 0 0 0 0 0 0 0 0 0 0 0 0 0 0 0 0 0 0 0 0 0 0 0 0 0 0 0 0 0 0 0 0 0 0 0 0 0 0 0 0 0 0 0 0 0 0 0 0 0 0 0 0 0 0 0 0 0 0 0 0 0 0 0 0 0 0 0 0 0 0 0 0 0 0 0 0 0 0 0 0 0 0 0 0 0 0 0 0 0 0 0 0 0 0 0 0 0 0 0 0 0 0 0 0 0 0 0 0 0 0 0 0 0 0 0 0 0 0 0 0 0 0 0 0 0 0 0 0 0 0 0 0 0 0 0 0 0 0 0 0 0 0 0 0 0 0 0 0 0 0 0 0 0 0 0 0 0 0 0 0 0 0 0 0 0 0 0 0 0 0 0 0 0 0 0 0 0 0 0 0 0 0 0 0 0 0 0 0 0 0 0 0 0 0 0 0 0 0 0 0 0 0 0 0 0 0 0 0 0 0 0 0 0 0 0 0 0 0 0 79 0 0 0 79 0 0 0 0 0 0 0 0 0 0 0 0 0 0 0 0 0 0 0 0 0 0 0 0 0 0 0 0 0 0 0 0 0 0 0 0 0 0 0 0 0 0 0 0 0 0 0 0 0 0 0 0 0 0 0 0 0 0 0 0 0 0 0 0 0 0 0 0 0 109 110 111 0 0 2816 2814 0 0 0 0 0 0 0 0 0 0 0 0 0 0 0 0 0 0 0 0 0 0 0 0 0 0 0 0 0 0 0 0 0 0 0 0 0 0 0 0 0 0 0 0 0 0 0 0 0 0 0 0 109 110 111 2813 2815 0 0 0 0 0 0 0 0 0 0 0 0 0 0 0 0 0 0 0 0 0 0 0 0 0 0 0 0 0 0 0 0 0 0 0 0 0 0 0 0 0 0 0 0 0 0 0 0 0 0 0 0 0 0 0 0 0 0 0 0 0 0 0 0 0 0 0 0 0 0 0 0 0 0 0 0 0 0 0 0 0 0 0 0 0 0 0 106 107 108 0 0 0 0 0 0 0 0 0 0 0 0 0 0 0 0 0 0 0 0 0 0 0 0 0 1628 1629 0 0 0 0 0 0 0 0 0 0 0 0 0 0 0 0 0 0 0 0 0 0 0 0 0 0 0 0 0 0 0 0 0 0 0 0 0 0 0 0 0 0 0 0 0 0 0 0 0 0 0 0 0 0 0 0 0 0 0 0 0 0 0 0 0 0 0 0 0 0 0 0 0 0 0 0 0 0 0 0 0 0 0 0 0 0 0 0 0 0 0 0 0 0 0 0 0 0 0 0 0 0 0 0 0 0 0 0 0 0 0 0 0 0 0 0 0 0 0 0 0 0 0 0 0 0 0 0 0 0 0 0 0 0 0 0 0 0 0 0 0 0 0 0 0 0 0 0 0 0 0 0 0 0 0 0 0 0 0 0 0 0 0 0 0 0 0 0 0 0 0 0 0 0 0 0 0 0 0 0 0 0 0 0 0 0 0 0 0 0 0 0 0 0 0 0 0 0 0 0 0 0 0 0 0 0 0 0 0 0 0 0 0 0 0 0 0 0 0 0 0 0 0 0 0 0 0 0 0 0 0 0 0 0 0 0 0 0 0 0 0 0 0 0 0 0 0 0 0 0 0 0 0 0 0 0 0 0 0 0 0 0 0 0 0 79 0 0 0 79 0 0 0 0 0 0 0 0 0 0 0 0 0 0 0 0 0 0 0 0 0 0 0 0 0 0 0 0 0 0 0 0 0 0 0 0 0 0 0 0 0 0 0 0 0 0 0 0 0 0 0 0 0 0 0 0 0 0 0 0 0 0 0 0 0 0 0 0 0 0 0 0 0 0 0 0 0 0 0 0 0 0 0 0 0 1719 1719 1719 1719 1719 1719 1719 1719 1719 1719 1719 1719 1719 1719 1719 1718 0 0 0 0 0 1720 1719 1719 1719 1719 1719 1719 1719 1719 1719 1719 1719 1719 1719 1719 1719 0 0 0 0 0 0 0 0 0 0 0 0 0 0 0 0 0 0 0 0 0 0 0 0 0 0 0 0 0 0 0 0 0 0 0 0 0 0 0 0 0 0 0 0 0 0 0 0 0 0 0 0 0 0 0 0 0 0 0 0 0 0 0 0 0 0 0 0 0 0 0 0 0 0 0 0 0 0 0 0 0 0 0 0 0 0 0 0 0 0 0 0 0 0 0 0 0 0 109 110 111 0 0 0 0 0 0 0 0 0 0 0 0 0 0 0 0 0 0 0 0 0 0 0 0 0 1630 1631 0 0 0 0 0 0 0 0 0 0 0 0 0 0 0 0 0 0 0 0 0 0 0 0 0 0 0 0 0 0 0 0 0 0 0 0 0 0 0 0 0 0 0 0 0 0 0 0 0 0 0 0 0 0 0 0 0 0 0 0 0 0 0 0 0 0 0 0 0 0 0 0 0 0 0 0 0 0 0 0 0 0 0 0 0 0 0 0 0 0 0 0 0 0 0 0 0 0 0 0 0 0 0 0 0 0 0 0 0 0 0 0 0 0 0 0 0 0 0 0 0 0 0 0 0 0 0 0 0 0 0 0 0 0 0 0 0 0 0 0 0 0 0 0 0 0 0 0 0 0 0 0 0 0 0 0 0 0 0 0 0 0 0 0 0 0 0 0 0 0 0 0 0 0 0 0 0 0 0 0 0 0 0 0 0 0 0 0 0 0 0 0 0 0 0 2949 0 0 2949 0 0 0 0 0 0 0 0 0 0 0 0 0 0 0 0 0 0 0 106 107 108 0 0 0 0 0 0 0 0 0 0 0 0 0 0 0 0 0 0 0 0 0 0 0 0 0 0 0 0 0 0 0 0 0 0 0 0 0 0 0 0 0 0 0 0 79 0 0 0 79 0 0 0 0 0 0 0 0 0 0 0 0 0 0 0 0 0 0 0 0 0 0 0 0 0 0 0 0 0 0 0 0 0 0 0 0 0 0 0 0 0 0 0 0 0 0 0 0 0 0 0 0 0 0 0 0 0 0 0 0 0 0 0 0 0 0 0 0 0 0 0 0 0 0 0 0 0 0 0 0 0 0 0 0 0 0 0 0 0 0 0 0 0 0 0 0 0 0 0 0 0 0 0 0 0 0 0 0 0 0 0 0 0 0 0 0 0 0 0 0 0 0 0 0 0 0 0 0 0 0 0 0 0 0 0 0 0 0 0 0 0 0 0 0 0 0 0 0 0 0 0 0 0 0 0 0 0 0 0 0 0 0 0 0 0 0 0 0 0 0 0 0 0 0 0 0 0 0 0 0 0 0 0 0 0 0 0 0 0 0 0 0 0 0 0 0 0 0 0 0 0 0 0 0 0 0 0 0 0 0 0 0 0 0 0 0 0 0 0 0 0 0 0 0 0 0 0 0 0 0 0 0 0 0 0 0 0 0 0 0 0 0 0 0 0 0 0 0 0 0 0 0 0 0 0 0 0 0 0 0 0 0 0 0 0 0 0 0 0 0 0 0 0 0 0 0 0 0 0 0 0 0 0 0 0 0 0 0 0 0 0 0 0 0 0 0 0 0 0 0 0 0 0 0 0 0 0 0 0 0 0 0 0 0 0 0 0 0 0 0 0 0 0 0 0 0 0 0 0 0 0 0 0 0 0 0 0 0 0 0 0 0 0 0 0 0 0 0 0 0 0 0 0 0 0 0 0 0 0 0 0 0 0 0 0 0 0 0 0 0 0 0 0 0 0 0 0 0 0 0 0 0 0 0 0 0 0 0 0 0 0 0 0 0 0 0 0 0 0 0 0 0 0 0 0 0 0 0 0 0 0 0 0 0 0 0 0 0 0 0 0 0 0 0 0 0 0 0 0 0 0 0 0 0 0 0 0 0 0 0 0 0 0 0 0 0 0 0 0 0 0 0 0 0 0 0 0 0 0 0 0 0 0 0 0 0 0 0 109 110 111 0 0 0 0 0 0 0 0 0 0 0 0 0 0 0 0 0 0 0 0 0 0 0 0 0 0 0 0 0 0 0 0 0 0 0 0 0 0 0 0 0 0 0 0 79 0 0 0 79 0 0 0 0 0 0 0 0 0 0 0 0 0 0 0 0 0 0 0 0 0 0 0 0 0 0 0 0 0 0 0 0 0 0 0 0 0 0 0 0 0 0 0 0 0 0 0 0 0 0 0 0 0 0 0 0 0 0 0 0 0 0 0 0 0 0 0 0 0 0 0 0 0 0 0 0 0 0 0 0 0 0 0 0 0 0 0 0 0 0 0 0 0 0 0 0 0 0 0 0 0 0 0 0 0 0 0 0 0 0 0 0 0 0 0 0 0 0 0 0 0 0 0 0 0 0 0 0 0 0 0 0 0 0 0 0 0 0 0 0 0 0 0 0 0 0 0 0 0 0 0 0 0 0 0 0 0 0 0 0 0 0 0 0 0 0 0 0 0 0 0 0 0 0 0 0 0 0 0 0 0 0 0 0 0 0 0 0 0 0 0 0 0 0 0 0 0 0 0 0 0 0 0 0 0 0 0 0 0 0 0 0 0 0 0 0 0 0 0 0 0 0 0 0 0 0 0 0 0 0 0 0 0 0 0 0 0 0 0 0 0 0 0 0 0 0 0 0 0 0 0 0 0 0 0 0 0 0 0 0 0 0 0 0 0 0 0 0 0 0 0 0 0 0 0 0 0 0 0 0 0 0 0 0 0 0 0 0 0 0 0 0 0 0 0 0 0 0 0 0 0 0 0 0 0 0 0 0 0 0 0 0 0 0 0 0 0 0 0 0 0 0 0 0 0 0 0 0 0 0 0 0 0 0 0 0 0 0 0 0 0 0 0 0 0 0 0 0 0 0 0 0 0 0 0 0 0 0 0 0 0 0 0 0 0 0 0 0 0 0 0 0 0 0 0 0 0 0 0 0 0 0 0 0 0 0 0 0 0 0 0 0 0 0 0 0 0 0 0 0 0 0 0 0 0 0 0 0 0 0 0 0 0 0 0 0 0 0 0 0 0 0 0 0 0 0 0 0 0 0 0 0 0 0 0 0 0 0 0 0 0 0 0 0 0 0 0 0 0 0 0 0 0 0 0 0 0 0 0 0 0 0 0 0 0 0 0 0 0 0 0 0 0 0 0 0 0 0 0 0 0 0 0 0 0 0 0 0 0 0 0 0 0 0 0 0 0 0 106 107 108 0 0 0 0 0 0 0 0 0 0 0 0 0 0 0 0 0 0 0 0 0 0 0 0 0 0 0 0 0 0 0 0 0 0 0 0 0 0 0 0 0 0 0 0 0 0 0 0 0 0 0 0 0 0 0 0 0 0 0 0 0 0 0 0 0 0 0 0 0 0 0 0 0 0 0 0 0 0 0 0 0 0 0 0 0 0 0 0 0 0 0 0 0 0 0 0 0 0 0 0 0 0 0 0 0 0 0 0 0 0 0 0 0 0 0 0 0 0 0 0 0 0 0 0 0 0 0 0 0 0 0 0 0 0 0 0 0 0 0 0 0 0 0 0 0 0 0 0 0 0 0 0 0 0 0 0 0 0 0 0 0 0 0 0 0 0 0 0 0 0 0 0 0 0 0 0 0 0 0 0 0 0 0 0 0 0 0 0 0 0 0 0 0 0 0 0 0 0 0 0 0 0 0 0 0 0 0 0 0 0 0 0 0 0 0 0 0 0 0 0 0 0 0 0 0 0 0 0 0 0 0 0 0 0 0 0 0 0 0 0 0 0 0 0 0 0 0 0 0 0 0 0 0 0 0 0 0 0 0 0 0 0 0 0 0 0 0 0 0 0 0 0 0 0 0 0 0 0 0 0 0 0 0 0 0 0 0 0 0 0 0 0 0 0 0 0 0 0 0 0 0 0 0 0 0 0 0 0 0 0 0 0 0 0 0 0 0 0 0 0 0 0 0 0 0 0 0 0 0 0 0 0 0 0 0 0 0 0 0 0 0 0 0 0 0 0 0 0 0 0 0 0 0 0 0 0 0 0 0 0 0 0 0 0 0 0 0 0 0 0 0 0 0 0 0 0 0 0 0 0 0 0 0 0 0 0 0 0 0 0 0 0 0 0 0 0 0 0 0 0 0 0 0 0 0 0 0 0 0 0 0 0 0 0 0 0 0 0 0 0 0 0 0 0 0 0 0 0 0 0 0 0 0 0 0 0 0 0 0 0 0 0 0 0 0 0 0 0 0 0 0 0 0 0 0 0 0 0 0 0 0 0 0 0 0 0 0 0 0 0 0 0 0 0 0 0 0 0 0 0 0 0 0 0 0 0 0 0 0 0 0 0 0 0 0 0 0 0 0 0 0 0 0 0 0 0 0 0 0 0 0 0 0 0 0 0 0 109 110 111 0 0 0 0 0 0 0 0 0 0 0 0 0 0 0 0 0 0 0 0 0 0 0 0 0 0 0 0 0 0 0 0 0 0 0 0 0 0 0 0 0 0 0 0 0 0 0 0 0 0 0 0 0 0 0 0 0 0 0 0 0 0 0 0 0 0 0 0 0 0 0 0 0 0 0 0 0 0 0 0 0 0 0 0 0 0 0 0 0 0 0 0 0 0 0 0 0 0 0 0 0 0 0 0 0 0 0 0 0 0 0 0 0 0 0 0 0 0 0 0 0 0 0 0 0 0 0 0 0 0 0 0 0 0 0 0 0 0 0 0 0 0 0 0 0 0 0 0 0 0 0 0 0 0 0 0 0 0 0 0 0 0 0 0 0 0 0 0 0 0 0 0 0 0 0 0 0 0 0 0 0 0 0 0 0 0 0 0 0 0 0 0 0 0 0 0 0 0 0 0 0 0 0 0 0 0 0 0 0 0 0 0 0 0 0 0 0 0 0 0 0 0 0 0 0 0 0 0 0 0 0 0 0 0 0 0 0 0 0 0 0 0 0 0 0 0 0 0 0 0 0 0 0 0 0 0 0 0 0 0 0 0 0 0 0 0 0 0 0 0 0 0 0 0 0 0 0 0 0 0 0 0 0 0 0 0 0 0 0 0 0 0 0 0 0 0 0 0 0 0 0 0 0 0 0 0 0 0 0 0 0 0 0 0 0 0 0 0 0 0 0 0 0 0 0 0 0 0 0 0 0 0 0 0 0 0 0 0 0 0 0 0 0 0 0 0 0 0 0 0 0 0 0 0 0 0 0 0 0 0 0 0 0 0 0 0 0 0 0 0 0 0 0 0 0 0 0 0 0 0 0 0 0 0 0 0 0 0 0 0 0 0 0 0 0 0 0 0 0 0 0 0 0 0 0 0 0 0 0 0 0 0 0 0 0 0 0 0 0 0 0 0 0 0 0 0 0 0 0 0 0 0 0 0 0 0 0 0 0 0 0 0 0 0 0 0 0 0 0 0 0 0 0 0 0 0 0 0 0 0 0 0 0 0 0 0 0 0 0 0 0 0 0 0 0 0 0 0 0 0 0 0 0 0 0 0 0 0 0 0 0 0 0 0 0 0 0 0 0 0 0 0 0 0 0 0 0 0 0 0 0 0 0 0 0 0 0 0 0 0 0 0 0 0 0 0 0 0 0 0 0 0 0 0 0 0 0 0 0 0 0 0 0 0 0 0 0 0 0 0 0 0 0 0 0 0 0 0 0 0 0 0 0 0 0 0 0 0 0 0 0 0 0 0 0 0 0 0 0 0 0 0 0 0 0 0 0 0 0 0 0 0 0 0 0 0 0 0 0 0 0 0 0 0 0 0 0 0 0 0 0 0 0 0 0 0 0 0 0 0 0 0 0 0 0 0 0 0 0 0 0 0 0 0 0 0 0 0 0 0 0 0 0 0 0 0 0 0 0 0 0 0 0 0 0 0 0 0 0 0 0 0 0 0 0 0 0 0 0 0 0 0 0 0 0 0 0 0 0 0 0 0 0 0 0 0 0 0 0 0 0 0 0 0 0 0 0 0 0 0 0 0 0 0 0 0 0 0 0 0 0 0 0 0 0 0 0 0 0 0 0 0 0 0 0 0 0 0 0 0 0 0 0 0 0 0 0 0 0 0 0 0 0 0 0 0 0 0 0 0 0 0 0 0 0 0 0 0 0 0 0 0 0 0 0 0 0 0 0 0 0 0 0 0 0 0 0 0 0 0 0 0 0 0 0 0 0 0 0 0 0 0 0 0 0 0 0 0 0 0 0 0 0 0 0 0 0 0 0 0 0 0 0 0 0 0 0 0 0 0 0 0 0 0 0 0 0 0 0 0 0 0 0 0 0 0 0 0 0 0 0 0 0 0 0 0 0 0 0 0 0 0 0 0 0 0 0 0 0 0 0 0 0 0 0 0 0 0 0 0 0 0 0 0 0 0 0 0 0 0 0 0 0 0 0 0 0 0 0 0 0 0 0 0 0 0 0 0 0 0 0 0 0 0 0 0 0 0 0 0 0 0 0 0 0 0 0 0 0 0 0 0 0 0 0 0 0 0 0 0 0 0 0 0 0 0 0 0 0 0 0 0 0 0 0 0 0 0 0 0 0 0 0 0 0 0 0 0 0 0 0 0 0 0 0 0 0 0 0 0 0 0 0 0 0 0 0 0 0 0 0 0 0 0 0 0 0 0 0 0 0 0 0 0 0 0 0 0 0 0 0 0 0 0 0 0 0 0 0 0 0 0 0 0 0 0 0 0 0 0 0 0 0 0 0 0 0 0 0 0 0 0 0 0 0 0 0 0 0 0 0 0 0 0 0 0 0 0 0 0 0 0 0 0 0 0 0 0 0 0 0 0 0 0 0 0 0 0 0 0 0 0 0 0 0 0 0 0 0 0 0 0 0 0 0 106 107 108 0 0 0 0 0 0 0 0 0 0 0 0 0 0 0 0 0 0 0 0 0 1628 1629 0 0 0 0 0 0 0 0 0 0 0 0 0 0 0 0 0 0 0 0 0 0 0 0 0 0 0 0 0 0 0 0 0 0 0 0 0 0 0 0 0 0 0 0 0 0 0 0 0 0 0 0 0 0 0 0 0 0 0 0 0 0 0 0 0 0 0 0 0 0 0 0 0 0 0 0 0 0 0 0 0 0 0 0 0 0 0 0 0 0 0 0 0 0 0 0 0 0 0 0 0 0 0 0 0 0 0 0 0 0 0 0 0 0 0 0 0 0 0 0 0 0 0 0 0 0 0 0 0 0 0 0 0 0 0 0 0 0 0 0 0 0 0 0 0 0 0 0 0 0 0 0 0 0 0 0 0 0 0 0 0 0 0 0 0 0 0 0 0 0 0 0 0 0 0 0 0 0 0 0 0 0 0 0 0 0 0 0 0 0 0 0 0 0 0 0 0 0 0 0 0 0 0 0 0 0 0 0 0 0 0 0 0 0 0 0 0 0 0 0 0 0 0 0 0 0 0 0 0 0 0 0 0 0 0 0 0 0 0 0 0 0 0 0 0 0 0 0 0 0 0 0 0 0 0 0 0 0 0 0 0 0 0 0 0 0 0 0 0 0 0 0 0 0 0 0 0 0 0 0 0 0 0 0 0 0 0 0 0 0 0 0 0 0 0 0 0 0 0 0 0 0 0 0 0 0 0 0 0 0 0 0 0 0 0 0 0 0 0 0 0 0 0 0 0 0 0 0 0 0 0 0 0 0 0 0 0 0 0 0 0 0 0 0 0 0 0 0 0 0 0 0 0 0 0 0 0 0 0 0 0 0 0 0 0 0 0 0 0 0 0 0 0 0 0 0 0 0 0 0 0 0 0 0 0 0 0 0 0 0 0 0 0 0 0 0 0 0 0 0 0 0 0 0 0 0 0 0 0 0 0 0 0 0 0 0 0 0 0 0 0 0 0 0 0 0 0 0 0 0 0 0 0 0 0 0 0 0 0 0 0 0 0 0 0 0 0 0 0 0 0 0 0 0 0 0 0 0 0 0 0 0 0 0 0 0 0 0 0 0 0 0 0 2386 0 0 0 0 0 106 107 108 0 0 0 0 0 0 0 0 0 0 0 0 109 110 111 0 0 0 0 0 0 0 0 0 0 0 0 0 0 0 0 0 0 0 0 0 1630 1631 0 0 0 0 0 0 0 0 0 0 0 0 0 0 0 0 0 0 0 0 0 0 0 0 0 0 0 0 0 0 0 0 0 0 0 0 0 0 0 0 0 0 0 0 0 0 0 0 0 0 0 0 0 0 0 0 0 0 0 0 0 0 0 0 0 0 0 0 0 0 0 0 0 0 0 0 0 0 0 0 0 0 0 0 0 0 0 0 0 0 0 0 0 0 0 0 0 0 0 0 0 0 0 0 0 0 0 0 0 0 0 0 0 0 0 0 0 0 0 0 0 0 0 0 0 0 0 0 0 0 0 0 0 0 0 0 0 0 0 0 0 0 0 0 0 0 0 0 0 0 0 0 0 0 0 0 0 0 0 0 0 0 0 0 0 0 0 0 0 0 0 0 0 0 0 0 0 0 0 0 0 0 0 0 0 0 0 0 0 0 0 0 0 0 0 0 0 0 0 0 0 0 0 0 0 0 0 0 0 0 0 0 0 0 0 0 0 0 0 0 0 0 0 0 0 0 0 0 0 0 0 0 0 0 0 0 0 0 0 0 0 0 0 0 0 0 0 0 0 0 0 0 0 0 0 0 0 0 0 0 0 0 0 0 0 0 0 0 0 0 0 0 0 0 0 0 0 0 0 0 0 0 0 0 0 0 0 0 0 0 0 0 0 0 0 0 0 0 0 0 0 0 0 0 0 0 0 0 0 0 0 0 0 0 0 0 0 0 0 0 0 0 0 0 0 0 0 0 0 0 0 0 0 0 0 0 0 0 0 0 0 0 0 0 0 0 0 0 0 0 0 0 0 0 0 0 0 0 0 0 0 0 0 0 0 0 0 0 0 0 0 0 0 0 0 0 0 0 0 0 0 0 0 0 0 0 0 0 0 0 0 0 0 0 0 0 0 0 0 0 0 0 0 0 0 0 0 0 0 0 0 0 0 0 0 0 0 0 0 0 0 0 0 0 0 0 0 0 0 0 0 0 0 0 0 0 0 0 0 0 0 0 0 0 0 0 0 0 0 0 0 0 0 0 0 0 0 0 0 0 0 0 0 0 0 0 0 0 0 0 0 0 0 0 2385 2385 0 0 0 109 110 111 0 0 0 0 0 0 0 0 0 0 0 0 0 0 0 0 0 0 0 0 0 0 0 0 0 0 0 0 0 0 0 0 0 0 0 0 0 0 0 0 0 0 0 0 0 0 0 0 0 0 0 0 0 0 0 0 0 0 0 0 0 0 0 0 0 0 0 0 0 0 0 0 0 0 0 0 0 0 0 0 0 0 0 0 0 0 0 0 0 0 0 0 0 0 0 0 0 0 0 0 0 0 0 0 0 0 0 0 0 0 0 0 0 0 0 0 0 0 0 0 0 0 0 0 0 0 0 0 0 0 0 0 0 0 0 0 0 0 0 0 0 0 0 0 0 0 0 0 0 0 0 0 0 0 0 0 0 0 0 0 0 0 0 0 0 0 0 0 0 0 0 0 0 0 0 0 0 0 0 0 0 0 0 0 0 0 0 0 0 0 0 0 0 0 0 0 0 0 0 0 0 0 0 0 0 0 0 0 0 0 0 0 0 0 0 0 0 0 0 0 0 0 0 0 0 0 0 0 0 0 0 0 0 0 0 0 0 0 0 0 0 0 0 0 0 0 0 0 0 0 0 0 0 0 0 0 0 0 0 0 0 0 0 0 0 0 0 0 0 0 0 0 0 0 0 0 0 0 0 0 0 0 0 0 0 0 0 0 0 0 0 0 0 0 0 0 0 0 0 0 0 0 0 0 0 0 0 0 0 0 0 0 0 0 0 0 0 0 0 0 0 0 0 0 0 0 0 0 0 0 0 0 0 0 0 0 0 0 0 0 0 0 0 0 0 0 0 0 0 0 0 0 0 0 0 0 0 0 0 0 0 0 0 0 0 0 0 0 0 0 0 0 0 0 0 0 0 0 0 0 0 0 0 0 0 0 0 0 0 0 0 0 0 0 0 0 0 0 0 0 0 0 0 0 0 0 0 0 0 0 0 0 0 0 0 0 0 0 0 0 0 0 0 0 0 0 0 0 0 0 0 0 0 0 0 0 0 0 0 0 0 0 0 0 0 0 0 0 0 0 0 0 0 0 0 0 0 0 0 0 0 0 0 0 0 0 0 0 0 0 0 0 0 0 0 0 0 0 0 0 0 0 0 0 0 0 0 0 0 0 0 0 0 0 0 0 0 0 0 0 0 0 0 0 0 0 0 0 0 0 0 0 0 0 0 0 0 0 0 0 0 0 0 0 0 0 0 0 0 0 0 0 0 0 0 0 0 0 0 0 0 0 0 0 0 0 0 0 0 0 0 0 0 0 0 0 0 0 0 0 0 0 0 0 0 0 0 0 0 0 0 0 0 0 0 0 0 0 0 0 0 0 0 0 0 0 0 0 0 0 0 0 0 0 0 0 0 0 0 0 0 0 0 0 0 0 0 0 0 0 0 0 0 0 0 0 0 0 0 0 0 0 0 0 0 0 0 0 0 0 0 0 0 0 0 0 0 0 0 0 0 0 0 0 0 0 0 0 0 0 0 0 0 0 0 0 0 0 0 0 0 0 0 0 0 0 0 0 0 0 0 0 0 0 0 0 0 0 0 0 0 0 0 0 0 0 0 0 0 0 0 0 0 0 0 0 0 0 0 0 0 0 0 0 0 0 0 0 0 0 0 0 0 0 0 0 0 0 0 0 0 0 0 0 0 0 0 0 0 0 0 0 0 0 0 0 0 0 0 0 0 0 0 0 0 0 0 0 0 0 0 0 0 0 0 0 0 0 0 0 0 0 0 0 0 0 0 0 0 0 0 0 0 0 0 0 0 0 0 0 0 0 0 0 0 0 0 0 0 0 0 0 0 0 0 0 0 0 0 0 0 0 0 0 0 0 0 0 0 0 0 0 0 0 0 0 0 0 0 0 0 0 0 0 0 0 0 0 0 0 0 0 0 0 0 0 0 0 0 0 0 0 0 0 0 0 0 0 0 0 0 0 0 0 0 0 0 0 0 0 0 0 0 0 0 0 0 0 0 0 0 0 0 0 0 0 0 0 0 0 0 0 0 0 0 0 0 0 0 0 0 0 0 0 0 0 0 0 0 0 0 0 0 0 0 0 0 0 0 0 0 0 0 0 0 0 0 0 0 0 0 0 0 0 0 0 0 0 0 0 0 0 0 0 0 0 0 0 0 0 0 0 0 0 0 0 0 0 0 0 0 0 0 0 0 0 0 0 0 0 0 0 0 0 0 0 0 0 0 0 0 0 0 0 0 0 0 0 0 0 0 0 0 0 0 0 0 0 0 0 0 0 0 0 0 0 0 0 0 0 0 0 0 0 0 0 0 0 0 0 0 0 0 0 0 0 0 0 0 0 0 0 0 0 0 0 0 0 0 0 0 0 0 0 0 0 0 0 0 0 0 0 0 0 0 0 0 0 0 0 0 0 0 0 0 0 0 0 0 0 0 0 0 0 0 0 0 0 0 0 0 0 0 0 0 0 0 0 0 0 0 0 0 0 0 0 0 0 0 0 0 0 0 0 0 0 0 0 0 0 0 0 0 0 0 0 0 0 0 0 0 0 0 0 0 0 0 0 0 0 0 0 0 0 0 0 0 0 0 0 0 0 0 0 0 0 0 0 0 0 0 0 0 0 0 0 0 0 0 0 0 0 0 0 0 0 0 0 0 0 0 0 0 0 0 0 0 0 0 0 0 0 0 0 0 0 0 0 0 0 0 0 0 0 0 0 0 0 0 0 0 0 0 0 0 0 0 0 0 0 0 0 0 0 0 0 0 0 0 0 0 0 0 0 0 0 0 0 0 0 0 0 0 0 0 0 0 0 0 0 0 0 0 0 0 0 0 0 0 0 0 0 0 0 0 0 0 0 0 0 0 0 0 0 0 0 0 0 0 0 0 0 0 0 0 0 0 0 0 0 0 0 0 0 0 0 0 0 0 0 0 0 0 0 0 0 0 0 0 0 0 0 0 0 0 0 0 0 0 0 0 0 0 0 0 0 0 0 0 0 0 0 0 0 0 0 0 0 0 0 0 0 0 0 0 0 0 0 0 0 0 0 0 0 0 0 0 0 0 0 0 0 0 0 0 0 0 0 0 0 0 0 0 0 0 0 0 0 0 0 0 0 0 0 0 0 0 0 0 0 0 0 0 0 0 0 0 0 0 0 0 0 0 0 0 0 0 0 0 0 0 0 0 0 0 0 0 0 0 0 0 0 0 0 0 0 0 0 0 0 0 0 0 0 0 0 0 0 0 0 0 0 0 0 0 0 0 0 0 0 0 0 0 0 0 0 0 0 0 0 0 0 0 0 0 0 0 0 0 0 0 0 0 0 0 0 0 0 0 0 0 0 0 0 0 0 0 0 0 0 0 0 0 0 0 0 0 0 0 0 0 0 0 0 0 0 0 0 0 0 0 0 0 0 0 0 0 0 0 0 0 0 0 0 0 0 0 0 0 0 0 0 0 0 0 0 0 0 0 0 0 0 0 0 0 0 0 0 0 0 0 0 0 0 0 0 0 0 0 0 0 0 0 0 0 0 0 0 0 0 0 0 0 0 0 0 0 0 0 0 0 0 0 0 0 0 0 0 0 0 0 0 0 0 0 0 0 0 0 0 0 0 0 0 0 0 0 0 0 0 0 0 0 0 0 0 0 0 0 0 0 0 0 0 0 0 0 0 0 0 0 0 0 0 0 0 0 0 0 0 0 0 0 0 0 0 0 0 0 0 0 0 0 0 0 0 0 0 0 0 0 0 0 0 0 0 0 0 0 0 0 0 0 0 0 0 0 0 0 0 0 0 0 0 0 0 0 0 0 0 0 0 0 0 0 0 0 0 0 0 0 0 0 0 0 0 0 0 0 0 0 0 0 0 0 0 0 0 0 0 0 0 0 0 0 0 0 0 0 0 0 0 0 0 0 0 0 0 0 0 0 0 0 0 0 0 0 0 0 0 0 0 0 0 0 0 0 0 0 0 0 0 0 0 0 0 0 0 0 0 0 0 0 0 0 0 0 0 0 0 0 0 0 0 0 0 0 0 0 0 0 0 0 0 0 0 0 0 0 0 0 0 0 0 0 0 0 0 0 0 0 0 0 0 0 0 0 0 0 0 0 0 0 0 0 0 0 0 0 0 0 0 0 0 0 0 0 0 0 0 0 0 0 0 0 0 0 0 0 0 0 0 0 0 0 0 0 0 0 0 0 0 0 0 0 0 0 0 0 0 0 0 0 0 0 0 0 0 0 0 0 0 0 0 0 0 0 0 0 0 0 0 0 0 0 0 0 0 0 0 0 0 0 0 0 0 0 0 0 0 0 0 0 0 0 0 0 0 0 0 0 0 0 0 0 0 0 0 0 0 0 0 0 0 0 0 0 0 0 0 0 0 0 0 0 0 0 0 0 0 0 0 0 0 0 0 0 0 0 0 0 0 0 0 0 0 0 0 0 0 0 0 0 0 0 0 0 0 0 0 0 0 0 0 0 0)
    )
    (tilemap
      (draw-target "normal")
      (width 520)
      (height 35)
      (speed 1)
      (solid #t)
      (z-pos 0)
      (tint 1 1 1 1)
      (tiles 2391 2391 2391 2391 2392 0 0 0 0 0 2390 2391 2391 2391 2391 2391 2391 2391 2391 2391 2391 2391 2391 2391 2391 2391 2391 2391 2391 2391 2391 2391 2391 2391 2391 2391 2391 2391 2391 2391 2391 2391 2391 2391 2391 2391 2391 2391 2391 2391 2391 2391 2391 2391 2391 2391 2391 2391 2391 2391 2391 2391 2391 2391 2391 2391 2391 2391 2391 2391 2391 2391 2391 2391 2391 2391 2391 2391 2391 2391 2391 2391 2391 2391 2391 2391 2391 2391 2391 2391 2391 2391 2391 2391 2391 2391 2391 2391 2391 2391 2391 2391 2391 2391 2391 2391 2391 2391 2391 2391 2391 2391 2391 2391 2391 2391 2391 2391 2391 2391 2391 2391 2391 2391 2391 2391 2391 2391 2391 2391 2391 2391 2391 2391 2391 2391 2391 2391 2391 2391 2391 2391 2391 2391 2391 2391 2391 2391 2391 2391 2391 2391 2391 2391 2391 2391 2391 2391 2391 2391 2391 2391 2391 2391 2391 2391 2391 2391 2391 2391 2391 2391 2391 2391 2391 2391 2957 2395 0 0 0 0 0 0 0 0 0 0 0 0 0 0 0 0 0 0 0 0 0 0 0 0 0 0 0 0 0 0 0 0 0 0 0 0 0 0 0 0 0 0 0 0 0 0 0 0 0 0 0 2390 2391 2391 2391 2391 2391 2391 2391 2391 2391 2391 2391 2391 2391 2391 2391 2391 2391 2391 2391 2391 2391 2391 2391 2391 2391 2391 2391 2391 2391 2391 2391 2391 2391 2391 2391 2391 2391 2391 2391 2391 2391 2391 2391 2391 2391 2391 2391 2391 2391 2391 2391 2391 2391 2391 2391 2391 2391 2391 2391 2391 2391 2391 2391 2391 2391 2391 2391 2391 2391 2391 2391 2391 2391 2391 2391 2391 2391 2391 2391 2391 2391 2391 2391 2391 2391 2391 2391 2391 2391 2391 2391 2391 2391 2391 2391 2391 2391 2391 2391 2391 2391 2391 2391 2391 2391 2391 2391 2391 2391 2391 2391 2391 2391 2391 2391 2391 2391 2391 2391 2391 2391 2391 2391 2391 2391 2391 2391 2391 2391 2391 2391 2391 2391 2391 2391 2391 2391 2391 2391 2391 2391 2391 2391 2391 2391 2391 2391 2391 2391 2391 2391 2391 2391 2391 2391 2391 2391 2391 2391 2391 2391 2391 2391 2391 2391 2391 2391 2391 2391 2391 2391 2391 2391 2391 2391 2391 2391 2392 0 0 0 0 0 0 2390 2391 2391 2391 2391 2391 2391 2391 2391 2391 2391 2391 2391 2391 2391 2391 2391 2391 2391 2391 2391 2391 2391 2391 2391 2391 2391 2391 2391 2391 2391 2391 2391 2391 2391 2391 2391 2391 2391 2391 2391 2391 2391 2391 2391 2391 2391 2391 2391 2391 2391 2391 2391 2391 2391 2391 2391 2391 2391 2391 2391 2391 2391 2391 2391 2391 2391 2391 2391 2391 2391 2391 2391 2391 2391 2391 2391 2391 2391 2391 2391 2391 2391 2391 2391 2391 2391 2391 2391 2391 2391 2391 2391 2391 2391 2391 2392 0 0 0 0 0 2390 2391 2391 2391 2391 2391 2391 2391 2392 0 0 0 0 0 2390 2391 2398 2391 2396 2398 2391 2391 2398 2398 2391 2391 2391 2391 2398 2391 2391 2391 2391 2391 2391 2391 2399 2391 2391 2391 2391 2391 2391 2391 2391 2391 2391 2391 2391 2391 2391 2391 2391 2391 2391 2391 2391 2391 2391 2397 2391 2391 2391 2391 2391 2391 2391 2391 2391 2391 2391 2391 2391 2391 2391 2391 2391 2391 2391 2391 2391 2391 2391 2391 2391 2391 2399 2391 2391 2391 2391 2391 2391 2391 2391 2397 2391 2391 2391 2391 2391 2391 2391 2391 2391 2391 2391 2391 2391 2391 2399 2391 2391 2399 2391 2391 2391 2391 2391 2391 2391 2391 2391 2391 2391 2391 2391 2391 2391 2391 2391 2391 2391 2391 2391 2391 2391 2391 2391 2391 2391 2391 2391 2391 2391 2391 2391 2391 2391 2391 2391 2397 2391 2391 2391 2391 2391 2391 2391 2391 2398 2398 2391 2391 2391 2391 2391 2391 2391 2391 2391 2391 2391 2391 2391 2391 2391 2391 2391 2391 2392 0 0 0 0 0 0 0 0 0 0 0 0 0 0 0 0 0 0 0 0 0 0 0 0 0 0 0 0 0 0 0 0 0 0 0 0 0 0 0 0 0 0 0 0 0 0 0 0 0 0 0 0 2393 2962 2391 2391 2391 2391 2391 2391 2391 2391 2391 2391 2391 2391 2391 2391 2391 2391 2391 2391 2391 2391 2391 2391 2391 2391 2391 2391 2391 2391 2391 2391 2391 2391 2391 2391 2391 2391 2391 2391 2391 2391 2391 2391 2391 2391 2397 2391 2391 2391 2391 2391 2397 2391 2391 2391 2391 2397 2397 2391 2391 2391 2391 2399 2399 2391 2391 2391 2391 2391 2391 2391 2391 2391 2391 2399 2391 2391 2391 2391 2391 2391 2391 2391 2391 2391 2391 2391 2391 2391 2391 2391 2391 2391 2391 2391 2391 2391 2391 2391 2391 2391 2391 2391 2391 2391 2391 2391 2391 2391 2391 2391 2391 2391 2391 2391 2391 2391 2391 2391 2391 2391 2391 2391 2391 2391 2391 2391 2391 2391 2391 2391 2391 2391 2391 2391 2391 2391 2391 2391 2391 2391 2397 2391 2391 2391 2391 2391 2397 2391 2397 2397 2391 2391 2391 2391 2391 2391 2391 2391 2391 2391 2391 2391 2391 2391 2391 2391 2391 2391 2391 2391 2391 2391 2391 2391 2391 2391 2392 0 0 0 0 0 0 2390 2391 2391 2391 2391 2391 2391 2391 2391 2391 2391 2391 2391 2391 2391 2391 2391 2391 2391 2391 2391 2391 2391 2391 2391 2391 2391 2391 2391 2391 2391 2391 2391 2391 2391 2391 2391 2391 2391 2391 2391 2391 2391 2391 2391 2391 2391 2391 2391 2391 2391 2391 2391 2391 2391 2391 2391 2391 2391 2391 2391 2391 2391 2391 2391 2391 2391 2391 2391 2391 2391 2391 2391 2391 2391 2397 2391 2397 2391 2391 2391 2391 2391 2391 2391 2391 2391 2391 2391 2391 2391 2391 2391 2391 2391 2391 2392 0 0 0 0 0 2390 2391 2397 2391 2391 2391 2391 2391 2392 0 0 0 0 0 2390 2391 2398 2398 2398 2398 2391 2391 2398 2398 2391 2396 2396 2391 2398 2399 2396 2399 2391 2391 2399 2391 2391 2391 2397 2391 2399 2399 2391 2391 2391 2391 2391 2391 2391 2391 2391 2391 2391 2391 2391 2391 2391 2391 2391 2391 2397 2391 2397 2397 2397 2391 2391 2391 2391 2391 2391 2391 2391 2391 2391 2391 2391 2391 2391 2391 2391 2399 2399 2391 2391 2391 2391 2399 2397 2391 2399 2391 2391 2391 2391 2397 2391 2391 2391 2391 2391 2391 2391 2399 2399 2391 2391 2391 2391 2399 2399 2391 2391 2391 2391 2397 2391 2391 2391 2397 2397 2399 2399 2391 2391 2391 2391 2391 2391 2391 2399 2399 2391 2391 2391 2391 2391 2391 2391 2391 2391 2391 2391 2391 2391 2391 2391 2391 2398 2391 2391 2391 2391 2391 2391 2391 2391 2398 2391 2391 2391 2391 2391 2398 2391 2398 2391 2398 2391 2391 2391 2397 2391 2391 2391 2391 2391 2397 2391 2391 2392 0 0 0 0 0 0 0 0 0 0 0 0 0 0 0 0 0 0 0 0 0 0 0 0 0 0 0 0 0 0 0 0 0 0 0 0 0 0 0 0 0 0 0 0 0 0 0 0 0 0 0 0 0 2390 2391 2391 2397 2391 2391 2391 2391 2397 2391 2399 2399 2399 2399 2399 2391 2391 2391 2391 2397 2391 2399 2399 2391 2391 2397 2397 2391 2391 2397 2391 2391 2397 2391 2391 2391 2391 2397 2391 2391 2391 2391 2391 2397 2399 2399 2391 2391 2391 2391 2391 2391 2397 2391 2399 2391 2391 2397 2391 2391 2391 2397 2391 2391 2391 2399 2397 2391 2391 2391 2391 2397 2391 2391 2391 2391 2391 2391 2391 2391 2391 2397 2391 2391 2391 2391 2391 2397 2391 2391 2391 2391 2391 2399 2399 2391 2391 2391 2391 2391 2391 2391 2391 2391 2391 2391 2391 2391 2391 2391 2397 2397 2397 2391 2391 2391 2391 2391 2391 2391 2957 2394 2394 2394 2394 2962 2391 2391 2391 2397 2397 2391 2397 2391 2397 2397 2391 2391 2391 2391 2397 2397 2391 2398 2397 2397 2397 2391 2391 2391 2391 2397 2391 2397 2391 2398 2391 2391 2391 2391 2391 2391 2391 2391 2391 2391 2391 2391 2397 2391 2397 2397 2397 2391 2391 2391 2957 2395 0 0 0 0 0 0 2390 2391 2391 2391 2397 2397 2397 2397 2391 2391 2391 2391 2391 2391 2391 2391 2391 2391 2391 2397 2397 2391 2397 2391 2391 2391 2391 2391 2391 2391 2391 2397 2391 2391 2391 2391 2391 2391 2391 2391 2391 2391 2391 2391 2391 2391 2391 2391 2391 2391 2397 2391 2391 2391 2397 2391 2391 2397 2391 2391 2397 2397 2391 2391 2398 2398 2398 2398 2391 2391 2391 2391 2391 2391 2397 2397 2397 2391 2391 2391 2391 2397 2391 2391 2397 2391 2397 2397 2397 2391 2391 2391 2398 2391 2391 2391 2392 0 0 0 0 0 2393 2962 2391 2397 2391 2397 2391 2391 2392 0 0 0 0 0 2390 2391 2391 2391 2391 2391 2398 2391 2398 2391 2396 2391 2398 2391 2399 2391 2398 2391 2391 2399 2391 2391 2391 2391 2391 2391 2391 2391 2399 2399 2399 2399 2391 2397 2391 2391 2391 2391 2391 2391 2399 2399 2391 2391 2391 2391 2391 2391 2391 2391 2397 2391 2391 2391 2391 2398 2391 2391 2398 2391 2398 2391 2391 2398 2391 2391 2391 2391 2391 2399 2391 2391 2391 2399 2397 2391 2391 2391 2397 2391 2391 2391 2391 2391 2391 2391 2391 2391 2391 2391 2391 2391 2391 2391 2957 2394 2394 2394 2394 2394 2962 2391 2391 2391 2399 2391 2391 2391 2399 2399 2399 2391 2391 2399 2391 2391 2391 2391 2391 2391 2391 2957 2394 2394 2394 2962 2398 2391 2391 2391 2391 2397 2391 2391 2391 2391 2391 2391 2391 2957 2394 2394 2394 2394 2394 2394 2962 2391 2391 2391 2391 2391 2391 2391 2391 2391 2391 2391 2391 2391 2391 2397 2391 2391 2391 2391 2392 0 0 0 0 0 0 0 0 0 0 0 0 0 0 0 0 0 0 0 0 0 0 0 0 0 0 0 0 0 0 0 0 0 0 0 0 0 0 0 0 0 0 0 0 0 0 0 0 0 0 0 0 0 2390 2391 2391 2397 2391 2391 2391 2391 2397 2399 2391 2391 2397 2397 2391 2391 2391 2391 2391 2391 2391 2391 2399 2399 2391 2397 2391 2391 2397 2397 2397 2391 2391 2391 2391 2391 2391 2391 2391 2399 2391 2391 2399 2391 2391 2391 2957 2394 2394 2962 2391 2391 2391 2391 2391 2397 2391 2391 2391 2391 2399 2397 2397 2391 2391 2399 2399 2391 2391 2391 2397 2391 2391 2397 2397 2391 2391 2391 2399 2397 2391 2391 2397 2391 2391 2391 2397 2397 2391 2391 2391 2391 2399 2399 2391 2391 2391 2399 2391 2391 2398 2398 2391 2391 2391 2398 2398 2391 2391 2391 2397 2391 2391 2391 2391 2397 2397 2397 2391 2391 2392 0 0 0 0 2390 2391 2391 2397 2397 2398 2398 2397 2397 2397 2391 2397 2391 2391 2398 2391 2397 2397 2391 2391 2391 2391 2391 2391 2391 2397 2391 2391 2391 2397 2391 2391 2391 2391 2391 2391 2397 2397 2397 2391 2397 2398 2398 2391 2391 2391 2398 2398 2398 2398 2391 2392 0 0 0 0 0 0 0 2390 2391 2391 2391 2397 2391 2391 2397 2391 2398 2398 2398 2398 2391 2391 2391 2391 2391 2391 2397 2391 2391 2391 2397 2391 2391 2391 2391 2391 2398 2391 2391 2397 2391 2397 2398 2397 2391 2391 2391 2391 2398 2391 2398 2391 2398 2391 2391 2397 2397 2397 2391 2391 2391 2391 2391 2391 2391 2391 2391 2391 2391 2397 2391 2391 2391 2391 2391 2398 2391 2391 2391 2391 2397 2391 2391 2391 2391 2391 2397 2391 2391 2391 2391 2391 2391 2391 2391 2397 2391 2391 2391 2398 2391 2391 2957 2395 0 0 0 0 0 0 2390 2399 2391 2391 2391 2391 2391 2392 0 0 0 0 0 2393 2962 2391 2396 2391 2391 2391 2398 2398 2391 2391 2391 2391 2391 2399 2391 2399 2399 2391 2391 2391 2399 2391 2391 2391 2391 2391 2391 2391 2391 2391 2391 2391 2391 2399 2391 2391 2391 2391 2391 2391 2391 2391 2391 2391 2391 2391 2399 2391 2391 2399 2399 2391 2391 2391 2391 2391 2391 2398 2398 2398 2398 2391 2398 2398 2391 2399 2391 2391 2391 2391 2391 2391 2391 2391 2391 2391 2391 2391 2391 2391 2391 2391 2957 2394 2394 2394 2394 2394 2962 2391 2391 2957 2394 2395 0 0 0 0 0 2393 2962 2391 2391 2391 2391 2391 2391 2391 2391 2391 2391 2391 2391 2957 2394 2394 2394 2394 2394 2962 2392 0 0 0 2390 2391 2391 2391 2398 2391 2391 2391 2391 2957 2394 2394 2394 2394 2395 0 0 0 0 0 0 2393 2394 2394 2394 2394 2394 2394 2962 2391 2957 2394 2394 2394 2962 2391 2391 2391 2391 2391 2391 2392 0 0 0 0 0 0 0 0 0 0 0 0 0 0 0 0 0 0 0 0 0 0 0 0 0 0 0 0 0 0 0 0 0 0 0 0 0 0 0 0 0 0 0 0 0 0 0 0 0 0 0 0 0 2393 2962 2391 2391 2391 2391 2399 2391 2391 2391 2391 2391 2391 2391 2391 2391 2391 2397 2391 2391 2397 2391 2391 2397 2397 2391 2391 2391 2391 2391 2391 2391 2957 2394 2394 2962 2391 2397 2391 2391 2391 2397 2391 2391 2391 2391 2392 0 0 2390 2391 2391 2391 2397 2391 2391 2391 2391 2391 2397 2391 2391 2391 2391 2391 2391 2391 2391 2391 2391 2397 2391 2391 2391 2397 2391 2397 2391 2391 2391 2391 2399 2391 2391 2391 2391 2391 2391 2397 2391 2391 2397 2391 2391 2399 2391 2391 2399 2391 2397 2397 2391 2391 2397 2391 2398 2398 2398 2391 2391 2397 2391 2391 2391 2391 2398 2391 2391 2391 2391 2392 0 0 0 0 2390 2391 2391 2398 2397 2397 2391 2398 2391 2391 2398 2397 2391 2391 2391 2391 2391 2397 2397 2391 2397 2397 2391 2391 2391 2397 2397 2391 2391 2391 2397 2391 2391 2398 2391 2397 2397 2391 2391 2391 2398 2391 2391 2398 2398 2397 2397 2391 2391 2391 2391 2392 0 0 0 0 0 0 0 2393 2962 2391 2391 2391 2391 2391 2397 2398 2391 2398 2391 2391 2397 2397 2397 2398 2398 2397 2391 2397 2397 2391 2397 2391 2391 2391 2391 2391 2391 2391 2391 2391 2391 2391 2398 2398 2397 2391 2391 2391 2398 2398 2391 2391 2398 2391 2391 2397 2391 2391 2397 2391 2391 2391 2391 2391 2391 2391 2397 2397 2391 2391 2391 2398 2391 2397 2391 2398 2398 2391 2397 2397 2397 2391 2391 2391 2391 2391 2391 2398 2398 2391 2391 2391 2397 2397 2391 2391 2391 2391 2391 2391 2391 2391 2392 0 0 0 0 0 0 0 2390 2391 2391 2391 2391 2391 2391 2395 0 0 0 0 0 0 2390 2391 2391 2391 2391 2391 2397 2391 2391 2391 2391 2391 2391 2391 2391 2398 2391 2391 2391 2399 2399 2397 2391 2391 2391 2391 2399 2391 2391 2391 2391 2391 2391 2391 2391 2391 2391 2391 2399 2391 2391 2397 2397 2397 2391 2391 2399 2399 2391 2391 2391 2391 2399 2398 2391 2399 2398 2391 2391 2391 2391 2391 2391 2398 2391 2391 2399 2391 2957 2394 2394 2962 2391 2391 2391 2391 2399 2391 2391 2391 2391 2957 2395 0 0 0 0 0 2393 2394 2394 2395 0 0 0 0 0 0 0 0 2393 2394 2394 2394 2962 2391 2391 2391 2391 2391 2957 2394 2394 2395 0 0 0 0 0 2393 2395 0 0 0 2390 2391 2397 2398 2391 2398 2391 2391 2957 2395 0 0 0 0 0 0 0 0 0 0 0 0 0 0 0 0 0 0 2393 2394 2395 0 0 0 2393 2962 2398 2391 2391 2391 2957 2395 0 0 0 0 0 0 0 0 0 0 0 0 0 0 0 0 0 0 0 0 0 0 0 0 0 0 0 0 0 0 0 0 0 0 0 0 0 0 0 0 0 0 0 0 0 0 0 0 0 0 0 0 0 0 2390 2391 2391 2391 2397 2391 2391 2397 2391 2391 2391 2397 2391 2397 2391 2397 2397 2391 2391 2399 2391 2391 2391 2391 2397 2391 2399 2391 2391 2391 2391 2392 0 0 2390 2391 2391 2399 2391 2391 2391 2391 2957 2394 2394 2395 0 0 2393 2394 2962 2391 2391 2391 2391 2391 2391 2399 2391 2391 2391 2391 2957 2394 2394 2962 2397 2391 2391 2399 2391 2391 2391 2391 2391 2397 2391 2391 2391 2391 2399 2391 2391 2397 2391 2391 2391 2391 2397 2391 2391 2391 2391 2391 2391 2391 2399 2391 2391 2391 2391 2391 2391 2398 2391 2391 2398 2391 2397 2391 2391 2391 2391 2391 2391 2391 2391 2391 2391 2392 0 0 0 0 2390 2391 2391 2398 2391 2391 2391 2391 2391 2391 2391 2391 2397 2391 2391 2391 2391 2397 2391 2391 2391 2391 2391 2391 2391 2391 2391 2397 2391 2391 2397 2391 2391 2398 2391 2397 2391 2391 2391 2391 2398 2391 2391 2391 2397 2397 2391 2391 2391 2391 2957 2395 0 0 0 0 0 0 0 0 2390 2391 2391 2391 2397 2391 2397 2398 2391 2391 2398 2397 2397 2391 2391 2391 2391 2391 2391 2391 2391 2391 2397 2397 2397 2391 2397 2391 2391 2391 2391 2391 2391 2398 2398 2391 2397 2398 2391 2391 2398 2398 2391 2391 2397 2391 2391 2391 2391 2391 2391 2391 2397 2397 2397 2391 2391 2391 2391 2398 2398 2398 2398 2398 2391 2398 2398 2391 2391 2391 2391 2391 2391 2397 2397 2391 2391 2391 2398 2391 2391 2398 2391 2391 2391 2391 2391 2391 2391 2398 2398 2391 2391 2957 2395 0 0 0 0 0 0 0 2390 2391 2397 2391 2391 2391 2392 0 0 0 0 0 0 0 2393 2394 2394 2962 2391 2391 2391 2391 2957 2394 2394 2394 2962 2391 2391 2391 2391 2391 2391 2391 2391 2391 2391 2391 2957 2394 2394 2394 2394 2394 2962 2391 2391 2391 2391 2391 2391 2391 2391 2391 2391 2391 2391 2391 2391 2391 2397 2397 2391 2391 2391 2391 2399 2391 2391 2399 2391 2391 2391 2391 2391 2391 2391 2391 2391 2391 2391 2391 2392 0 0 2390 2391 2391 2391 2391 2399 2391 2391 2957 2394 2395 0 0 0 0 0 0 0 0 0 0 0 0 0 0 0 0 0 0 0 0 0 0 2393 2394 2394 2394 2394 2394 2395 0 0 0 0 0 0 0 0 0 0 0 0 0 2393 2962 2391 2391 2391 2391 2391 2391 2392 0 0 0 0 0 0 0 0 0 0 0 0 0 0 0 0 0 0 0 0 0 0 0 0 0 0 2390 2391 2391 2391 2957 2395 0 0 0 0 0 0 0 0 0 0 0 0 0 0 0 0 0 0 0 0 0 0 0 0 0 0 0 0 0 0 0 0 0 0 0 0 0 0 0 0 0 0 0 0 0 0 0 0 0 0 0 0 0 0 0 2390 2391 2391 2391 2397 2391 2391 2397 2399 2399 2399 2391 2391 2391 2391 2391 2391 2391 2399 2399 2391 2391 2391 2391 2391 2391 2391 2391 2391 2391 2957 2395 0 0 2393 2962 2391 2391 2391 2957 2394 2394 2395 0 0 0 0 0 0 0 2393 2394 2394 2394 2394 2962 2391 2391 2391 2391 2391 2391 2392 0 0 2390 2391 2391 2391 2391 2391 2391 2397 2397 2397 2391 2397 2397 2397 2397 2391 2391 2391 2397 2391 2391 2391 2391 2391 2391 2391 2399 2397 2391 2391 2391 2391 2397 2397 2391 2391 2391 2391 2398 2397 2391 2391 2391 2397 2391 2957 2394 2394 2394 2394 2394 2394 2394 2394 2395 0 0 0 0 2390 2391 2391 2391 2391 2391 2391 2391 2391 2391 2391 2391 2391 2391 2391 2391 2391 2391 2391 2957 2394 2394 2394 2394 2962 2391 2391 2391 2391 2397 2397 2391 2391 2391 2391 2397 2397 2391 2391 2391 2391 2391 2391 2391 2391 2391 2391 2391 2391 2957 2395 0 0 0 0 0 0 0 0 0 2393 2394 2962 2391 2397 2397 2391 2391 2391 2391 2391 2397 2397 2391 2391 2391 2391 2391 2398 2391 2391 2391 2391 2391 2391 2391 2391 2391 2391 2391 2391 2391 2398 2391 2391 2391 2391 2398 2391 2391 2398 2398 2391 2397 2391 2391 2391 2391 2391 2391 2391 2391 2391 2391 2391 2398 2398 2391 2391 2391 2391 2391 2391 2391 2391 2391 2391 2391 2391 2391 2391 2391 2391 2391 2391 2391 2391 2398 2391 2391 2391 2391 2391 2391 2391 2391 2391 2391 2391 2391 2957 2394 2394 2395 0 0 0 0 0 0 0 0 2390 2397 2391 2391 2957 2394 2395 0 0 0 0 0 0 0 0 0 0 2393 2394 2394 2394 2394 2395 0 0 0 2393 2394 2394 2394 2962 2391 2391 2391 2391 2957 2394 2394 2395 0 0 0 0 0 2393 2394 2394 2394 2962 2391 2391 2391 2391 2397 2391 2399 2391 2391 2391 2391 2391 2391 2391 2391 2391 2391 2391 2391 2391 2391 2391 2957 2394 2394 2394 2962 2391 2391 2391 2957 2394 2394 2395 0 0 2393 2394 2394 2962 2391 2391 2391 2957 2395 0 0 0 0 0 0 0 0 0 0 0 0 0 0 0 0 0 0 0 0 0 0 0 0 0 0 0 0 0 0 0 0 0 0 0 0 0 0 0 0 0 0 0 0 0 2393 2962 2391 2391 2391 2391 2957 2395 0 0 0 0 0 0 0 0 0 0 0 0 0 0 0 0 0 0 0 0 0 0 0 0 0 0 2393 2962 2391 2391 2392 0 0 0 0 0 0 0 0 0 0 0 0 0 0 0 0 0 0 0 0 0 0 0 0 0 0 0 0 0 0 0 0 0 0 0 0 0 0 0 0 0 0 0 0 0 0 0 0 0 0 0 0 0 0 0 0 2390 2391 2391 2391 2391 2391 2391 2391 2391 2391 2399 2399 2391 2391 2399 2391 2397 2391 2391 2397 2391 2391 2397 2391 2391 2391 2957 2394 2394 2394 2395 0 0 0 0 2393 2394 2394 2394 2395 0 0 0 0 0 0 0 0 0 0 0 0 0 0 0 2393 2394 2394 2394 2962 2391 2957 2395 0 0 2393 2394 2962 2391 2391 2391 2391 2391 2391 2397 2391 2391 2391 2391 2391 2391 2391 2391 2391 2391 2397 2391 2391 2397 2397 2391 2391 2397 2391 2391 2399 2391 2397 2391 2391 2391 2397 2397 2391 2391 2391 2397 2397 2391 2391 2392 0 0 0 0 0 0 0 0 0 0 0 0 0 2393 2962 2391 2391 2391 2957 2394 2394 2394 2394 2962 2391 2391 2391 2957 2394 2394 2394 2394 2395 0 0 0 0 2393 2962 2391 2391 2397 2397 2398 2398 2391 2391 2391 2391 2397 2397 2391 2391 2391 2391 2397 2391 2391 2391 2391 2957 2394 2395 0 0 0 0 0 0 0 0 0 0 0 0 2393 2394 2962 2391 2397 2391 2391 2391 2391 2391 2391 2391 2391 2397 2397 2391 2397 2391 2391 2391 2957 2394 2394 2962 2391 2957 2394 2394 2962 2391 2391 2391 2398 2398 2391 2391 2398 2398 2398 2398 2397 2391 2391 2957 2394 2394 2962 2391 2957 2394 2394 2962 2391 2391 2398 2398 2957 2394 2394 2394 2394 2394 2394 2394 2394 2962 2391 2391 2391 2391 2391 2398 2398 2398 2957 2394 2394 2394 2962 2391 2391 2391 2957 2394 2394 2394 2394 2394 2395 0 0 0 0 0 0 0 0 0 0 2384 2961 2391 2391 2391 2392 0 0 0 0 0 0 0 0 0 0 0 0 0 0 0 0 0 0 0 0 0 0 0 0 0 2393 2394 2394 2394 2394 2395 0 0 0 0 0 0 0 0 0 0 0 0 2393 2394 2394 2962 2391 2391 2391 2391 2391 2391 2391 2391 2391 2391 2391 2391 2391 2391 2391 2391 2391 2391 2957 2395 0 0 0 2393 2394 2394 2394 2395 0 0 0 0 0 0 0 0 2393 2394 2394 2394 2395 0 0 0 0 0 0 0 0 0 0 0 0 0 0 0 0 0 0 0 0 0 0 0 0 0 0 0 0 0 0 0 0 0 0 0 0 0 0 0 0 0 0 0 0 0 0 0 2393 2962 2397 2391 2391 2392 0 0 0 0 0 0 0 44 0 0 0 0 0 0 0 0 0 0 0 0 0 0 0 0 0 0 0 0 2393 2394 2394 2395 0 0 0 0 0 0 0 0 0 0 0 0 0 0 0 0 0 0 0 0 0 0 0 0 0 0 0 0 0 0 0 0 0 0 0 0 0 0 0 0 0 0 0 0 0 0 0 0 0 0 0 0 0 0 0 0 2393 2962 2391 2391 2391 2391 2391 2391 2391 2391 2399 2391 2391 2399 2399 2391 2391 2391 2391 2391 2391 2391 2391 2957 2394 2394 2395 0 0 0 0 0 0 0 0 0 0 0 0 0 0 0 0 0 0 0 0 0 0 0 0 0 0 0 0 0 0 0 0 2393 2394 2395 0 0 0 0 0 2393 2394 2394 2394 2394 2962 2391 2391 2391 2391 2391 2399 2391 2391 2397 2397 2397 2391 2391 2391 2391 2397 2397 2397 2391 2397 2391 2391 2399 2391 2391 2391 2391 2391 2391 2397 2391 2391 2391 2397 2399 2391 2391 2392 0 0 0 0 0 0 0 0 0 0 0 0 0 0 2393 2394 2394 2394 2395 0 0 0 0 2393 2394 2394 2394 2395 0 0 0 0 0 0 0 0 0 0 2390 2391 2397 2391 2391 2398 2391 2391 2391 2391 2391 2391 2391 2391 2398 2391 2391 2391 2391 2391 2957 2394 2395 0 0 0 0 0 0 0 0 0 0 0 0 0 0 0 0 2390 2391 2391 2391 2391 2398 2391 2391 2391 2391 2398 2391 2391 2391 2391 2397 2391 2391 2392 0 0 2390 2391 2392 0 0 2390 2391 2391 2391 2391 2391 2391 2391 2397 2397 2398 2397 2391 2391 2391 2392 0 0 2390 2391 2392 0 0 2390 2391 2391 2957 2394 2395 0 0 0 0 0 0 0 0 2393 2394 2394 2394 2962 2391 2391 2391 2957 2395 0 0 0 2393 2394 2394 2394 2395 0 0 0 0 0 0 0 0 0 0 0 0 0 0 0 0 2387 2960 2397 2391 2391 2392 0 0 0 0 0 0 0 0 0 0 0 0 0 0 0 0 0 0 0 0 0 0 0 0 0 0 0 0 0 0 0 0 0 0 0 0 0 0 0 0 0 0 0 0 0 0 2393 2962 2391 2957 2394 2394 2394 2962 2391 2391 2391 2391 2397 2399 2391 2391 2391 2399 2391 2392 0 0 0 0 0 0 0 0 0 0 0 0 0 0 0 0 0 0 0 0 0 0 0 0 0 0 0 0 0 0 0 0 0 0 0 0 0 0 0 0 0 0 0 0 0 0 0 0 0 0 0 0 0 0 0 0 0 0 0 0 0 0 0 0 0 0 0 0 0 0 2390 2391 2391 2957 2395 0 0 0 0 0 0 0 0 0 0 0 44 0 0 0 0 0 0 0 0 0 0 0 0 0 0 0 0 0 0 0 0 0 0 0 0 0 0 0 0 0 0 0 0 0 0 0 0 0 0 0 0 0 0 0 0 0 0 0 0 0 0 0 0 0 0 0 0 0 0 0 0 0 0 0 0 0 0 0 0 0 0 0 0 0 0 0 0 0 2393 2394 2962 2391 2391 2391 2957 2394 2394 2962 2391 2391 2391 2391 2391 2391 2957 2394 2394 2394 2394 2394 2395 0 0 0 0 0 0 0 0 0 0 0 0 0 0 0 0 0 0 0 0 0 0 0 0 0 0 0 0 0 0 0 0 0 0 0 0 0 0 0 0 0 0 0 0 0 0 0 0 2393 2394 2394 2394 2962 2391 2391 2391 2391 2391 2391 2397 2391 2397 2391 2391 2391 2391 2391 2391 2391 2397 2397 2399 2391 2391 2391 2391 2397 2391 2391 2391 2391 2391 2397 2391 2391 2391 2392 0 0 0 0 0 0 0 0 0 0 0 0 0 0 0 0 0 0 0 0 0 0 0 0 0 0 0 0 0 0 0 0 0 0 0 0 0 0 2390 2391 2391 2391 2391 2398 2391 2391 2957 2394 2394 2394 2394 2394 2394 2394 2394 2394 2394 2394 2395 0 0 0 0 0 0 0 0 0 0 0 0 0 0 0 0 0 0 2393 2962 2391 2391 2391 2398 2391 2391 2391 2391 2391 2391 2391 2391 2391 2397 2398 2398 2392 0 0 2390 2391 2392 0 0 2390 2391 2391 2391 2391 2391 2391 2391 2391 2391 2391 2391 2391 2391 2957 2395 0 0 2390 2391 2392 0 0 2393 2394 2394 2395 0 0 0 0 0 0 0 0 0 0 0 0 0 0 2393 2394 2394 2394 2395 0 0 0 0 0 0 0 0 0 0 0 0 0 0 0 0 0 0 0 0 0 0 0 0 0 2390 2391 2391 2391 2398 2392 0 0 0 0 0 0 0 0 0 0 0 0 0 0 0 0 0 0 0 0 0 0 0 0 0 0 0 0 0 0 0 0 0 0 0 0 0 0 0 0 0 0 0 0 0 0 0 2393 2394 2395 0 0 0 2393 2394 2962 2391 2391 2391 2391 2399 2398 2391 2391 2391 2392 0 44 44 44 0 0 0 0 0 0 0 0 0 0 0 0 0 0 0 0 0 0 0 0 0 0 0 0 0 0 0 0 0 2384 2385 2385 2385 2385 2386 0 0 0 0 0 0 0 0 0 0 0 44 0 0 0 0 0 0 0 0 0 0 0 0 0 0 0 0 0 0 44 2390 2391 2391 2392 0 0 0 0 0 0 2384 2385 2385 2990 0 0 0 0 0 0 44 0 0 0 0 0 0 0 0 0 0 0 0 0 0 0 0 0 0 0 0 0 0 0 0 0 0 0 0 0 0 0 0 0 0 0 0 0 0 0 0 0 0 0 0 0 0 0 0 0 0 0 0 0 0 0 0 0 0 0 0 0 0 0 0 0 0 0 0 0 0 0 0 0 0 0 2393 2394 2394 2962 2392 0 0 2390 2391 2957 2394 2394 2394 2394 2395 0 0 0 0 0 0 0 0 0 0 0 0 0 0 0 0 0 0 0 0 0 0 0 0 0 0 0 0 0 0 0 0 0 0 0 0 0 0 0 0 0 0 0 0 0 0 0 0 0 0 0 0 0 0 0 0 0 0 2393 2394 2394 2394 2962 2391 2391 2391 2391 2397 2391 2391 2391 2391 2391 2391 2399 2391 2391 2397 2397 2391 2391 2391 2397 2391 2391 2397 2398 2398 2397 2397 2391 2391 2392 0 0 0 44 44 0 0 0 0 0 0 0 0 0 0 0 0 0 0 0 0 0 0 0 0 0 0 0 0 0 0 0 0 0 0 0 0 2384 2961 2391 2397 2391 2391 2391 2391 2957 2395 0 0 0 0 0 0 0 0 0 0 0 0 0 0 0 0 0 0 0 0 0 0 0 0 0 0 0 0 0 0 0 2393 2394 2394 2394 2962 2391 2957 2394 2394 2962 2397 2391 2391 2391 2397 2391 2391 2392 0 0 2390 2391 2392 0 0 2390 2957 2394 2394 2394 2394 2394 2962 2391 2391 2391 2391 2391 2957 2395 0 0 0 2393 2394 2395 0 0 0 0 0 0 0 0 0 0 0 0 0 0 0 0 0 0 0 0 0 0 0 0 0 0 0 0 0 0 0 0 0 0 0 0 0 0 0 0 0 0 0 0 0 0 0 0 0 0 2390 2391 2398 2391 2391 2392 0 0 0 0 0 0 0 0 0 0 0 0 0 0 0 0 0 0 0 0 0 0 0 0 0 0 0 0 0 0 0 0 0 0 0 0 0 0 0 0 0 0 0 0 0 0 0 0 0 0 0 0 0 0 0 2393 2962 2391 2391 2399 2391 2399 2399 2391 2391 2392 0 44 128 44 0 0 0 0 0 0 0 0 0 0 0 0 0 0 0 0 0 0 0 0 0 0 0 0 0 0 0 0 2384 2998 2388 2388 2388 2388 2997 2385 2386 0 0 0 0 0 0 0 44 0 0 0 44 0 0 0 0 2384 2385 2385 2385 2386 0 0 0 0 0 0 44 44 2961 2391 2391 2392 0 0 0 0 0 0 2387 2388 2388 2991 2994 0 0 0 2990 0 0 0 0 0 44 0 0 0 0 0 0 0 0 0 0 0 0 0 0 0 0 0 0 0 0 0 0 0 0 0 0 0 0 0 0 0 0 0 0 0 0 0 0 0 0 0 0 0 0 0 0 0 0 0 0 0 0 0 0 0 0 0 0 0 0 0 0 0 0 0 0 0 0 0 0 0 0 0 0 2393 2395 0 0 2393 2394 2395 0 0 0 0 0 0 0 0 0 0 0 0 0 0 0 0 0 0 0 0 0 0 0 0 0 0 0 0 0 0 0 0 2949 0 0 2949 0 0 0 0 0 0 0 0 0 0 0 0 0 0 0 0 0 0 0 0 0 0 0 0 0 0 0 0 0 0 0 2393 2394 2394 2962 2391 2391 2391 2391 2397 2391 2391 2397 2391 2391 2391 2391 2397 2391 2399 2399 2391 2391 2397 2397 2391 2391 2391 2397 2391 2391 2958 2385 2385 44 44 44 44 2385 2386 0 0 0 0 0 0 0 0 0 0 0 0 0 0 0 0 0 0 0 0 0 0 0 0 0 0 0 0 0 2387 2960 2391 2398 2398 2391 2391 2398 2392 0 0 0 0 0 0 0 0 0 0 0 0 0 0 0 0 0 0 0 0 0 0 0 0 0 0 0 0 0 0 0 0 0 0 0 0 2393 2394 2395 0 0 2390 2391 2397 2391 2391 2398 2398 2391 2392 0 0 2390 2391 2392 0 0 2390 2395 0 0 0 0 0 2393 2394 2394 2394 2394 2394 2395 0 0 0 0 0 0 0 0 0 0 0 0 0 0 0 0 0 0 0 0 0 0 0 0 0 0 0 0 0 0 0 0 0 0 0 0 0 0 0 0 0 0 0 0 0 0 0 0 0 0 0 0 0 0 0 0 0 2390 2391 2397 2391 2398 2392 0 0 0 0 0 0 0 0 0 0 0 0 0 0 0 0 0 0 0 0 0 0 0 0 0 0 0 0 0 0 0 0 0 0 0 0 0 0 0 0 0 0 0 0 0 0 0 0 0 0 0 0 0 0 0 0 2390 2391 2391 2399 2391 2391 2399 2391 2391 2958 2386 44 44 44 0 0 0 0 0 0 0 0 0 0 0 0 0 0 0 0 0 0 0 0 0 0 0 0 0 44 0 0 2387 2960 2391 2391 2391 2391 2959 2388 2997 2385 2385 2385 2385 2385 2385 2386 0 0 0 0 0 2384 2385 2385 2385 2998 2388 2388 2388 2997 2386 0 0 0 0 2384 2998 2388 2960 2391 2391 2958 2386 0 0 0 0 0 2393 2394 2962 2992 2959 2954 2954 2954 2991 2994 2385 2385 2990 0 0 0 0 0 0 0 0 0 0 0 0 0 0 0 0 0 0 0 0 0 0 0 0 0 0 0 0 0 0 0 0 0 0 0 0 0 0 0 0 0 0 0 0 0 0 0 0 0 0 0 0 0 0 0 0 0 0 0 0 0 0 0 0 0 0 0 0 0 0 0 0 0 0 0 0 0 0 0 0 0 0 0 0 0 0 0 0 0 0 0 2949 0 0 2949 0 0 0 0 0 0 0 0 0 0 0 0 0 0 0 0 0 0 0 83 2956 83 83 2956 83 0 0 0 0 0 0 0 0 0 0 0 0 0 0 0 0 0 0 0 2384 2386 0 0 0 0 0 0 0 0 0 0 0 0 2393 2394 2394 2962 2957 2394 2394 2962 2391 2391 2391 2391 2399 2399 2391 2397 2391 2399 2391 2391 2391 2397 2397 2397 2391 2397 2397 2959 2388 2388 2388 2388 2388 2388 2388 2997 2386 0 0 0 0 0 0 0 0 0 0 83 102 83 0 0 0 0 0 0 0 0 0 0 0 0 0 0 0 2390 2391 2391 2391 2397 2397 2397 2391 2392 0 0 0 0 0 0 0 0 0 0 0 0 0 0 0 0 0 0 0 0 0 0 0 0 0 0 0 0 0 0 0 0 0 0 0 0 0 0 0 0 0 2393 2394 2962 2391 2391 2391 2391 2391 2392 0 0 2390 2957 2395 0 0 2952 0 0 0 0 0 0 0 0 0 0 0 0 0 0 0 0 0 0 0 0 0 0 0 0 0 0 0 0 0 0 0 0 0 0 0 0 0 0 0 0 0 0 0 0 0 0 0 0 0 0 0 0 0 0 0 0 0 0 0 0 0 0 0 2986 2385 2385 2385 2385 2385 2385 2961 2391 2391 2399 2391 2392 0 0 0 0 0 0 0 0 0 0 0 0 0 0 0 0 0 0 0 0 0 0 0 0 0 0 0 0 0 0 0 0 0 0 0 0 0 0 0 0 0 0 0 0 0 0 0 0 0 0 0 0 0 0 0 0 2390 2391 2391 2391 2391 2391 2399 2391 2391 2959 2997 2385 2385 2385 2385 2385 2386 0 0 0 0 0 0 0 0 0 0 0 0 0 0 0 0 0 0 0 0 0 0 0 0 0 2390 2391 2391 2397 2391 2391 2391 2391 2959 2388 2388 2388 2388 2388 2388 2389 0 0 0 0 0 2387 2388 2388 2388 2960 2391 2391 2391 2959 2389 0 0 0 0 2387 2960 2391 2391 2391 2391 2959 2389 0 0 0 0 0 0 0 2393 2962 2392 0 0 0 2390 2959 2388 2388 2991 2994 2386 0 0 0 102 0 0 0 0 0 0 0 0 0 0 0 0 0 0 0 0 0 0 0 0 0 0 0 0 0 0 0 0 0 0 0 0 0 0 0 0 0 0 0 0 0 0 0 0 0 0 0 0 0 0 0 0 0 0 0 0 0 0 0 0 0 0 0 0 0 0 0 0 0 0 0 0 0 0 0 0 0 0 0 0 0 0 0 0 0 2956 83 83 2956 0 0 0 0 0 0 0 0 0 0 0 0 0 0 0 0 0 0 0 0 0 0 0 0 0 0 0 0 0 0 0 0 0 0 0 0 0 0 0 0 0 0 0 83 2953 2955 2948 0 0 0 0 0 0 0 0 0 0 0 0 0 0 2390 2392 0 0 2390 2391 2391 2397 2391 2391 2391 2391 2397 2397 2391 2391 2391 2391 2391 2391 2391 2399 2391 2397 2397 2391 2397 2397 2397 2391 2391 2391 2959 2389 0 0 0 0 0 0 0 0 0 0 0 0 0 0 0 0 0 0 0 0 0 0 0 0 0 0 0 0 2393 2962 2391 2391 2391 2391 2391 2391 2392 0 0 0 0 0 0 0 0 0 0 0 0 0 0 0 0 0 0 2986 2385 2386 0 0 0 0 0 0 0 0 0 0 0 0 0 0 0 0 0 0 0 0 0 0 2393 2394 2394 2394 2394 2394 2395 0 0 2393 2395 0 0 0 0 0 0 0 0 0 0 0 0 0 0 0 0 0 0 0 0 0 0 0 0 0 0 0 0 0 0 0 0 0 0 0 0 0 0 0 0 0 0 0 0 0 0 0 0 0 0 0 0 0 0 0 0 0 0 0 44 44 44 44 0 0 2986 2983 2987 2388 2388 2388 2388 2388 2388 2960 2391 2391 2391 2391 2958 2990 0 0 0 0 0 0 0 0 0 0 0 0 0 0 0 0 0 0 0 0 0 0 0 0 0 0 0 0 0 0 0 0 0 0 0 0 0 0 0 0 0 0 0 0 0 0 0 0 0 0 0 0 0 0 0 2390 2391 2399 2391 2391 2391 2398 2391 2391 2391 2959 2388 2388 2388 2388 2388 2997 2385 2385 2385 2385 2385 2385 2385 2385 2385 2385 2990 0 0 0 0 0 0 0 0 0 0 0 0 0 0 2393 2962 2391 2397 2391 2391 2391 2391 2391 2391 2398 2391 2391 2391 2391 2392 0 0 0 0 0 2390 2391 2391 2398 2398 2391 2391 2391 2391 2392 0 0 0 0 2390 2391 2391 2398 2399 2391 2391 2392 0 0 2384 2386 0 0 0 0 2393 2395 0 0 0 2393 2962 2391 2391 2992 2959 2389 0 0 0 0 0 0 0 0 0 0 0 0 0 0 0 0 0 0 0 0 0 0 0 0 0 0 0 0 0 0 0 0 0 0 0 0 0 0 0 0 0 0 0 0 0 0 0 0 0 0 0 0 0 0 0 0 0 0 0 0 0 0 0 0 0 0 0 0 0 0 0 0 0 0 0 0 0 0 0 0 0 0 0 0 0 0 0 0 0 0 0 0 0 0 0 0 0 0 0 0 0 0 0 0 0 0 0 0 0 0 0 0 0 0 0 0 0 0 0 0 0 0 0 0 0 0 0 0 0 0 0 0 0 0 0 0 0 0 0 0 0 0 0 0 0 0 0 0 0 0 0 0 0 0 2393 2395 0 0 2393 2962 2391 2391 2391 2397 2391 2391 2391 2391 2391 2397 2391 2397 2391 2391 2398 2391 2398 2398 2391 2391 2391 2391 2398 2398 2398 2391 2391 2392 0 0 0 0 0 0 0 0 0 0 0 0 0 0 2384 2385 2386 0 0 0 0 0 2384 2386 0 0 0 0 0 2393 2394 2962 2391 2391 2391 2391 2958 2990 0 0 0 0 0 0 0 0 0 0 0 0 0 2986 2385 2385 2983 2987 2388 2389 0 0 0 0 0 0 0 0 0 0 0 0 0 0 0 0 0 0 0 0 0 0 0 0 0 0 0 0 0 0 0 0 0 0 0 0 0 0 0 0 0 0 0 0 0 0 0 0 0 0 0 0 0 0 0 0 0 0 0 0 0 0 0 0 0 0 0 0 0 0 0 0 0 0 0 0 0 0 0 0 0 0 0 0 0 0 0 0 0 0 2986 2385 2385 2385 2385 2385 2385 2983 2987 2984 2988 2391 2399 2391 2399 2391 2391 2391 2397 2398 2391 2391 2959 2991 2994 2385 2385 2385 2385 2385 2385 2385 2385 2385 2990 0 0 0 0 0 0 0 0 0 0 0 0 0 0 0 0 0 0 0 0 0 0 0 0 0 0 0 0 0 0 0 0 0 0 0 0 0 0 0 0 0 0 0 2384 2961 2391 2391 2391 2391 2391 2391 2391 2391 2391 2391 2391 2391 2391 2391 2391 2959 2388 2388 2388 2388 2388 2388 2388 2388 2388 2388 2991 2994 2385 2385 2385 2386 0 0 0 0 0 0 44 0 0 0 2390 2391 2391 2399 2399 2391 2397 2397 2391 2399 2391 2391 2399 2399 2958 2178 2178 2178 2178 2178 2961 2391 2391 2391 2391 2399 2391 2397 2391 2392 0 0 0 0 2393 2962 2391 2391 2391 2391 2391 2392 0 0 2953 2955 0 0 0 0 0 0 0 0 0 0 2390 2397 2391 2398 2391 2392 0 0 0 0 0 0 0 0 0 0 0 0 0 0 0 0 0 0 0 0 0 0 0 0 0 0 0 0 0 0 0 0 0 0 0 0 0 0 0 0 0 0 0 0 0 0 0 0 0 0 0 0 0 0 0 0 0 0 0 0 0 0 0 0 0 0 0 0 0 0 0 0 0 0 0 0 0 0 0 0 0 0 0 0 0 0 0 0 0 0 0 0 0 0 0 0 0 0 0 0 0 0 0 0 0 0 0 0 0 0 0 0 0 0 0 0 0 0 0 0 0 0 0 0 0 0 0 0 0 0 0 0 0 0 0 0 0 0 0 0 0 0 0 0 0 0 0 0 0 0 0 0 0 0 0 0 0 0 0 2393 2394 2394 2962 2391 2391 2391 2397 2391 2391 2391 2391 2391 2391 2399 2391 2391 2957 2391 2391 2391 2391 2391 2391 2391 2391 2391 2391 2392 0 0 0 0 0 0 0 0 2986 2385 2385 2385 2385 2385 2998 2388 2389 0 0 0 0 0 2387 2389 0 0 0 0 0 0 0 2393 2962 2391 2391 2391 2959 2991 2994 2385 2385 2385 2386 0 0 2384 2385 2385 2385 2385 2983 2987 2388 2388 2960 2391 2391 2392 0 0 0 2384 2386 0 0 0 0 0 0 0 0 0 0 0 0 0 0 0 0 0 0 0 0 0 0 0 0 0 0 0 0 0 0 0 0 0 0 0 0 0 0 0 0 0 0 0 0 0 0 0 0 0 0 0 0 0 0 0 0 0 0 0 0 0 0 0 0 0 0 0 0 0 0 0 0 0 0 0 0 0 0 0 0 0 0 0 2986 2983 2987 2388 2388 2388 2388 2388 2388 2984 2988 2391 2391 2398 2398 2399 2391 2391 2391 2397 2391 2391 2391 2391 2391 2992 2995 2388 2388 2388 2388 2388 2388 2388 2388 2388 2991 2994 2385 2385 2385 2990 0 0 0 0 0 0 0 0 0 0 0 0 0 0 0 0 0 0 0 0 0 0 0 0 0 0 0 0 0 0 0 0 0 0 0 0 0 0 2387 2960 2391 2391 2391 2391 2391 2391 2391 2391 2391 2391 2397 2399 2391 2399 2391 2391 2391 2391 2391 2391 2957 2394 2394 2962 2391 2391 2992 2995 2388 2388 2388 2997 2385 2385 2385 2386 0 0 0 0 0 0 2390 2391 2391 2391 2398 2398 2391 2391 2391 2391 2397 2391 2391 2391 2959 2388 2388 2388 2388 2388 2960 2391 2391 2391 2391 2391 2398 2391 2391 2958 2386 0 0 0 0 2390 2391 2398 2391 2391 2391 2392 0 0 0 0 0 0 0 0 0 0 0 0 0 0 2390 2391 2391 2391 2957 2395 0 0 2384 2385 2386 0 0 0 0 0 0 0 0 0 0 0 0 0 0 0 0 0 0 0 0 0 0 0 0 0 0 0 0 0 0 0 0 0 0 0 0 0 0 0 0 0 0 0 0 0 0 0 0 0 0 0 0 0 0 0 0 0 0 0 0 0 0 0 0 0 0 0 0 0 0 0 0 0 0 0 0 0 0 0 0 0 0 0 0 0 0 0 0 0 0 0 0 0 0 0 0 0 0 0 0 0 0 0 0 0 0 0 0 0 0 0 0 0 0 0 0 0 0 0 0 0 0 0 0 0 0 0 0 0 0 0 0 0 0 0 0 0 0 0 0 0 0 0 0 0 0 0 0 0 0 0 0 0 0 0 0 0 2393 2394 2394 2962 2391 2397 2397 2391 2391 2391 2391 2957 2394 2394 2394 2394 2394 2394 2394 2394 2394 2394 2394 2962 2957 2395 0 0 0 0 2384 2385 2385 2983 2987 2388 2388 2388 2388 2388 2960 2391 2958 44 44 44 44 44 2961 2392 0 0 0 0 0 0 0 0 2393 2394 2962 2391 2391 2391 2959 2388 2388 2388 2389 0 0 2387 2388 2388 2388 2388 2960 2391 2391 2398 2391 2391 2391 2392 0 0 0 2953 2955 0 0 0 0 0 0 0 0 0 0 0 0 0 0 0 0 0 0 0 0 0 0 0 0 0 0 0 0 0 0 0 0 0 0 0 0 0 0 0 0 0 0 0 0 0 0 0 0 0 0 0 0 0 0 0 0 0 0 0 0 0 0 0 0 0 0 0 0 0 0 0 0 0 0 0 0 2384 2385 2385 2385 2385 2385 2983 2987 2984 2988 2391 2391 2391 2399 2391 2391 2391 2391 2391 2398 2397 2399 2397 2397 2391 2391 2397 2391 2399 2399 2398 2391 2391 2391 2391 2391 2391 2391 2391 2391 2391 2391 2391 2992 2995 2388 2388 2388 2991 2994 2385 2385 2385 2385 2385 2385 2385 2386 0 0 0 0 0 0 0 0 0 0 0 0 0 0 0 0 0 0 0 0 0 0 0 0 0 0 0 0 0 2390 2391 2391 2391 2391 2391 2391 2391 2391 2391 2391 2391 2398 2391 2391 2391 2391 2391 2391 2391 2391 2391 2392 0 0 2393 2394 2394 2394 2962 2391 2391 2391 2959 2388 2388 2954 2955 0 0 0 0 0 2384 2961 2397 2391 2391 2391 2391 2391 2391 2398 2398 2399 2391 2391 2391 2391 2391 2391 2391 2391 2398 2391 2391 2399 2397 2391 2399 2391 2391 2391 2959 2389 0 0 0 0 2390 2391 2398 2391 2391 2391 2958 2386 0 0 0 0 0 0 0 0 0 0 0 0 2384 2961 2391 2391 2391 2392 0 0 0 2953 2954 2955 0 0 0 0 0 0 0 0 0 0 0 0 0 0 0 0 0 0 0 0 0 0 0 0 0 0 0 0 0 0 0 0 0 0 0 0 0 0 0 0 0 0 0 0 0 0 0 0 0 0 0 0 0 0 0 0 0 0 0 0 0 0 0 0 0 0 0 0 0 0 0 0 0 0 0 0 0 0 0 0 0 0 0 44 0 44 44 0 44 0 0 0 0 0 0 0 0 0 0 0 0 0 0 0 0 0 0 0 0 0 0 0 0 0 0 0 0 0 0 0 0 0 0 0 0 0 0 0 0 0 44 0 44 44 0 44 0 0 0 0 0 0 0 0 0 0 0 0 0 0 0 0 0 0 0 0 0 0 0 0 2393 2962 2391 2391 2391 2957 2394 2394 2395 0 0 0 0 0 0 0 0 0 0 0 2393 2395 0 0 0 0 0 2387 2388 2388 2984 2397 2391 2391 2391 2391 2391 2391 2391 2959 2388 2388 2388 2388 2388 2960 2395 0 0 0 0 0 0 0 0 0 0 2393 2394 2394 2394 2394 2394 2394 2394 2395 0 0 2393 2394 2394 2394 2394 2962 2391 2391 2391 2391 2398 2391 2392 0 0 0 0 0 0 0 0 0 0 0 0 0 0 0 0 0 0 0 0 0 0 0 0 0 0 0 0 0 0 0 0 0 0 0 0 0 0 0 0 0 0 2949 0 0 2949 0 0 0 0 0 0 0 0 0 0 0 0 0 0 0 0 0 0 0 0 0 0 0 0 0 0 0 0 0 0 0 0 0 0 0 2953 2954 2954 2388 2388 2388 2984 2988 2391 2391 2391 2391 2391 2391 2391 2398 2391 2397 2391 2391 2399 2391 2391 2391 2391 2391 2398 2399 2391 2391 2398 2391 2391 2391 2391 2391 2398 2391 2391 2391 2391 2391 2391 2391 2391 2391 2391 2391 2992 2995 2388 2388 2388 2388 2388 2388 2388 2997 27 28 28 28 28 28 28 28 28 28 28 28 28 28 29 0 0 0 0 0 0 0 0 0 0 0 0 0 0 2393 2962 2391 2391 2391 2391 2391 2391 2391 2391 2391 2391 2391 2391 2391 2391 2391 2398 2391 2957 2394 2394 2395 0 0 0 0 0 0 2393 2394 2394 2394 2394 2394 2395 0 0 0 0 44 0 0 2387 2960 2391 2391 2397 2391 2391 2399 2391 2391 2391 2399 2391 2391 2397 2391 2391 2391 2391 2391 2391 2391 2391 2398 2397 2391 2391 2391 2399 2391 2391 2392 0 0 0 0 2390 2391 2391 2391 2391 2391 2959 2997 2385 2385 2385 2385 2385 2385 2385 2386 0 0 0 0 2387 2960 2391 2391 2391 2392 0 0 0 0 0 0 0 0 0 0 0 0 0 0 0 0 0 0 0 0 0 0 0 0 0 0 0 0 0 0 0 0 0 0 0 0 0 0 0 0 0 0 0 0 0 0 0 0 0 0 0 0 0 0 0 0 0 0 0 0 0 0 0 0 0 0 0 0 0 0 0 0 0 0 0 0 0 0 0 0 0 0 0 0 0 0 0 0 0 0 0 0 0 0 0 0 0 0 0 0 0 0 2986 2385 2385 2385 2385 2386 0 0 0 0 0 0 0 0 0 0 0 0 0 0 0 0 2384 2385 2385 2385 0 0 0 0 0 0 0 0 0 0 0 0 0 0 0 0 0 0 0 0 0 0 0 0 0 0 0 0 0 0 0 0 0 0 0 0 0 0 0 2393 2394 2394 2394 2395 0 0 0 0 0 0 0 0 0 0 0 0 0 0 0 0 0 0 0 0 0 2390 2391 2391 2391 2391 2391 2391 2391 2398 2391 2391 2391 2391 2957 2394 2394 2394 2394 2395 0 0 0 0 0 0 0 0 0 0 0 0 0 0 0 0 0 0 0 0 0 0 0 0 0 0 0 2393 2394 2394 2394 2962 2391 2391 2392 0 0 0 0 0 0 0 0 0 0 0 0 0 0 0 0 0 0 0 0 0 0 0 0 0 0 0 0 0 0 0 0 0 0 0 0 0 0 0 0 0 0 2956 83 83 2956 0 0 0 0 0 0 0 0 0 0 0 0 0 0 0 0 0 0 0 0 0 0 0 0 0 0 0 0 0 0 2956 0 0 0 0 0 0 0 2985 2989 2391 2391 2391 2398 2391 2397 2398 2391 2391 2398 2397 2391 2399 2391 2397 2391 2391 2391 2391 2398 2391 2391 2398 2398 2391 2397 2391 2391 2391 2391 2391 2391 2391 2398 2397 2391 2391 2391 2391 2391 2391 2391 2391 2398 2391 2391 2391 2391 2391 2391 2391 2391 2959 2955 27 28 28 28 29 0 0 0 0 0 0 0 0 0 0 0 0 0 0 0 0 0 0 0 0 0 0 0 0 2393 2962 2391 2391 2391 2391 2391 2957 2394 2394 2394 2394 2962 2391 2957 2394 2394 2394 2395 0 0 0 0 0 0 0 0 0 0 0 0 0 0 0 0 0 0 0 0 0 0 0 2390 2391 2391 2391 2397 2391 2391 2391 2397 2397 2399 2391 2391 2391 2399 2391 2391 2957 2394 2394 2394 2962 2391 2391 2391 2399 2398 2391 2391 2391 2957 2395 0 0 0 0 2390 2391 2391 2391 2391 2391 2391 2959 2388 2388 2388 2388 2388 2388 2388 2389 0 0 44 0 2393 2962 2391 2397 2391 2958 2386 0 0 0 0 0 0 0 0 0 0 0 0 0 0 0 0 0 0 0 0 0 0 0 0 0 0 0 0 0 0 0 0 0 0 0 0 0 0 0 0 0 0 0 0 0 0 0 0 0 0 0 0 0 0 0 0 0 0 0 0 0 0 0 0 0 0 0 0 0 0 0 0 0 0 0 0 0 0 0 0 0 0 0 0 0 0 0 0 0 0 0 0 0 0 0 0 0 0 0 2986 2983 2987 2388 2388 2954 2954 2955 0 0 0 0 0 0 0 0 0 0 0 0 0 0 0 0 2953 2954 2954 2388 2991 2994 0 0 0 0 0 0 0 0 0 0 0 0 0 0 0 0 0 0 0 0 0 0 0 0 0 0 0 0 0 0 0 0 0 0 0 0 0 0 0 0 0 0 0 0 0 0 0 0 0 0 0 0 0 0 0 0 0 0 0 0 0 0 0 2390 2391 2391 2391 2397 2391 2391 2391 2391 2391 2957 2394 2394 2395 0 0 0 0 0 0 0 0 0 0 0 0 0 0 0 0 0 0 0 0 0 0 0 0 0 0 0 0 0 0 0 0 0 0 0 0 2393 2962 2398 2392 0 0 2949 0 0 2949 0 0 0 0 0 0 0 0 0 0 0 0 0 0 0 0 0 0 0 0 0 0 0 0 44 0 44 0 44 0 0 0 0 0 0 0 0 0 0 0 0 0 0 0 0 0 0 44 0 44 0 44 0 0 0 0 0 0 0 0 0 0 0 0 0 2956 0 0 0 0 0 0 0 0 0 0 0 0 0 0 2978 2962 2391 2391 2391 2391 2391 2391 2391 2398 2398 2399 2399 2391 2399 2397 2397 2391 2398 2398 2391 2391 2391 2391 2398 2391 2391 2391 2398 2391 2391 2391 2391 2391 2397 2398 2391 2391 2391 2391 2397 2391 2391 2391 2391 2391 2391 2391 2391 2957 2394 2394 2395 0 0 0 0 0 0 0 0 0 0 0 0 0 0 0 0 0 0 0 0 0 0 0 0 0 0 0 0 0 0 0 2393 2394 2394 2394 2394 2394 2395 0 0 0 0 2393 2394 2395 0 0 0 0 0 0 0 0 0 0 0 0 0 0 0 0 0 0 0 0 0 0 0 0 0 0 0 2393 2962 2391 2391 2391 2398 2391 2391 2399 2391 2398 2398 2391 2391 2391 2391 2391 2392 0 0 0 2390 2391 2391 2391 2399 2391 2391 2397 2391 2392 0 0 0 0 2384 2961 2391 2391 2397 2391 2391 2391 2398 2391 2391 2391 2391 2398 2391 2391 2958 2386 0 0 0 0 2390 2391 2391 2391 2959 2997 2385 2385 2990 0 0 0 0 0 0 0 0 0 0 0 0 0 0 0 0 0 0 0 0 0 0 0 0 0 0 0 0 0 0 0 0 0 0 0 0 0 0 0 0 0 0 0 0 0 0 0 0 0 0 0 0 0 0 0 0 0 0 0 0 0 0 0 0 0 0 0 0 0 0 0 0 0 0 0 0 0 2986 2385 2385 2385 2385 2385 2385 2385 2385 2385 2385 2385 2385 2385 2385 2385 2385 2385 2983 2987 2984 2988 2993 2996 0 0 0 0 0 0 0 0 0 0 0 0 0 0 0 0 0 0 0 0 0 0 2985 2989 2959 2991 2994 2385 2385 2385 2385 2385 2385 2385 2385 2385 2385 2385 2385 2385 2385 2385 2990 0 0 0 0 0 0 0 0 0 0 0 0 0 0 0 0 0 0 0 0 0 0 0 0 0 0 0 0 0 0 0 0 0 0 0 0 0 0 0 0 0 0 0 0 0 2390 2391 2391 2391 2391 2391 2391 2391 2391 2957 2395 0 0 0 0 0 0 0 0 0 0 0 0 0 0 0 0 0 0 0 0 0 0 0 0 0 0 0 0 0 0 0 0 0 0 0 0 0 0 0 0 2390 2391 2392 0 0 2956 83 83 2956 0 0 0 0 0 0 0 0 0 0 0 0 0 0 0 0 0 0 0 0 2384 2385 2385 2385 2385 2385 2385 2385 2385 2385 2385 2385 2386 0 0 0 0 0 0 0 0 0 0 2384 2385 2385 2385 2385 2385 2385 2385 2385 2385 2385 2385 2386 0 0 0 0 2956 0 0 0 0 0 0 0 0 0 0 0 0 0 0 0 0 0 0 0 0 2390 2391 2391 2399 2391 2391 2391 2397 2391 2398 2391 2399 2391 2391 2397 2391 2391 2391 2398 2398 2397 2391 2398 2398 2391 2391 2391 2391 2391 2391 2391 2391 2391 2391 2391 2391 2398 2398 2391 2391 2398 2391 2391 2391 2391 2391 2957 2993 2996 0 0 0 0 0 0 0 0 0 0 0 0 0 0 0 0 0 0 0 0 0 2949 0 0 2949 0 0 0 0 0 0 0 0 0 0 0 0 0 0 0 0 0 0 0 0 0 0 0 0 0 0 0 0 0 0 0 0 0 0 0 0 0 0 0 0 0 0 0 0 0 0 0 44 0 0 0 2390 2391 2391 2391 2391 2391 2391 2391 2391 2398 2398 2391 2391 2391 2391 2957 2395 0 0 0 2393 2962 2391 2391 2391 2391 2391 2391 2391 2392 0 0 0 0 2387 2960 2391 2391 2391 2391 2391 2391 2391 2391 2391 2398 2391 2398 2391 2391 2959 2389 0 0 0 0 2390 2391 2397 2391 2391 2959 2388 2388 2991 2994 2990 0 0 0 0 0 0 0 0 0 0 0 0 0 0 0 0 0 0 0 0 0 0 0 0 0 0 0 0 0 0 0 0 0 0 0 0 0 0 0 0 0 0 0 0 0 0 0 0 0 0 0 0 0 0 0 0 0 0 0 0 0 0 0 0 0 0 0 0 0 2986 2385 2385 2385 2385 2983 2987 2388 2388 2388 2388 2388 2388 2388 2388 2388 2388 2388 2388 2388 2388 2388 2388 2388 2984 2391 2957 2982 0 0 0 0 0 0 0 0 0 0 0 0 0 0 0 0 0 0 0 0 0 0 0 0 0 0 2978 2962 2959 2388 2388 2388 2388 2388 2388 2388 2388 2388 2388 2388 2388 2388 2388 2388 2991 2994 2990 0 0 0 0 0 0 0 0 0 0 0 0 0 0 0 0 0 0 0 0 0 0 0 0 0 0 0 0 0 0 0 0 0 0 0 0 0 0 0 0 0 0 0 2390 2391 2391 2391 2391 2391 2391 2398 2391 2392 44 44 44 0 0 0 0 0 0 0 2986 2385 2385 2385 2385 2386 0 0 0 0 0 0 0 0 0 0 0 0 0 0 0 0 0 0 0 0 0 0 0 0 0 2390 2397 2392 0 0 0 0 0 0 0 0 0 0 0 0 0 0 0 0 0 44 44 44 44 0 0 0 0 0 2953 2954 2954 2388 2388 2388 2388 2388 2388 2388 2388 2388 2389 0 0 0 0 0 0 0 0 0 0 2387 2388 2388 2388 2388 2388 2388 2388 2388 2388 2954 2954 2955 0 0 0 0 0 0 0 0 0 0 0 0 0 0 0 0 0 0 0 0 0 0 0 0 0 2390 2391 2391 2398 2391 2391 2391 2391 2398 2391 2398 2398 2391 2398 2391 2391 2391 2398 2391 2391 2391 2398 2391 2391 2391 2391 2391 2391 2391 2391 2391 2391 2391 2391 2391 2391 2391 2391 2391 2391 2391 2391 2391 2391 2391 2957 2982 0 0 0 0 0 0 0 0 0 0 0 0 0 0 0 0 0 0 0 0 0 0 83 2956 83 83 2956 83 0 0 0 0 0 0 0 0 0 0 0 0 0 0 0 0 0 0 0 0 0 0 0 0 0 0 0 0 0 0 0 0 0 0 0 0 0 0 0 0 0 0 0 0 0 0 0 0 0 0 2390 2391 2391 2391 2391 2391 2391 2391 2391 2391 2391 2391 2957 2394 2394 2395 0 0 0 0 0 2393 2394 2394 2962 2391 2391 2391 2391 2392 0 0 0 0 2390 2391 2391 2391 2391 2391 2391 2391 2391 2391 2391 2391 2391 2391 2391 2391 2391 2392 0 44 0 0 2390 2391 2391 2391 2391 2391 2391 2391 2992 2995 2991 2994 2385 2385 2386 0 0 0 0 0 0 0 0 0 0 0 44 0 0 0 44 0 0 0 44 0 0 0 44 0 0 0 44 0 0 0 0 0 0 0 44 0 0 0 44 0 0 0 44 0 0 0 44 0 0 0 44 0 0 0 0 0 0 0 0 0 0 0 0 2983 2987 2388 2388 2388 2388 2960 2988 2399 2399 2398 2391 2391 2391 2391 2391 2391 2391 2391 2391 2391 2391 2397 2391 2391 2391 2391 2392 0 0 0 0 0 0 0 0 0 0 0 0 0 0 0 0 0 0 0 0 0 0 0 0 0 0 0 0 2390 2391 2391 2391 2391 2391 2391 2391 2391 2391 2391 2391 2391 2391 2391 2391 2391 2391 2391 2991 2994 2990 0 0 0 0 0 0 0 0 0 0 0 0 0 0 0 2384 2385 2385 2385 2386 0 0 0 0 0 44 0 44 0 44 0 44 0 44 0 0 0 0 0 0 0 2390 2391 2391 2397 2398 2391 2391 2398 2391 2392 44 103 44 0 0 0 0 0 2986 2983 2987 2388 2388 2388 2388 2997 2385 2385 2385 2386 0 0 0 0 0 0 0 0 0 0 0 0 0 0 0 0 0 0 0 0 2384 2961 2391 2392 0 0 0 0 0 0 0 0 0 0 0 0 0 0 0 0 2384 2385 2385 2385 2385 2386 0 0 0 0 0 0 0 2985 2989 2962 2391 2391 2391 2398 2398 2391 2392 0 0 0 0 0 0 0 0 0 0 2390 2391 2391 2391 2391 2391 2391 2957 2993 2996 0 0 0 0 0 0 0 0 0 0 0 0 0 0 0 0 0 0 0 0 0 0 0 0 0 0 0 0 2390 2391 2391 2391 2398 2397 2391 2397 2391 2391 2391 2391 2391 2391 2391 2398 2398 2398 2397 2391 2391 2398 2391 2391 2391 2391 2391 2391 2391 2391 2391 2391 2398 2391 2391 2391 2391 2391 2398 2391 2391 2398 2391 2391 2391 2392 0 0 0 0 0 0 0 0 0 0 0 0 0 0 0 0 0 0 0 0 0 0 0 0 0 0 0 0 0 0 0 0 0 0 0 0 0 0 0 0 0 0 0 0 0 0 0 0 0 0 0 0 0 0 0 0 0 0 0 0 0 0 0 0 0 0 0 0 0 0 0 0 0 0 0 0 0 0 0 2390 2391 2391 2391 2391 2957 2394 2394 2394 2962 2391 2957 2395 0 0 0 0 0 0 0 0 0 0 0 2393 2962 2391 2391 2957 2395 0 0 0 0 2393 2962 2391 2391 2391 2391 2391 2398 2391 2391 2391 2391 2391 2391 2391 2391 2957 2395 0 0 0 2384 2961 2391 2391 2391 2398 2398 2391 2391 2398 2391 2992 2995 2388 2388 2389 27 28 28 28 28 28 28 28 28 28 28 28 28 29 0 0 0 0 0 0 0 0 0 0 0 0 0 0 0 0 0 0 0 0 0 0 0 0 0 0 0 0 0 0 0 0 0 0 0 27 28 28 28 28 28 28 28 28 28 28 28 28 29 2998 2960 2988 2391 2391 2391 2391 2391 2391 2399 2391 2391 2391 2391 2391 2397 2391 2399 2391 2391 2397 2391 2391 2398 2391 2391 2391 2397 2392 0 0 0 0 0 0 0 0 0 0 0 0 0 0 0 0 0 0 0 0 0 0 0 0 0 0 0 0 2390 2391 2397 2397 2391 2391 2397 2399 2391 2391 2391 2391 2391 2391 2397 2391 2391 2391 2391 2391 2391 2991 2994 2385 2385 2385 2385 2385 2385 2385 2385 2386 0 0 0 0 0 2387 2388 2388 2388 2389 0 0 0 0 0 2384 2385 2385 2385 2385 2385 2385 2385 2385 2385 2385 2386 0 0 0 0 2390 2391 2391 2397 2391 2391 2391 2391 2391 2392 44 44 44 0 0 0 2986 2983 2987 2984 2988 2391 2391 2391 2391 2959 2388 2388 2388 2389 0 0 0 0 0 0 0 0 0 0 0 0 0 0 0 0 0 0 0 0 2387 2960 2391 2392 0 0 0 0 0 0 0 44 44 44 44 0 0 0 0 0 2953 2954 2954 2954 2954 2955 0 0 0 0 0 0 0 0 0 2978 2962 2391 2391 2391 2391 2391 2958 2178 2178 2178 2178 2178 2178 2178 2178 2178 2178 2961 2391 2391 2398 2398 2391 2957 2982 0 0 0 0 0 0 0 0 0 0 0 0 0 0 0 0 0 0 0 0 0 0 0 0 0 0 0 0 0 0 2390 2391 2391 2399 2391 2391 2391 2391 2391 2391 2391 2398 2398 2391 2391 2398 2398 2397 2391 2391 2391 2391 2391 2391 2391 2391 2391 2391 2391 2391 2398 2391 2398 2391 2391 2398 2391 2391 2391 2391 2391 2391 2391 2391 2391 2392 0 0 44 44 44 44 44 44 0 0 0 0 0 0 0 0 0 0 0 0 0 0 0 0 0 0 0 0 0 0 0 0 0 0 0 0 0 0 0 0 0 0 0 0 0 0 0 0 0 0 0 0 0 0 0 0 0 0 0 0 0 0 0 0 0 0 0 0 0 0 0 0 0 0 0 44 0 0 2384 2961 2391 2399 2391 2957 2395 0 0 0 2393 2394 2395 0 0 0 0 0 0 0 0 0 0 0 0 0 2393 2394 2394 2395 0 0 0 0 0 0 2393 2394 2394 2394 2394 2394 2394 2394 2394 2394 2394 2394 2394 2394 2394 2395 0 0 0 0 2387 2960 2391 2397 2391 2391 2391 2397 2391 2391 2391 2391 2957 2394 2962 2959 2955 27 28 28 28 29 0 0 0 0 0 0 0 0 0 0 0 0 0 0 0 0 0 0 0 0 0 0 0 0 0 0 0 0 0 0 0 0 0 0 0 0 0 0 0 0 0 0 0 0 0 0 0 0 0 0 0 27 28 28 28 29 2387 2960 2391 2391 2391 2398 2391 2397 2391 2398 2391 2391 2391 2391 2391 2391 2397 2391 2399 2399 2399 2399 2397 2391 2398 2391 2397 2391 2397 2392 0 0 0 0 0 0 0 0 0 0 0 0 0 0 0 0 0 0 0 0 0 0 0 0 0 0 0 0 2390 2391 2391 2391 2391 2397 2391 2399 2397 2399 2391 2397 2391 2391 2391 2397 2397 2399 2399 2399 2399 2391 2391 2388 2388 2388 2388 2388 2388 2388 2388 2389 0 0 0 0 0 2390 2391 2391 2391 2392 0 0 0 0 0 2387 2388 2388 2388 2388 2388 2388 2388 2388 2388 2388 2389 0 0 0 0 2390 2398 2391 2391 2398 2391 2397 2397 2391 2958 2385 2385 2385 2385 2385 2983 2987 2984 2988 2391 2391 2391 2397 2397 2397 2391 2391 2391 2391 2392 0 0 0 0 0 0 0 0 0 0 0 0 0 0 0 0 0 0 0 0 2390 2391 2391 2392 0 0 0 0 0 0 2384 2385 2385 2385 2385 2386 0 0 0 0 0 0 0 0 0 0 0 0 0 0 0 0 0 0 0 0 2390 2391 2397 2398 2391 2398 2959 2388 2388 2388 2388 2388 2388 2388 2388 2388 2388 2398 2391 2391 2397 2391 2391 2392 0 0 0 0 0 0 0 0 0 0 0 0 0 0 0 0 0 0 0 0 0 0 0 0 0 0 0 0 0 0 0 2390 2391 2391 2399 2391 2391 2398 2391 2398 2398 2398 2391 2391 2397 2391 2391 2398 2398 2391 2391 2398 2391 2391 2391 2391 2391 2391 2391 2391 2391 2391 2391 2391 2397 2391 2391 2391 2391 2391 2398 2391 2391 2391 2391 2391 2392 0 0 83 2956 83 83 2956 83 0 0 0 0 0 0 0 0 0 0 0 0 0 2384 2385 2385 2385 2385 2385 2385 2385 2385 2386 0 0 0 0 0 0 0 0 0 0 0 0 0 0 0 0 0 0 0 0 0 0 0 0 0 0 0 0 0 0 0 0 0 0 0 0 0 0 2986 2385 2385 2385 2385 2385 2385 2385 2385 2998 2960 2391 2398 2391 2392 0 0 0 0 0 0 0 0 0 0 0 0 0 0 0 0 0 0 0 0 0 0 0 0 0 0 0 0 0 0 0 0 0 0 0 0 0 0 0 0 0 0 0 0 0 0 0 0 44 0 2390 2391 2391 2391 2391 2391 2391 2391 2391 2391 2957 2993 2996 0 2393 2395 0 0 0 0 0 0 0 0 0 0 0 0 0 0 0 0 0 0 0 0 0 0 0 0 0 0 0 0 0 0 0 0 0 0 0 0 0 0 0 0 0 0 0 0 0 0 0 0 0 0 0 0 0 0 0 0 0 0 0 0 0 0 2393 2394 2394 2962 2391 2391 2391 2397 2391 2391 2398 2391 2397 2391 2399 2399 2398 2397 2391 2398 2397 2399 2397 2391 2391 2391 2391 2391 2397 2392 0 0 0 0 0 0 0 0 0 0 0 0 0 0 0 0 0 0 0 0 0 0 0 0 0 0 0 0 2390 2391 2399 2391 2391 2391 2399 2397 2397 2391 2391 2391 2391 2391 2391 2397 2397 2397 2391 2391 2399 2391 2391 2391 2391 2391 2397 2397 2391 2391 2391 2958 2178 2178 2178 2178 2178 2961 2391 2397 2391 2958 2178 2178 2178 2178 2178 2961 2391 2391 2391 2391 2391 2391 2391 2391 2391 2391 2958 2178 2178 2178 2178 2961 2398 2391 2391 2397 2398 2391 2398 2391 2959 2388 2388 2388 2388 2388 2984 2988 2391 2391 2391 2391 2397 2391 2391 2391 2398 2391 2391 2391 2392 0 0 0 0 0 0 0 0 0 0 0 0 0 0 0 0 0 0 0 0 2390 2391 2397 2958 2386 0 0 0 0 0 2953 2954 2954 2954 2954 2955 0 0 0 0 0 0 0 0 0 0 0 0 0 0 0 0 0 0 0 0 2390 2391 2391 2391 2391 2398 2391 2391 2391 2391 2391 2391 2398 2391 2391 2398 2391 2391 2398 2391 2391 2391 2391 2392 0 0 0 0 0 0 0 0 0 0 0 0 0 0 0 0 0 0 0 0 0 0 0 0 0 0 0 0 0 0 0 2390 2391 2391 2391 2397 2398 2399 2391 2398 2391 2398 2391 2391 2391 2397 2391 2391 2391 2391 2391 2391 2391 2391 2391 2391 2391 2391 2391 2391 2391 2391 2391 2391 2391 2391 2391 2391 2391 2391 2391 2391 2391 2391 2391 2391 2392 0 0 0 0 0 0 0 0 0 0 0 0 0 0 0 0 0 0 0 0 0 2953 2954 2954 2954 2954 2954 2954 2954 2954 2955 0 0 0 0 0 0 0 0 0 0 0 0 0 0 0 2384 2385 2385 2385 2385 2385 2990 0 44 0 0 44 0 0 44 0 0 44 0 2986 2385 2385 2983 2987 2388 2388 2388 2388 2388 2388 2388 2388 2960 2391 2391 2391 2957 2395 0 0 0 0 0 0 0 0 0 0 0 0 0 0 0 0 0 0 0 0 0 0 0 0 0 0 0 0 0 0 0 0 0 0 0 0 0 0 0 0 0 0 0 0 0 0 0 0 0 0 2393 2962 2391 2391 2391 2391 2391 2391 2391 2957 2982 0 0 0 0 0 0 0 0 0 0 0 0 0 0 0 0 0 0 0 0 0 0 0 0 0 0 0 0 0 0 0 0 0 0 0 0 0 0 0 0 0 0 0 0 0 0 0 0 0 0 0 0 0 0 0 0 0 0 0 0 0 0 0 0 0 0 0 0 0 0 2985 2989 2962 2391 2391 2391 2399 2398 2391 2398 2398 2391 2399 2397 2397 2391 2391 2391 2391 2399 2391 2398 2391 2391 2391 2391 2392 0 0 0 0 0 0 0 0 0 0 0 0 0 0 0 0 0 0 0 0 0 0 0 0 0 0 0 0 2390 2391 2399 2391 2391 2391 2391 2391 2391 2391 2391 2399 2391 2391 2391 2391 2391 2391 2397 2391 2391 2397 2399 2391 2391 2391 2391 2391 2391 2391 2391 2959 2388 2388 2388 2388 2388 2960 2391 2391 2391 2959 2388 2388 2388 2388 2388 2960 2391 2391 2391 2397 2397 2391 2391 2391 2391 2391 2959 2388 2388 2388 2388 2960 2391 2391 2391 2391 2391 2391 2397 2391 2391 2391 2391 2391 2391 2391 2391 2391 2398 2391 2397 2391 2391 2391 2391 2398 2398 2391 2391 2391 2392 0 0 0 0 0 0 0 0 0 0 0 0 0 0 0 0 0 0 0 0 2390 2391 2397 2959 2389 0 0 0 0 0 0 0 0 0 0 0 0 0 0 0 0 0 0 0 0 0 0 0 0 0 0 0 0 0 0 0 2390 2391 2391 2391 2391 2398 2391 2391 2398 2398 2398 2391 2391 2391 2398 2398 2391 2391 2391 2397 2391 2391 2391 2392 0 0 0 0 0 0 0 0 0 0 0 0 0 0 0 0 0 0 0 0 0 0 0 0 0 0 0 0 0 0 0 2390 2391 2391 2391 2397 2391 2391 2391 2391 2391 2398 2391 2391 2391 2391 2391 2398 2398 2397 2391 2391 2391 2391 2391 2391 2391 2391 2391 2391 2391 2391 2391 2391 2391 2391 2398 2391 2397 2391 2391 2398 2391 2391 2391 2391 2392 0 0 0 0 0 0 0 0 0 0 0 0 0 0 0 0 0 2956 0 0 0 0 0 0 0 0 0 0 0 0 0 0 0 0 0 0 0 0 0 0 0 0 0 0 0 0 2953 2954 2954 2388 2388 2388 2991 2994 2385 2385 2385 2385 2385 2385 2385 2385 2385 2385 2983 2987 2388 2388 2984 2988 2391 2391 2399 2399 2397 2391 2391 2391 2391 2391 2391 2391 2392 0 0 0 0 0 0 0 0 2949 0 0 2949 0 0 0 0 0 0 0 0 0 0 0 0 0 0 0 0 0 0 0 0 0 0 0 0 0 0 0 0 0 0 0 0 0 0 0 0 0 0 0 0 2390 2391 2391 2391 2391 2391 2398 2391 2392 0 0 0 0 0 0 0 0 0 0 0 0 0 0 0 0 0 0 0 0 0 0 0 0 0 0 0 0 0 0 0 0 0 0 0 0 0 0 0 0 0 0 0 0 0 0 0 0 0 0 0 0 0 0 0 0 0 0 0 0 0 0 0 0 0 0 0 0 0 0 0 0 0 2978 2962 2391 2397 2391 2399 2391 2391 2391 2391 2398 2397 2391 2391 2399 2391 2399 2391 2391 2391 2397 2398 2391 2391 2392 0 0 0 0 0 0 0 0 0 0 0 0 0 0 0 0 0 0 0 0 0 0 0 0 0 0 0 0 2390 2391 2391 2399 2391 2397 2391 2391 2391 2391 2391 2391 2391 2391 2391 2397 2391 2391 2391 2391 2391 2397 2399 2399 2391 2391 2399 2399 2391 2397 2391 2391 2399 2391 2391 2391 2391 2399 2391 2397 2397 2391 2391 2399 2391 2391 2397 2391 2391 2391 2391 2391 2391 2397 2391 2391 2391 2391 2391 2391 2391 2391 2391 2398 2391 2391 2391 2397 2391 2397 2391 2391 2391 2391 2391 2398 2391 2391 2391 2391 2391 2398 2391 2391 2398 2391 2391 2398 2391 2391 2391 2398 2392 0 0 0 0 0 0 0 0 0 0 0 0 0 0 0 0 0 0 0 0 2390 2391 2391 2391 2392 0 0 0 0 0 0 0 0 0 0 0 0 0 0 0 0 0 0 0 0 0 0 0 0 0 0 0 0 0 0 0 2390 2391 2391 2391 2397 2391 2391 2391 2397 2391 2398 2391 2391 2397 2391 2391 2391 2398 2397 2391 2391 2391 2391 2392 0 0 0 0 0 0 0 0 0 0 0 0 0 0 0 0 0 0 0 0 0 0 0 0 0 0 0 0 0 0 0 2390 2391 2391 2391 2391 2391 2391 2391 2391 2397 2391 2391 2391 2391 2397 2391 2398 2391 2397 2391 2398 2391 2391 2391 2391 2391 2397 2391 2391 2391 2391 2391 2391 2391 2391 2398 2391 2391 2391 2391 2398 2391 2391 2391 2391 2392 0 0 0 0 0 0 0 0 0 0 0 0 0 2956 0 0 0 0 0 0 0 0 0 0 0 0 0 0 0 0 0 0 0 0 0 0 0 0 0 0 0 0 0 0 0 0 0 0 0 2985 2989 2962 2992 2995 2388 2388 2388 2388 2388 2388 2388 2388 2388 2388 2984 2988 2391 2391 2391 2391 2391 2391 2391 2391 2397 2391 2391 2391 2391 2399 2391 2391 2392 0 0 0 0 0 0 0 83 2956 83 83 2956 83 0 0 0 0 0 0 0 0 0 0 0 0 0 0 0 0 0 0 0 0 0 0 0 0 0 0 0 0 0 0 0 0 0 0 0 0 44 0 0 2390 2391 2391 2391 2391 2391 2391 2391 2392 0 0 0 0 0 0 0 0 0 0 0 0 0 0 0 0 0 0 0 0 0 0 0 0 0 0 0 0 0 0 0 0 0 0 0 0 0 0 0 0 0 0 0 0 0 0 0 0 0 0 0 0 0 0 0 0 0 0 0 0 0 0 0 0 0 0 0 0 0 0 0 0 0 0 2390 2391 2397 2391 2398 2391 2391 2398 2398 2398 2391 2391 2398 2399 2391 2391 2391 2397 2397 2397 2398 2397 2391 2392 0 0 0 0 0 0 0 0 0 0 0 0 0 0 0 0 0 0 0 0 0 0 0 0 0 0 0 0 2390 2391 2391 2397 2391 2397 2397 2399 2391 2391 2397 2391 2391 2391 2391 2391 2391 2397 2399 2391 2391 2391 2391 2397 2397 2391 2397 2397 2391 2397 2399 2391 2391 2391 2399 2391 2391 2391 2391 2391 2391 2399 2399 2391 2391 2391 2391 2391 2391 2391 2391 2391 2391 2391 2391 2391 2391 2391 2391 2398 2398 2391 2391 2391 2391 2391 2391 2391 2391 2391 2398 2391 2391 2391 2391 2398 2391 2391 2391 2398 2391 2397 2391 2391 2391 2391 2391 2391 2391 2397 2391 2398 2392 0 0 0 0 0 0 0 0 0 0 0 0 0 0 0 0 0 0 0 0 2390 2391 2391 2391 2392 0 0 0 0 0 0 0 0 0 0 0 0 0 0 0 0 0 0 0 0 0 0 0 0 0 0 0 0 0 0 0 2390 2391 2391 2391 2398 2398 2391 2391 2391 2391 2398 2391 2391 2397 2398 2391 2398 2391 2391 2391 2391 2391 2397 2392 0 0 0 0 0 0 0 0 0 0 0 0 0 0 0 0 0 0 0 0 0 0 0 0 0 0 0 0 0 0 0 2390 2391 2391 2391 2391 2397 2391 2391 2391 2397 2391 2391 2391 2391 2397 2391 2391 2391 2391 2391 2391 2391 2391 2391 2391 2391 2391 2391 2391 2391 2391 2391 2391 2391 2398 2391 2391 2391 2391 2391 2398 2391 2391 2391 2391 2392 0 0 0 0 0 0 0 0 0 0 0 0 0 0 0 0 0 0 0 0 0 0 0 0 0 0 0 0 0 0 0 0 0 0 0 0 0 0 2949 0 0 0 0 0 0 0 0 0 0 0 0 2978 2962 2391 2391 2391 2391 2391 2391 2391 2391 2391 2391 2391 2391 2391 2391 2391 2391 2391 2399 2391 2398 2391 2399 2391 2391 2391 2391 2399 2391 2391 2392 0 0 0 0 0 0 0 0 0 0 0 0 0 0 0 0 0 0 0 0 0 0 0 0 0 0 0 0 0 0 0 0 0 0 0 0 0 0 0 0 0 0 0 0 0 0 0 0 0 0 0 0 2390 2391 2391 2397 2391 2391 2391 2391 2392 0 0 0 0 0 0 0 0 0 0 0 0 0 0 0 0 0 0 0 0 0 0 0 0 0 0 0 0 0 0 0 0 0 0 0 0 0 0 0 0 0 0 0 0 0 0 0 0 0 0 0 0 0 0 0 0 0 0 0 0 0 0 0 0 0 0 0 0 0 0 0 0 0 0 2390 2391 2391 2391 2391 2391 2397 2391 2391 2391 2397 2391 2391 2391 2391 2397 2391 2391 2391 2391 2391 2391 2391 2392 0 0 0 0 0 0 0 0 0 0 0 0 0 0 0 0 0 0 0 0 0 0 0 0 0 0 0 0 2390 2391 2391 2397 2397 2391 2391 2391 2391 2391 2391 2391 2391 2399 2391 2391 2391 2391 2391 2391 2391 2399 2399 2399 2391 2391 2391 2391 2391 2397 2391 2391 2397 2391 2399 2397 2397 2391 2397 2397 2391 2391 2391 2399 2399 2391 2391 2391 2391 2391 2398 2391 2391 2391 2391 2391 2391 2391 2391 2391 2391 2391 2397 2397 2397 2391 2391 2391 2391 2398 2391 2398 2391 2391 2397 2397 2391 2391 2398 2391 2397 2391 2391 2391 2398 2397 2398 2391 2391 2397 2391 2391 2392 0 0 0 0 0 0 0 0 0 0 0 0 0 0 0 0 0 0 0 0 2390 2391 2391 2391 2392 0 0 0 0 0 0 0 0 0 0 0 0 0 0 0 0 0 0 0 0 0 0 0 0 0 0 0 0 0 0 0 2390 2391 2391 2391 2391 2391 2391 2391 2391 2398 2391 2398 2391 2391 2398 2398 2398 2397 2391 2391 2391 2397 2391 2392 0 0 0 0 0 0 0 0 0 0 0 0 0 0 0 0 0 0 0 0 0 0 0 0 0 0 0 0 0 0 0 2390 2391 2391 2391 2391 2397 2391 2391 2391 2391 2398 2391 2391 2391 2397 2391 2391 2391 2391 2398 2391 2391 2391 2391 2391 2391 2391 2391 2391 2391 2391 2398 2398 2391 2391 2391 2391 2391 2391 2391 2398 2391 2391 2391 2391 2392 0 0 0 0 0 0 0 0 0 0 0 0 0 0 0 0 0 0 0 0 0 0 0 0 0 0 0 0 0 0 0 0 0 0 0 0 0 0 2956 0 0 0 0 0 0 0 0 0 0 0 0 0 2390 2391 2391 2399 2398 2399 2391 2397 2391 2399 2399 2391 2391 2391 2391 2398 2391 2399 2391 2391 2391 2391 2391 2391 2391 2398 2399 2399 2391 2391 2958 44 44 0 0 0 0 0 0 0 0 0 0 0 0 0 0 0 0 0 2384 2385 2385 2385 2385 2385 2386 0 0 0 0 0 2384 2385 2385 2385 2385 2385 2385 2385 2385 2385 2385 2385 2385 2385 2385 2386 0 0 0 0 0 2390 2391 2391 2391 2391 2397 2391 2391 2392 0 0 0 0 0 0 0 0 0 0 0 0 0 0 0 0 0 0 0 0 0 0 0 0 0 0 0 0 0 0 0 0 0 0 0 0 0 0 0 0 0 0 0 0 0 0 0 0 0 0 0 0 0 0 0 0 0 0 0 0 0 0 0 0 0 0 0 0 0 0 0 0 0 0 2390 2391 2391 2391 2391 2391 2391 2398 2398 2399 2397 2391 2391 2391 2391 2397 2397 2391 2391 2391 2391 2391 2391 2392 0 0 0 0 0 0 0 0 0 0 0 0 0 0 0 0 0 0 0 0 0 0 0 0 0 0 0 0 2390 2391 2391 2391 2391 2391 2391 2391 2391 2391 2391 2391 2391 2391 2391 2391 2391 2391 2391 2391 2391 2391 2391 2391 2391 2391 2391 2391 2391 2391 2391 2391 2391 2391 2391 2391 2391 2391 2391 2391 2399 2391 2391 2391 2397 2391 2399 2391 2391 2391 2391 2391 2391 2391 2391 2391 2391 2397 2391 2398 2391 2391 2391 2391 2397 2391 2391 2391 2391 2398 2391 2398 2391 2391 2391 2398 2391 2391 2391 2391 2391 2391 2391 2391 2398 2391 2391 2391 2397 2391 2391 2391 2392 0 0 0 0 0 0 0 0 0 0 0 0 0 0 0 0 0 0 0 0 2390 2398 2391 2397 2392 0 0 0 0 0 0 0 0 0 0 0 0 0 0 0 0 0 0 0 0 0 0 0 0 0 0 0 0 0 0 0 2390 2391 2391 2391 2391 2391 2398 2391 2398 2397 2391 2397 2391 2391 2391 2391 2391 2397 2391 2391 2391 2391 2391 2392 0 0 0 0 0 0 0 0 0 0 0 0 0 0 0 0 0 0 0 0 0 0 0 0 0 0 0 0 0 0 0 2390 2391 2391 2391 2397 2391 2391 2397 2391 2391 2391 2391 2391 2391 2391 2391 2391 2391 2391 2391 2391 2391 2391 2391 2391 2391 2391 2391 2391 2391 2391 2391 2391 2391 2391 2391 2391 2391 2391 2391 2391 2391 2391 2391 2391 2392 0 0 0 0 0 0 0 0 0 0 0 0 0 0 0 0 0 0 0 0 0 0 0 0 0 0 0 0 0 0 0 0 0 0 0 0 0 0 0 0 0 0 0 0 0 0 0 0 0 0 0 0 2390 2391 2391 2399 2399 2391 2391 2391 2391 2391 2391 2391 2391 2399 2391 2399 2399 2391 2398 2398 2391 2399 2391 2391 2391 2391 2391 2391 2391 2391 2959 2997 44 44 2385 2385 2385 2385 2385 2385 2385 2385 2385 2385 2385 2385 2385 2385 2385 2385 2998 2388 2388 2388 2388 2388 2389 0 0 0 0 0 2387 2388 2388 2388 2388 2388 2388 2388 2388 2388 2388 2388 2388 2388 2388 2389 0 0 0 0 0 2390 2391 2391 2391 2391 2391 2391 2391 2392 0 0 0 0 0 0 0 0 0 0 0 0 0 0 0 0 0 0 0 0 0 0 0 0 0 0 0 0 0 0 0 0 0 0 0 0 0 0 0 0 0 0 0 0 0 0 0 0 0 0 0 0 0 0 0 0 0 0 0 0 0 0 0 0 0 0 0 0 0 0 0 0 0 0 2390 2391 2398 2391 2391 2391 2391 2391 2397 2397 2391 2391 2391 2391 2391 2391 2399 2397 2391 2391 2391 2391 2391 2392 0 0 0 0 0 0 0 0 0 0 0 0 0 0 0 0 0 0 0 0 0 0 0 0 0 0 0 0 2390 2391 2391 2391 2391 2391 2391 2391 2391 2391 2391 2391 2391 2391 2391 2391 2391 2391 2391 2391 2391 2397 2391 2391 2391 2391 2391 2391 2391 2391 2397 2397 2397 2391 2391 2391 2391 2399 2399 2391 2391 2391 2391 2391 2391 2391 2391 2391 2391 2391 2398 2391 2391 2391 2391 2391 2391 2391 2391 2398 2397 2397 2397 2397 2391 2391 2391 2391 2391 2398 2391 2391 2391 2391 2391 2398 2391 2391 2398 2391 2391 2391 2391 2391 2391 2398 2391 2391 2398 2391 2391 2391 2392 0 0 0 0 0 0 0 0 0 0 0 0 0 0 0 0 0 0 0 0 2390 2391 2391 2391 2392 0 0 0 0 0 0 0 0 0 0 0 0 0 0 0 0 0 0 0 0 0 0 0 0 0 0 0 0 0 0 0 2390 2391 2391 2398 2391 2391 2391 2391 2391 2397 2391 2391 2391 2397 2398 2398 2391 2397 2397 2391 2391 2391 2391 2392 0 0 0 0 0 0 0 0 0 0 0 0 0 0 0 0 0 0 0 0 0 0 0 0 0 0 0 0 0 0 0 2390 2391 2391 2391 2391 2391 2391 2391 2391 2391 2391 2391 2391 2391 2391 2391 2391 2391 2391 2391 2391 2391 2391 2391 2391 2391 2391 2391 2391 2391 2391 2391 2391 2391 2391 2391 2391 2391 2391 2391 2391 2391 2391 2391 2391 2392 0 0 0 0 0 0 0 0 0 0 0 0 0 0 0 0 0 0 0 0 0 0 0 0 0 0 0 0 0 0 0 0 0 0 0 0 0 0 0 0 0 0 0 0 0 0 0 0 0 0 0 0 2390 2391 2391 2391 2399 2391 2399 2391 2391 2391 2399 2391 2391 2399 2391 2391 2391 2391 2391 2391 2391 2391 2391 2391 2391 2391 2397 2391 2391 2398 2391 2959 2388 2388 2388 2388 2388 2388 2388 2388 2388 2388 2388 2388 2388 2388 2388 2388 2388 2388 2960 2391 2391 2399 2391 2391 2958 2178 2178 2178 2178 2178 2961 2391 2391 2391 2391 2391 2391 2391 2391 2391 2391 2391 2398 2391 2391 2958 2178 2178 2178 2178 2178 2961 2391 2391 2391 2398 2391 2391 2391 2392 0 0 0 0 0 0 0 0 0 0 0 0 0 0 0 0 0 0 0 0 0 0 0 0 0 0 0 0 0 0 0 0 0 0 0 0 0 0 0 0 0 0 0 0 0 0 0 0 0 0 0 0 0 0 0 0 0 0 0 0 0 0 0 0 0 0 0 0 0 0 0 0 0 0 2390 2391 2391 2398 2398 2397 2391 2399 2391 2398 2391 2391 2397 2391 2391 2391 2391 2391 2391 2391 2391 2391 2391 2392 0 0 0 0 0 0 0 0 0 0 0 0 0 0 0 0 0 0 0 0 0 0 0 0 0 0 0 0 2390 2391 2391 2391 2391 2391 2397 2391 2391 2391 2391 2391 2391 2391 2391 2391 2391 2391 2391 2391 2391 2391 2391 2391 2391 2391 2391 2391 2391 2391 2391 2391 2391 2391 2391 2391 2391 2391 2391 2391 2399 2391 2391 2391 2391 2391 2391 2391 2391 2391 2391 2391 2391 2391 2397 2397 2391 2391 2391 2391 2391 2391 2391 2391 2391 2391 2391 2391 2391 2391 2391 2391 2391 2391 2391 2391 2391 2391 2391 2391 2391 2391 2391 2391 2391 2391 2391 2391 2398 2391 2391 2391 2392 0 0 0 0 0 0 0 0 0 0 0 0 0 0 0 0 0 0 0 0 2390 2391 2391 2391 2392 0 0 0 0 0 0 0 0 0 0 0 0 0 0 0 0 0 0 0 0 0 0 0 0 0 0 0 0 0 0 0 2390 2391 2391 2391 2391 2391 2397 2398 2391 2391 2391 2391 2391 2397 2397 2391 2391 2391 2397 2391 2391 2391 2391 2392 0 0 0 0 0 0 0 0 0 0 0 0 0 0 0 0 0 0 0 0 0 0 0 0 0 0 0 0 0 0 0 2390 2391 2391 2391 2391 2391 2391 2391 2391 2391 2391 2391 2391 2391 2391 2391 2391 2391 2391 2391 2391 2391 2391 2391 2391 2391 2391 2391 2391 2391 2391 2391 2391 2391 2391 2391 2391 2391 2391 2391 2391 2391 2391 2391 2391 2392 0 0 0 0 0 0 0 0 0 0 0 0 0 0 0 0 0 0 0 0 0 0 0 0 0 0 0 0 0 0 0 0 0 0 0 0 0 0 0 0 0 0 0 0 0 0 0 0 0 0 0 0 2390 2391 2391 2391 2391 2391 2391 2391 2391 2391 2391 2397 2391 2391 2391 2391 2391 2391 2391 2391 2391 2391 2391 2399 2391 2391 2391 2391 2391 2391 2398 2391 2391 2391 2391 2391 2391 2391 2391 2391 2391 2391 2391 2391 2391 2391 2391 2391 2391 2391 2391 2398 2391 2399 2391 2391 2959 2388 2388 2388 2388 2388 2960 2397 2391 2391 2391 2398 2391 2391 2391 2391 2391 2391 2391 2391 2391 2959 2388 2388 2388 2388 2388 2960 2391 2398 2391 2391 2391 2391 2391 2392 0 0 0 0 0 0 0 0 0 0 0 0 0 0 0 0 0 0 0 0 0 0 0 0 0 0 0 0 0 0 0 0 0 0 0 0 0 0 0 0 0 0 0 0 0 0 0 0 0 0 0 0 0 0 0 0 0 0 0 0 0 0 0 0 0 0 0 0 0 0 0 0 0 0 2390 2391 2391 2391 2391 2391 2391 2391 2399 2399 2391 2391 2391 2391 2391 2391 2391 2391 2391 2391 2391 2397 2391 2392 0 0 0 0 0 0 0 0 0 0 0 0 0 0 0 0 0 0 0 0 0 0 0 0 0 0 0 0 2390 2391 2391 2391 2391 2391 2391 2391 2391 2391 2391 2391 2391 2391 2391 2391 2391 2391 2391 2391 2391 2391 2391 2391 2391 2391 2391 2391 2391 2391 2391 2391 2391 2391 2391 2391 2391 2391 2391 2391 2391 2391 2391 2398 2398 2391 2391 2391 2391 2391 2391 2391 2397 2391 2391 2391 2391 2391 2391 2391 2391 2391 2391 2391 2391 2391 2391 2391 2391 2391 2391 2391 2391 2391 2391 2391 2391 2391 2391 2391 2391 2391 2391 2397 2391 2391 2391 2391 2391 2391 2391 2391 2392 0 0 0 0 0 0 0 0 0 0 0 0 0 0 0 0 0 0 0 0 2390 2391 2391 2398 2392 0 0 0 0 0 0 0 0 0 0 0 0 0 0 0 0 0 0 0 0 0 0 0 0 0 0 0 0 0 0 0 2390 2391 2391 2391 2391 2391 2391 2391 2391 2391 2391 2391 2391 2391 2391 2391 2391 2391 2391 2391 2391 2391 2391 2392 0 0 0 0 0 0 0 0 0 0 0 0 0 0 0 0 0 0 0 0 0 0 0 0 0 0 0 0 0 0 0 2390 2391 2391 2391 2391 2391 2391 2391 2391 2391 2391 2391 2391 2391 2391 2391 2391 2391 2391 2391 2391 2391 2391 2391 2391 2391 2391 2391 2391 2391 2391 2391 2391 2391 2391 2391 2391 2391 2391 2391 2391 2391 2391 2391 2391 2392 0 0 0 0 0 0 0 0 0 0 0 0 0 0 0 0 0 0 0 0 0 0 0 0 0 0 0 0 0 0 0 0 0 0 0 0 0 0 0 0 0 0 0 0 0 0 0 0 0 0 0 0 2390 2391 2391 2391 2391 2391 2391 2399 2399 2391 2391 2391 2391 2391 2391 2391 2391 2391 2391 2391 2391 2391 2391 2391 2399 2391 2391 2391 2391 2391 2391 2391 2391 2399 2391 2391 2391 2391 2391 2391 2391 2391 2391 2391 2391 2391 2391 2391 2391 2391 2391 2399 2391 2391 2398 2391 2391 2391 2391 2391 2397 2391 2391 2399 2391 2391 2391 2391 2391 2398 2398 2391 2391 2391 2391 2391 2391 2391 2391 2391 2391 2391 2391 2391 2391 2391 2391 2391 2391 2391 2391 2392 0 0 0 0 0 0 0 0 0 0 0 0 0 0 0 0 0 0 0 0 0 0 0 0 0 0 0 0 0 0 0 0 0 0 0 0 0 0 0 0 0 0 0 0 0 0 0 0 0 0 0 0 0 0 0 0 0 0 0 0 0 0 0 0 0 0 0 0 0 0 0 0 0 0 2390 2391 2391 2391 2391 2391 2391 2391 2391 2391 2391 2391 2391 2391 2391 2391 2391 2391 2391 2391 2391 2391 2391 2392 0 0 0 0 0 0 0 0 0 0 0 0 0 0 0 0 0 0 0 0 0 0 0 0 0 0 0 0 2390 2391 2391 2397 2397 2391 2391 2391 2391 2391 2391 2391 2391 2391 2391 2391 2391 2391 2391 2391 2391 2391 2391 2391 2391 2391 2391 2391 2391 2391 2391 2391 2391 2391 2391 2391 2391 2391 2391 2391 2391 2391 2391 2399 2391 2391 2391 2391 2391 2391 2391 2391 2391 2391 2391 2391 2391 2391 2391 2391 2391 2391 2391 2391 2391 2391 2391 2391 2391 2391 2391 2391 2391 2391 2391 2391 2391 2391 2391 2391 2391 2391 2391 2391 2391 2391 2391 2391 2391 2391 2391 2391 2392 0 0 0 0 0 0 0 0 0 0 0 0 0 0 0 0 0 0 0 0 2390 2391 2391 2391 2392 0 0 0 0 0 0 0 0 0 0 0 0 0 0 0 0 0 0 0 0 0 0 0 0 0 0 0 0 0 0 0 2390 2391 2391 2391 2391 2391 2391 2391 2391 2391 2391 2391 2391 2391 2391 2391 2391 2391 2391 2391 2391 2391 2391 2392 0 0 0 0 0 0 0 0 0 0 0 0 0 0 0 0 0 0 0 0 0 0 0 0 0 0 0 0 0 0 0 2390 2391 2391 2391 2391 2391 2391 2391 2391 2391 2391 2391 2391 2391 2391 2391 2391 2391 2391 2391 2391 2391 2391 2391)
    )
    (tilemap
      (draw-target "normal")
      (width 520)
      (height 35)
      (speed 1)
      (solid #f)
      (z-pos 100)
      (tint 1 1 1 1)
      (tiles 0 0 0 0 0 0 0 0 0 0 0 0 0 0 0 0 0 0 0 0 0 0 0 0 0 0 0 0 0 0 0 0 0 0 0 0 0 0 0 0 0 0 0 0 0 0 0 0 0 0 0 0 0 0 0 0 0 0 0 0 0 0 0 0 0 0 0 0 0 0 0 0 0 0 0 0 0 0 0 0 0 0 0 0 0 0 0 0 0 0 0 0 0 0 0 0 0 0 0 0 0 0 0 0 0 0 0 0 0 0 0 0 0 0 0 0 0 0 0 0 0 0 0 0 0 0 0 0 0 0 0 0 0 0 0 0 0 0 0 0 0 0 0 0 0 0 0 0 0 0 0 0 0 0 0 0 0 0 0 0 0 0 0 0 0 0 0 0 0 0 0 0 0 0 0 0 0 0 0 0 0 0 0 0 0 0 0 0 0 0 0 0 0 0 0 0 0 0 0 0 0 0 0 0 0 0 0 0 0 0 0 0 0 0 0 0 0 0 0 0 0 0 0 0 0 0 0 0 0 0 0 0 0 0 0 0 0 0 0 0 0 0 0 0 0 0 0 0 0 0 0 0 0 0 0 0 0 0 0 0 0 0 0 0 0 0 0 0 0 0 0 0 0 0 0 0 0 0 0 0 0 0 0 0 0 0 0 0 0 0 0 0 0 0 0 0 0 0 0 0 0 0 0 0 0 0 0 0 0 0 0 0 0 0 0 0 0 0 0 0 0 0 0 0 0 0 0 0 0 0 0 0 0 0 0 0 0 0 0 0 0 0 0 0 0 0 0 0 0 0 0 0 0 0 0 0 0 0 0 0 0 0 0 0 0 0 0 0 0 0 0 0 0 0 0 0 0 0 0 0 0 0 0 0 0 0 0 0 0 0 0 0 0 0 0 0 0 0 0 0 0 0 0 0 0 0 0 0 0 0 0 0 0 0 0 0 0 0 0 0 0 0 0 0 0 0 0 0 0 0 0 0 0 0 0 0 0 0 0 0 0 0 0 0 0 0 0 0 0 0 0 0 0 0 0 0 0 0 0 0 0 0 0 0 0 0 0 0 0 0 0 0 0 0 0 0 0 0 0 0 0 0 0 0 0 0 0 0 0 0 0 0 0 0 0 0 0 0 0 0 0 0 0 0 0 0 0 0 0 0 0 0 0 0 0 0 0 0 0 0 0 0 0 0 0 0 0 0 0 0 0 0 0 0 0 0 0 0 0 0 0 0 0 0 0 0 0 0 0 0 0 0 0 0 0 0 0 0 0 0 0 0 0 0 0 0 0 0 0 0 0 0 0 0 0 0 0 0 0 0 0 0 0 0 0 0 0 0 0 0 0 0 0 0 0 0 0 0 0 0 0 0 0 0 0 0 0 0 0 0 0 0 0 0 0 0 0 0 0 0 0 0 0 0 0 0 0 0 0 0 0 0 0 0 0 0 0 0 0 0 0 0 0 0 0 0 0 0 0 0 0 0 0 0 0 0 0 0 0 0 0 0 0 0 0 0 0 0 0 0 0 0 0 0 0 0 0 0 0 0 0 0 0 0 0 0 0 0 0 0 0 0 0 0 0 0 0 0 0 0 0 0 0 0 0 0 0 0 0 0 0 0 0 0 0 0 0 0 0 0 0 0 0 0 0 0 0 0 0 0 0 0 0 0 0 0 0 0 0 0 0 0 0 0 0 0 0 0 0 0 0 0 0 0 0 0 0 0 0 0 0 0 0 0 0 0 0 0 0 0 0 0 0 0 0 0 0 0 0 0 0 0 0 0 0 0 0 0 0 0 0 0 0 0 0 0 0 0 0 0 0 0 0 0 0 0 0 0 0 0 0 0 0 0 0 0 0 0 0 0 0 0 0 0 0 0 0 0 0 0 0 0 0 0 0 0 0 0 0 0 0 0 0 0 0 0 0 0 0 0 0 0 0 0 0 0 0 0 0 0 0 0 0 0 0 0 0 0 0 0 0 0 0 0 0 0 0 0 0 0 0 0 0 0 0 0 0 0 0 0 0 0 0 0 0 0 0 0 0 0 0 0 0 0 0 0 0 0 0 0 0 0 0 0 0 0 0 0 0 0 0 0 0 0 0 0 0 0 0 0 0 0 0 0 0 0 0 0 0 0 0 0 0 0 0 0 0 0 0 0 0 0 0 0 0 0 0 0 0 0 0 0 0 0 0 0 0 0 0 0 0 0 0 0 0 0 0 0 0 0 0 0 0 0 0 0 0 0 0 0 0 0 0 0 0 0 0 0 0 0 0 0 0 0 0 0 0 0 0 0 0 0 0 0 0 0 0 0 0 0 0 0 0 0 0 0 0 0 0 0 0 0 0 0 0 0 0 0 0 0 0 0 0 0 0 0 0 0 0 0 0 0 0 0 0 0 0 0 0 0 0 0 0 0 0 0 0 0 0 0 0 0 0 0 0 0 0 0 0 0 0 0 0 0 0 0 0 0 0 0 0 0 0 0 0 0 0 0 0 0 0 0 0 0 0 0 0 0 0 0 0 0 0 0 0 0 0 0 0 0 0 0 0 0 0 0 0 0 0 0 0 0 0 0 0 0 0 0 0 0 0 0 0 0 0 0 0 0 0 0 0 0 0 0 0 0 0 0 0 0 0 0 0 0 0 0 0 0 0 0 0 0 0 0 0 0 0 0 0 0 0 0 0 0 0 0 0 0 0 0 0 0 0 0 0 0 0 0 0 0 0 0 0 0 0 0 0 0 0 0 0 0 0 0 0 0 0 0 0 0 0 0 0 0 0 0 0 0 0 0 0 0 0 0 0 0 0 0 0 0 0 0 0 0 0 0 0 0 0 0 0 0 0 0 0 0 0 0 0 0 0 0 0 0 0 0 0 0 0 0 0 0 0 0 0 0 0 0 0 0 0 0 0 0 0 0 0 0 0 0 0 0 0 0 0 0 0 0 0 0 0 0 0 0 0 0 0 0 0 0 0 0 0 0 0 0 0 0 0 0 0 0 0 0 0 0 0 0 0 0 0 0 0 0 0 0 0 0 0 0 0 0 0 0 0 0 0 0 0 0 0 0 0 0 0 0 0 0 0 0 0 0 0 0 0 0 0 0 0 0 0 0 0 0 0 0 0 0 0 0 0 0 0 0 0 0 0 0 0 0 0 0 0 0 0 0 0 0 0 0 0 0 0 0 0 0 0 0 0 0 0 0 0 0 0 0 0 0 0 0 0 0 0 0 0 0 0 0 0 0 0 0 0 0 0 0 0 0 0 0 0 0 0 0 0 0 0 0 0 0 0 0 0 0 0 0 0 0 0 0 0 0 0 0 0 0 0 0 0 0 0 0 0 0 0 0 0 0 0 0 0 0 0 0 0 0 0 0 0 0 0 0 0 0 0 0 0 0 0 0 0 0 0 0 0 0 0 0 0 0 0 0 0 0 0 0 0 0 0 0 0 0 0 0 0 0 0 0 0 0 0 0 0 0 0 0 0 0 0 0 0 0 0 0 0 0 0 0 0 0 0 0 0 0 0 0 0 0 0 0 0 0 0 0 0 0 0 0 0 0 0 0 0 0 0 0 0 0 0 0 0 0 0 0 0 0 0 0 0 0 0 0 0 0 0 0 0 0 0 0 0 0 0 0 0 0 0 0 0 0 0 0 0 0 0 0 0 0 0 0 0 0 0 0 0 0 0 0 0 0 0 0 0 0 0 0 0 0 0 0 0 0 0 0 0 0 0 0 0 0 0 0 0 0 0 0 0 0 0 0 0 0 0 0 0 0 0 0 0 0 0 0 0 0 0 0 0 0 0 0 0 0 0 0 0 0 0 0 0 0 0 0 0 0 0 0 0 0 0 0 0 0 0 0 0 0 0 0 0 0 0 0 0 0 0 0 0 0 0 0 0 0 0 0 0 0 0 0 0 0 0 0 0 0 0 0 0 0 0 0 0 0 0 0 0 0 0 0 0 0 0 0 0 0 0 0 0 0 0 0 0 0 0 0 0 0 0 0 0 0 0 0 0 0 0 0 0 0 0 0 0 0 0 0 0 0 0 0 0 0 0 0 0 0 0 0 0 0 0 0 0 0 0 0 0 0 0 0 0 0 0 0 0 0 0 0 0 0 0 0 0 0 0 0 0 0 0 0 0 0 0 0 0 0 0 0 0 0 0 0 0 0 0 0 0 0 0 0 0 0 0 0 0 0 0 0 0 0 0 0 0 0 0 0 0 0 0 0 0 0 0 0 0 0 0 0 0 0 0 0 0 0 0 0 0 0 0 0 0 0 0 0 0 0 0 0 0 0 0 0 0 0 0 0 0 0 0 0 0 0 0 0 0 0 0 0 0 0 0 0 0 0 0 0 0 0 0 0 0 0 0 0 0 0 0 0 0 0 0 0 0 0 0 0 0 0 0 0 0 0 0 0 0 0 0 0 0 0 0 0 0 0 0 0 0 0 0 0 0 0 0 0 0 0 0 0 0 0 0 0 0 0 0 0 0 0 0 0 0 0 0 0 0 0 0 0 0 0 0 0 0 0 0 0 0 0 0 0 0 0 0 0 0 0 0 0 0 0 0 0 0 0 0 0 0 0 0 0 0 0 0 0 0 0 0 0 0 0 0 0 0 0 0 0 0 0 0 0 0 0 0 0 0 0 0 0 0 0 0 0 0 0 0 0 0 0 0 0 0 0 0 0 0 0 0 0 0 0 0 0 0 0 0 0 0 0 0 0 0 0 0 0 0 0 0 0 0 0 0 0 0 0 0 0 0 0 0 0 0 0 0 0 0 0 0 0 0 0 0 0 0 0 0 0 0 0 0 0 0 0 0 0 0 0 0 0 0 0 0 0 0 0 0 0 0 0 0 0 0 0 0 0 0 0 0 0 0 0 0 0 0 0 0 0 0 0 0 0 0 0 0 0 0 0 0 0 0 0 0 0 0 0 0 0 0 0 0 0 0 0 0 0 0 0 0 0 0 0 0 0 0 0 0 0 0 0 0 0 0 0 0 0 0 0 0 0 0 0 0 0 0 0 0 0 0 0 0 0 0 0 0 0 0 0 0 0 0 0 0 0 0 0 0 0 0 0 0 0 0 0 0 0 0 0 0 0 0 0 0 0 0 0 0 0 0 0 0 0 0 0 0 0 0 0 0 0 0 0 0 0 0 0 0 0 0 0 0 0 0 0 0 0 0 0 0 0 0 0 0 0 0 0 0 0 0 0 0 0 0 0 0 0 0 0 0 0 0 0 0 0 0 0 0 0 0 0 0 0 0 0 0 0 0 0 0 0 0 0 0 0 0 0 0 0 0 0 0 0 0 0 0 0 0 0 0 0 0 0 0 0 0 0 0 0 0 0 0 0 0 0 0 0 0 0 0 0 0 0 0 0 0 0 0 0 0 0 0 0 0 0 0 0 0 0 0 0 0 0 0 0 0 0 0 0 0 0 0 0 0 0 0 0 0 0 0 0 0 0 0 0 0 0 0 0 0 0 0 0 0 0 0 0 0 0 0 0 0 0 0 0 0 0 0 0 0 0 0 0 0 0 0 0 0 0 0 0 0 0 0 0 0 0 0 0 0 0 0 0 0 0 0 0 0 0 0 0 0 0 0 0 0 0 0 0 0 0 0 0 0 0 0 0 0 0 0 0 0 0 0 0 0 0 0 0 0 0 0 0 0 0 0 0 0 0 0 0 0 0 0 0 0 0 0 0 0 0 0 0 0 0 0 0 0 0 0 0 0 0 0 0 0 0 0 0 0 0 0 0 0 0 0 0 0 0 0 0 0 0 0 0 0 0 0 0 0 0 0 0 0 0 0 0 0 0 0 0 0 0 0 0 0 0 0 0 0 0 0 0 0 0 0 0 0 0 0 0 0 0 0 0 0 0 0 0 0 0 0 0 0 0 0 0 0 0 0 0 0 0 0 0 0 0 0 0 0 0 0 0 0 0 0 0 0 0 0 0 0 0 0 0 0 0 0 0 0 0 0 0 0 0 0 0 0 0 0 0 0 0 0 0 0 0 0 0 0 0 0 0 0 0 0 0 0 0 0 0 0 0 0 0 0 0 0 0 0 0 0 0 0 0 0 0 0 0 0 0 0 0 0 0 0 0 0 0 0 0 0 0 0 0 0 0 0 0 0 0 0 0 0 0 0 0 0 0 0 0 0 0 0 0 0 0 0 0 0 0 0 0 0 0 0 0 0 0 0 0 0 0 0 0 0 0 0 0 0 0 0 0 0 0 0 0 0 0 0 0 0 0 0 0 0 0 0 0 0 0 0 0 0 0 0 0 0 0 0 0 0 0 0 0 0 0 0 0 0 0 0 0 0 0 0 0 0 0 0 0 0 0 0 0 0 0 0 0 0 0 0 0 0 0 0 0 0 0 0 0 0 0 0 0 0 0 0 0 0 0 0 0 0 0 0 0 0 0 0 0 0 0 0 0 0 0 0 0 0 0 0 0 0 0 0 0 0 0 0 0 0 0 0 0 0 0 0 0 0 0 0 0 0 0 0 0 0 0 0 0 0 0 0 0 0 0 0 0 0 0 0 0 0 0 0 0 0 0 0 0 0 0 0 0 0 0 0 0 0 0 0 0 0 0 0 0 0 0 0 0 0 0 0 0 0 0 0 0 0 0 0 0 0 0 0 0 0 0 0 0 0 0 0 0 0 0 0 0 0 0 0 0 0 0 0 0 0 0 0 0 0 0 0 0 0 0 0 0 0 0 0 0 0 0 0 0 0 0 0 0 0 0 0 0 0 0 0 0 0 0 0 0 0 0 0 0 0 0 0 0 0 0 0 0 0 0 0 0 0 0 0 0 0 0 0 0 0 0 0 0 0 0 0 0 0 0 0 0 0 0 0 0 0 0 0 0 0 0 0 0 0 0 0 0 0 0 0 0 0 0 0 0 0 0 0 0 0 0 0 0 0 0 0 0 0 0 0 0 0 0 0 0 0 0 0 0 0 0 0 0 0 0 0 0 0 0 0 0 0 0 0 0 0 0 0 0 0 0 0 0 0 0 0 0 0 0 0 0 0 0 0 0 0 0 0 0 0 0 0 0 0 0 0 0 0 0 0 0 0 0 0 0 0 0 0 0 0 0 0 0 0 0 0 0 0 0 0 0 0 0 0 0 0 0 0 0 0 0 0 0 0 0 0 0 0 0 0 0 0 0 0 0 0 0 0 0 0 0 0 0 0 0 0 0 0 0 0 0 0 0 0 0 0 0 0 0 0 0 0 0 0 0 0 0 0 0 0 0 0 0 0 0 0 0 0 0 0 0 0 0 0 0 0 0 0 0 0 0 0 0 0 0 0 0 0 0 0 0 0 0 0 0 0 0 0 0 0 0 0 0 0 0 0 0 0 0 0 0 0 0 0 0 0 0 0 0 0 0 0 0 0 0 0 0 0 0 0 0 0 0 0 0 0 0 0 0 0 0 0 0 0 0 0 0 0 0 0 0 0 0 0 0 0 0 0 0 0 0 0 0 0 0 0 0 0 0 0 0 0 0 0 0 0 0 0 0 0 0 0 0 0 0 0 0 0 0 0 0 0 0 0 0 0 0 0 0 0 0 0 0 0 0 0 0 0 0 0 0 0 0 0 0 0 0 0 0 0 0 0 0 0 0 0 0 0 0 0 0 0 0 0 0 0 0 0 0 0 0 0 0 0 0 0 0 0 0 0 0 0 0 0 0 0 0 0 0 0 0 0 0 0 0 0 0 0 0 0 0 0 0 0 0 0 0 0 0 0 0 0 0 0 0 0 0 0 0 0 0 0 0 0 0 0 0 0 0 0 0 0 0 0 0 0 0 0 0 0 0 0 0 0 0 0 0 0 0 0 0 0 0 0 0 0 0 0 0 0 0 0 0 0 0 0 0 0 0 0 0 0 0 0 0 0 0 0 0 0 0 0 0 0 0 0 0 0 0 0 0 0 0 0 0 0 0 0 0 0 0 0 0 0 0 0 0 0 0 0 0 0 0 0 0 0 0 0 0 0 0 0 0 0 0 0 0 0 0 0 0 0 0 0 0 0 0 0 0 0 0 0 0 0 0 0 0 0 0 0 0 0 0 0 0 0 0 0 0 0 0 0 0 0 0 0 0 0 0 0 0 0 0 0 0 0 0 0 0 0 0 0 0 0 0 0 0 0 0 0 0 0 0 0 0 0 0 0 0 0 0 0 0 0 0 0 0 0 0 0 0 0 0 0 0 0 0 0 0 0 0 0 0 0 0 0 0 0 0 0 0 0 0 0 0 0 0 0 0 0 0 0 0 0 0 0 0 0 0 0 0 0 0 0 0 0 0 0 0 0 0 0 0 0 0 0 0 0 0 0 0 0 0 0 0 0 0 0 0 0 0 0 0 0 0 0 0 0 0 0 0 0 0 0 0 0 0 0 0 0 0 0 0 0 0 0 0 0 0 0 0 0 0 0 0 0 0 0 0 0 0 0 0 0 0 0 0 0 0 0 0 0 0 0 0 0 0 0 0 0 0 0 0 0 0 0 0 0 0 0 0 0 0 0 0 0 0 0 0 0 0 0 0 0 0 0 0 0 0 0 0 0 0 0 0 0 0 0 0 0 0 0 0 0 0 0 0 0 0 0 0 0 0 0 0 0 0 0 0 0 0 0 0 0 0 0 0 0 0 0 0 0 0 0 0 0 0 0 0 0 0 0 0 0 0 0 0 0 0 0 0 0 0 0 0 0 0 0 0 0 0 0 0 0 0 0 0 0 0 0 0 0 0 0 0 0 0 0 0 0 0 0 0 0 0 0 0 0 0 0 0 0 0 0 0 0 0 0 0 0 0 0 0 0 0 0 0 0 0 0 0 0 0 0 0 0 0 0 0 0 0 0 0 0 0 0 0 0 0 0 0 0 0 0 0 0 0 0 0 0 0 0 0 0 0 0 0 0 0 0 0 0 0 0 0 0 0 0 0 0 0 0 0 0 0 0 0 0 0 0 0 0 0 0 0 0 0 0 0 0 0 0 0 0 0 0 0 0 0 0 0 0 0 0 0 0 0 0 0 0 0 0 0 0 0 0 0 0 0 0 0 0 0 0 0 0 0 0 0 0 0 0 0 0 0 0 0 0 0 0 0 0 0 0 0 0 0 0 0 0 0 0 0 0 0 0 0 0 0 0 0 0 0 0 0 0 0 0 0 0 0 0 0 0 0 0 0 0 0 0 0 0 0 0 0 0 0 0 0 0 0 0 0 0 0 0 0 0 0 0 0 0 0 0 0 0 0 0 0 0 0 0 0 0 0 0 0 0 0 0 0 0 0 0 0 0 0 0 0 0 0 0 0 0 0 0 0 0 0 0 0 0 0 0 0 0 0 0 0 0 0 0 0 0 0 0 0 0 0 0 0 0 0 0 0 0 0 0 0 0 0 0 0 0 0 0 0 0 0 0 0 0 0 0 0 0 0 0 0 0 0 0 0 0 0 0 0 0 0 0 0 0 0 0 0 0 0 0 0 0 0 0 0 0 0 0 0 0 0 0 0 0 0 0 0 0 0 0 0 0 0 0 0 0 0 0 0 0 0 0 0 0 0 0 0 0 0 0 0 0 0 0 0 0 0 0 0 0 0 0 0 0 0 0 0 0 0 0 0 0 0 0 0 0 0 0 0 0 0 0 0 0 0 0 0 0 0 0 0 0 0 0 0 0 0 0 0 0 0 0 0 0 0 0 0 0 0 0 0 0 0 0 0 0 0 0 0 0 0 0 0 0 0 0 0 0 0 0 0 0 0 0 0 0 0 0 0 0 0 0 0 0 0 0 0 0 0 0 0 0 0 0 0 0 0 0 0 0 0 0 0 0 0 0 0 0 0 0 0 0 0 0 0 0 0 0 0 0 0 0 0 0 0 0 0 0 0 0 0 0 0 0 0 0 0 0 0 0 0 0 0 0 0 0 0 0 0 0 0 0 0 0 0 0 0 0 0 0 0 0 0 0 0 0 0 0 0 0 0 0 0 0 0 0 0 0 0 0 0 0 0 0 0 0 0 0 0 0 0 0 0 0 0 0 0 0 0 0 0 0 0 0 0 0 0 0 0 0 0 0 0 0 0 0 0 0 0 0 0 0 0 0 0 0 0 0 0 0 0 0 0 0 0 0 0 0 0 0 0 0 0 0 0 0 0 0 0 0 0 0 0 0 0 0 0 0 0 0 0 0 0 0 0 0 0 0 0 0 0 0 0 0 0 0 0 0 0 0 0 0 0 0 0 0 0 0 0 0 0 0 0 0 0 0 0 0 0 0 0 0 0 0 0 0 0 0 0 0 0 0 0 0 0 0 0 0 0 0 0 0 0 0 0 0 0 0 0 0 0 0 0 0 0 0 0 0 0 0 0 0 0 0 0 0 0 0 0 0 0 0 0 0 0 0 0 0 0 0 0 0 0 0 0 0 0 0 0 0 0 0 0 0 0 0 0 0 0 0 0 0 0 0 0 0 0 0 0 0 0 0 0 0 0 0 0 0 0 0 0 0 0 0 0 0 0 0 0 0 0 0 0 0 0 0 0 0 0 0 0 0 0 0 0 0 0 0 0 0 0 0 0 0 0 0 0 0 0 0 0 0 0 0 0 0 0 0 0 0 0 0 0 0 0 0 0 0 0 0 0 0 0 0 0 0 0 0 0 0 0 0 0 0 0 0 0 0 0 0 0 0 0 0 0 0 0 0 0 0 0 0 0 0 0 0 0 0 0 0 0 0 0 0 0 0 0 0 0 0 0 0 0 0 0 0 0 0 0 0 0 0 0 0 0 0 0 0 0 0 0 0 0 0 0 0 0 0 0 0 0 0 0 0 0 0 0 0 0 0 0 0 0 0 0 0 0 0 0 0 0 0 0 0 0 0 0 0 0 0 0 0 0 0 0 0 0 0 0 0 0 0 0 0 0 0 0 0 0 0 0 0 0 0 0 0 0 0 0 0 0 0 0 0 0 0 0 0 0 0 0 0 0 0 0 0 0 0 0 0 0 0 0 0 0 0 0 0 0 0 0 0 0 0 0 0 0 0 0 0 0 0 0 0 0 0 0 0 0 0 0 0 0 0 0 0 0 0 0 0 0 0 0 0 0 0 0 0 0 0 0 0 0 0 0 0 0 0 0 0 0 0 0 0 0 0 0 0 0 0 0 0 0 0 0 0 0 0 0 0 0 0 0 0 0 0 0 0 0 0 0 0 0 0 0 0 0 0 0 0 0 0 0 0 0 0 0 0 0 0 0 0 0 0 0 0 0 0 0 0 0 0 0 0 0 0 0 0 0 0 0 0 0 0 0 0 0 0 0 0 0 0 0 0 0 0 0 0 0 0 0 0 0 0 0 0 0 0 0 0 0 0 0 0 0 0 0 0 0 0 0 0 0 0 0 0 0 0 0 0 0 0 0 0 0 0 0 0 0 0 0 0 0 0 0 0 0 0 0 0 0 0 0 0 0 0 0 0 0 0 0 0 0 0 0 0 0 0 0 0 0 0 0 0 0 0 0 0 0 0 0 0 0 0 0 0 0 0 0 0 0 0 0 0 0 0 0 0 0 0 0 0 0 0 0 0 0 0 0 0 0 0 0 0 0 0 0 0 0 0 0 0 0 0 0 0 0 0 0 0 0 0 0 0 0 0 0 0 0 0 0 0 0 0 0 0 0 0 0 0 0 0 0 0 0 0 0 0 0 0 0 0 0 0 0 0 0 0 0 0 0 0 0 0 0 0 0 0 0 0 0 0 0 0 0 0 0 0 0 0 0 0 0 0 0 0 0 0 0 0 0 0 0 0 0 0 0 0 0 0 0 0 0 0 0 0 0 0 0 0 0 0 0 0 0 0 0 0 0 0 0 0 0 0 0 0 0 0 0 0 0 0 0 0 0 0 0 0 0 0 0 0 0 0 0 0 0 0 0 0 0 0 0 0 0 0 0 0 0 0 0 0 0 0 0 0 0 0 0 0 0 0 0 0 0 0 0 0 0 0 0 0 0 0 0 0 0 0 0 0 0 0 0 0 0 0 0 0 0 0 0 0 0 0 0 0 0 0 0 0 0 0 0 0 0 0 0 0 0 0 0 0 0 0 0 0 0 0 0 0 0 0 0 0 0 0 0 0 0 0 0 0 0 0 0 0 0 0 0 0 0 0 0 0 0 0 0 0 0 0 0 0 0 0 0 0 0 0 0 0 0 0 0 0 0 0 0 0 0 0 0 0 0 0 0 0 0 0 0 0 0 0 0 0 0 0 0 0 0 0 0 0 0 0 0 0 0 0 0 0 0 0 0 0 0 0 0 0 0 0 0 0 0 0 0 0 0 0 0 0 0 0 0 0 0 0 0 0 0 0 0 0 0 0 0 0 0 0 0 0 0 0 0 0 0 0 0 0 0 0 0 0 0 0 0 0 0 0 0 0 0 0 0 0 0 0 0 0 0 0 0 0 0 0 0 0 0 0 0 0 0 0 0 0 0 0 0 0 0 0 0 0 0 0 0 0 0 0 0 0 0 0 0 0 0 0 0 0 0 0 0 0 0 0 0 0 0 0 0 0 0 0 0 0 0 0 0 0 0 0 0 0 0 0 0 0 0 0 0 0 0 0 0 0 0 0 0 0 0 0 0 0 0 0 0 0 0 0 0 0 0 0 0 0 0 0 0 0 0 0 0 0 0 0 0 0 0 0 0 0 0 0 0 0 0 0 0 0 0 0 0 0 0 0 0 0 0 0 0 0 0 0 0 0 0 0 0 0 0 0 0 0 0 0 0 0 0 0 0 0 0 0 0 0 0 0 0 0 0 0 0 0 0 0 0 0 0 0 0 0 0 0 0 0 0 0 0 0 0 0 0 0 0 0 0 0 0 0 0 0 0 0 0 0 0 0 0 0 0 0 0 0 0 0 0 0 0 0 0 0 0 0 0 0 0 0 0 0 0 0 0 0 0 0 0 0 0 0 0 0 0 0 0 0 0 0 0 0 0 0 0 0 0 0 0 0 0 0 0 0 0 0 0 0 0 0 0 0 0 0 0 0 0 0 0 0 0 0 0 0 0 0 0 0 0 0 0 0 0 0 0 0 0 0 0 0 0 0 0 0 0 0 0 0 0 0 0 0 0 0 0 0 0 0 0 0 0 0 0 0 0 0 0 0 0 0 0 0 0 0 0 0 0 0 0 0 0 0 0 0 0 0 0 0 0 0 0 0 0 0 0 0 0 0 0 0 0 0 0 0 0 0 0 0 0 0 0 0 0 0 0 0 0 0 0 0 0 0 0 0 0 0 0 0 0 0 0 0 0 0 0 0 0 0 0 0 0 0 0 0 0 0 0 0 0 0 0 0 0 0 0 0 0 0 0 0 0 0 0 0 0 0 0 0 0 0 0 0 0 0 0 0 0 0 0 0 0 0 0 0 0 0 0 0 0 0 0 0 0 0 0 0 0 0 0 0 0 0 0 0 0 0 0 0 0 0 0 0 0 0 0 0 0 0 0 0 0 0 0 0 0 0 0 0 0 0 0 0 0 0 0 0 0 0 0 0 0 0 0 0 0 0 0 0 0 0 0 0 0 0 0 0 0 0 0 0 0 0 0 0 0 0 0 0 0 0 0 0 0 0 0 0 0 0 0 0 0 0 0 0 0 0 0 0 0 0 0 0 0 0 0 0 0 0 0 0 0 0 0 0 0 0 0 0 0 0 0 0 0 0 0 0 0 0 0 0 0 0 0 0 0 0 0 0 0 0 0 0 0 0 0 0 0 0 0 0 0 0 0 0 0 0 0 0 0 0 0 0 0 0 0 0 0 0 0 0 0 0 0 0 0 0 0 0 0 0 0 0 0 0 0 0 0 0 0 0 0 0 0 0 0 0 0 0 0 0 0 0 0 0 0 0 0 0 0 0 0 0 0 0 0 0 0 0 0 0 0 0 0 0 0 0 0 0 0 0 0 0 0 0 0 0 0 0 0 0 0 0 0 0 0 0 0 0 0 0 0 0 0 0 0 0 0 0 0 0 0 0 0 0 0 0 0 0 0 0 0 0 0 0 0 0 0 0 0 0 0 0 0 0 0 0 0 0 0 0 0 0 0 0 0 0 0 0 0 0 0 0 0 0 0 0 0 0 0 0 0 0 0 0 0 0 0 0 0 0 0 0 0 0 0 0 0 0 0 0 0 0 0 0 0 0 0 0 0 0 0 0 0 0 0 0 0 0 0 0 0 0 0 0 0 0 0 0 0 0 0 0 0 0 0 0 0 0 0 0 0 0 0 0 0 0 0 0 0 0 0 0 0 0 0 0 0 0 0 0 0 0 0 0 0 0 0 0 0 0 0 0 0 0 0 0 0 0 0 0 0 0 0 0 0 0 0 0 0 0 0 0 0 0 0 0 0 0 0 0 0 0 0 0 0 0 0 0 0 0 0 0 0 0 0 0 0 0 0 0 0 0 0 0 0 0 0 0 0 0 0 0 0 0 0 0 0 0 0 0 0 0 0 0 0 0 0 0 0 0 0 0 0 0 0 0 0 0 0 0 0 0 0 0 0 0 0 0 0 0 0 0 0 0 0 0 0 0 0 0 0 0 0 0 0 0 0 0 0 0 0 0 0 0 0 0 0 0 0 0 0 0 0 0 0 0 0 0 0 0 0 0 0 0 0 0 0 0 0 0 0 0 0 0 0 0 0 0 0 0 0 0 0 0 0 0 0 0 0 0 0 0 0 0 0 0 0 0 0 0 0 0 0 0 0 0 0 0 0 0 0 0 0 0 0 0 0 0 0 0 0 0 0 0 0 0 0 0 0 0 0 0 0 0 0 0 0 0 0 0 0 0 0 0 0 0 0 0 0 0 0 0 0 0 0 0 0 0 0 0 0 0 0 0 0 0 0 0 0 0 0 0 0 0 0 0 0 0 0 0 0 0 0 0 0 0 0 0 0 0 0 0 0 0 0 0 0 0 0 0 0 0 0 0 0 0 0 0 0 0 0 0 0 0 0 0 0 0 0 0 0 0 0 0 0 0 0 0 0 0 0 0 0 0 0 0 0 0 0 0 0 0 0 0 0 0 0 0 0 0 0 0 0 0 0 0 0 0 0 0 0 0 0 0 0 0 0 0 0 0 0 0 0 0 0 0 0 0 0 0 0 0 0 0 0 0 0 0 0 0 0 0 0 0 0 0 0 0 0 0 0 0 0 0 0 0 0 0 0 0 0 0 0 0 0 0 0 0 0 0 0 0 0 0 0 0 0 0 0 0 0 0 0 0 0 0 0 0 0 0 0 0 0 0 0 0 0 0 0 0 0 0 0 0 0 0 0 0 0 0 0 0 0 0 0 0 0 0 0 0 0 0 0 0 0 0 0 0 0 0 0 0 0 0 0 0 0 0 0 0 0 0 0 0 0 0 0 0 0 0 0 0 0 0 0 0 0 0 0 0 0 0 0 0 0 0 0 0 0 0 0 0 0 0 0 0 0 0 0 0 0 0 0 0 0 0 0 0 0 0 0 0 0 0 0 0 0 0 0 0 0 0 0 0 0 0 0 0 0 0 0 0 0 0 0 0 0 0 0 0 0 0 0 0 0 0 0 0 0 0 0 0 0 0 0 0 0 0 0 0 0 0 0 0 0 0 0 0 0 0 0 0 0 0 0 0 0 0 0 0 0 0 0 0 0 0 0 0 0 0 0 0 0 0 0 0 0 0 0 0 0 0 0 0 0 0 0 0 0 0 0 0 0 0 0 0 0 0 0 0 0 0 0 0 0 0 0 0 0 0 0 0 0 0 0 0 0 0 0 0 0 0 0 0 0 0 0 0 0 0 0 0 0 0 0 0 0 0 0 0 0 0 0 0 0 0 0 0 0 0 0 0 0 0 0 0 0 0 0 0 0 0 0 0 0 0 0 0 0 0 0 0 0 0 0 0 0 0 0 0 0 0 0 0 0 0 0 0 0 0 0 0 0 0 0 0 0 0 0 0 0 0 0 0 0 0 0 0 0 0 0 0 0 0 0 0 0 0 0 0 0 0 0 0 0 0 0 0 0 0 0 0 0 0 0 0 0 0 0 0 0 0 0 0 0 0 0 0 0 0 0 0 0 0 0 0 0 0 0 0 0 0 0 0 0 0 0 0 0 0 0 0 0 0 0 0 0 0 0 0 0 0 0 0 0 0 0 0 0 0 0 0 0 0 0 0 0 0 0 0 0 0 0 0 0 0 0 0 0 0 0 0 0 0 0 0 0 0 0 0 0 0 0 0 0 0 0 0 0 0 0 0 0 0 0 0 0 0 0 0 0 0 0 0 0 0 0 0 0 0 0 0 0 0 0 0 0 0 0 0 0 0 0 0 0 0 0 0 0 0 0 0 0 0 0 0 0 0 0 0 0 0 0 0 0 0 0 0 0 0 0 0 0 0 0 0 0 0 0 0 0 0 0 0 0 0 0 0 0 0 0 0 0 0 0 0 0 0 0 0 0 0 0 0 0 0 0 0 0 0 0 0 0 0 0 0 0 0 0 0 0 0 0 0 0 0 0 0 0 0 0 0 0 0 0 0 0 0 0 0 0 0 0 0 0 0 0 0 0 0 0 0 0 0 0 0 0 0 0 0 0 0 0 0 0 0 0 0 0 0 0 0 0 0 0 0 0 0 0 0 0 0 0 0 0 0 0 0 0 0 0 0 0 0 0 0 0 0 0 0 0 0 0 0 0 0 0 0 0 0 0 0 0 0 0 0 0 0 0 0 0 0 0 0 0 0 0 0 0 0 0 0 0 0 0 0 0 0 0 0 0 0 0 0 0 0 0 0 0 0 0 0 0 0 0 0 0 0 0 0 0 0 0 0 0 0 0 0 0 0 0 0 0 0 0 0 0 0 0 0 0 0 0 0 0 0 0 0 0 0 0 0 0 0 0 0 0 0 0 0 0 0 0 0 0 0 0 0 0 0 0 0 0 0 0 0 0 0 0 0 0 0 0 0 0 0 0 0 0 0 0 0 0 0 0 0 0 0 0 0 0 0 0 0 0 0 0 0 0 0 0 0 0 0 0 0 0 0 0 0 0 0 0 0 0 0 0 0 0 0 0 0 0 0 0 0 0 0 0 0 0 0 0 0 0 0 0 0 0 0 0 0 0 0 0 0 0 0 0 0 0 0 0 0 0 0 0 0 0 0 0 0 0 0 0 0 0 0 0 0 0 0 0 0 0 0 0 0 0 0 0 0 0 0 0 0 0 0 0 0 0 0 0 0 0 0 0 0 0 0 0 0 0 0 0 0 0 0 0 0 0 0 0 0 0 0 0 0 0 0 0 0 0 0 0 0 0 0 0 0 0 0 0 0 0 0 0 0 0 0 0 0 0 0 0 0 0 0 0 0 0 0 0 0 0 0 0 0 0 0 0 0 0 0 0 0 0 0 0 0 0 0 0 0 0 0 0 0 0 0 0 0 0 0 0 0 0 0 0 0 0 0 0 0 0 0 0 0 0 0 0 0 0 0 0 0 0 0 0 0 0 0 0 0 0 0 0 0 0 0 0 0 0 0 0 0 0 0 0 0 0 0 0 0 0 0 0 0 0 0 0 0 0 0 0 0 0 0 0 0 0 0 0 0 0 0 0 0 0 0 0 0 0 0 0 0 0 0 0 0 0 0 0 0 0 0 0 0 0 0 0 0 0 0 0 0 0 0 0 0 0 0 0 0 0 0 0 0 0 0 0 0 0 0 0 0 0 0 0 0 0 0 0 0 0 0 0 0 0 0 0 0 0 0 0 0 0 0 0 0 0 0 0 0 0 0 0 0 0 0 0 0 0 0 0 0 0 0 0 0 0 0 0 0 0 0 0 0 0 0 0 0 0 0 0 0 0 0 0 2385 2385 2385 2385 2385 0 0 0 0 0 0 0 0 0 0 0 0 0 0 0 0 0 0 0 0 0 0 0 0 0 0 0 0 0 0 0 0 0 0 0 0 0 0 0 0 0 0 0 0 0 0 0 0 0 0 0 0 0 0 0 0 0 0 0 0 0 0 0 0 0 0 0 0 0 0 0 0 0 0 0 0 0 0 0 0 0 0 0 0 0 0 0 0 0 0 0 0 0 0 0 0 0 0 0 0 0 0 0 0 0 0 0 0 0 0 0 0 0 0 0 0 0 0 0 0 0 0 0 0 0 0 0 0 0 0 0 0 0 0 0 0 0 0 0 0 0 0 0 0 0 0 0 0 0 0 0 0 0 0 0 0 0 0 0 0 0 0 0 0 0 0 0 0 0 0 0 0 0 0 0 0 0 0 0 0 0 0 0 0 0 0 0 0 0 0 0 0 0 0 0 0 0 0 0 0 0 0 0 0 0 0 0 0 0 0 0 0 0 0 0 0 0 0 0 0 0 0 0 0 0 0 0 0 0 0 0 0 0 0 0 0 0 0 0 0 0 0 0 0 0 0 0 0 0 0 0 0 0 0 0 0 0 0 0 0 0 0 0 0 0 0 0 0 0 0 0 0 0 0 0 0 0 0 0 0 0 0 0 0 0 0 0 0 0 0 0 0 0 0 0 0 0 0 0 0 0 0 0 0 0 0 0 0 0 0 0 0 0 0 0 0 0 0 0 0 0 0 0 0 0 0 0 0 0 0 0 0 0 0 0 0 0 0 0 0 0 0 0 0 0 0 0 0 0 0 0 0 0 0 0 0 0 0 0 0 0 0 0 0 0 0 0 0 0 0 0 0 0 0 0 0 0 0 0 0 0 0 0 0 0 0 0 0 0 0 0 0 0 0 0 0 0 0 0 0 0 0 0 0 0 0 0 0 0 0 0 0 0 0 0 0 0 0 0 0 0 0 0 0 0 0 0 0 0 0 0 0 0 0 0 0 0 0 0 0 0 0 0 0 0 0 0 0 0 0 0 0 0 0 0 0 0 0 0 0 0 0 0 0 0 0 0 0 0 0 0 0 0 0 0 0 0 0 0 0 0 0 0 0 0 0 0 0 0 0 0 0 0 0 0 0 0 0 0 0 0 0 0 0 0 0 0 0 0 0 0 0 0 0 0 0 0 0 0 0 0 0 0 0 0 0 0 0 0 0 0 0 0 0 0 0 0 0 0 0 0 0 0 0 0 0 0 0 0 0 0 0 0 0 0 0 0 0 0 0 0 0 0 0 0 0 0 0 0 0 0 0 0 0 0 0 0 0 0 0 0 0 0 0 0 0 0 0 0 0 0 0 0 0 0 0 0 0 0 0 0 0 0 0 0 0 0 0 0 0 0 0 0 0 0 0 0 0 0 0 0 0 0 0 0 0 0 0 0 0 0 0 0 0 0 0 0 0 0 0 0 0 0 0 0 0 0 0 0 0 0 0 0 0 0 0 0 0 0 0 0 0 0 0 0 0 0 0 0 0 0 0 0 0 0 0 0 0 0 0 0 0 0 0 0 0 0 0 0 0 0 0 0 0 0 0 0 0 0 0 0 0 0 0 0 0 0 0 0 0 0 0 0 0 0 0 0 0 0 0 0 0 0 0 0 0 0 0 0 0 0 0 0 0 0 0 0 0 0 0 0 0 0 0 0 0 0 0 0 0 0 0 0 0 0 0 0 0 0 0 0 0 0 0 0 0 0 0 0 0 0 0 0 0 0 0 0 0 0 0 0 0 0 0 0 0 0 0 0 0 0 0 0 0 0 0 0 0 0 0 0 0 0 0 0 0 0 0 0 0 0 0 0 0 0 0 0 0 0 0 0 0 0 0 0 0 0 0 0 0 0 0 0 0 0 0 0 0 0 0 0 0 0 0 0 0 0 0 0 0 0 0 0 0 0 0 0 0 0 0 0 0 0 0 0 0 0 0 0 0 0 0 0 0 0 0 0 0 0 0 0 0 0 0 0 0 0 0 0 0 0 0 0 0 0 0 0 0 0 0 0 0 0 0 0 0 0 0 0 0 0 0 0 0 0 0 0 0 0 0 0 0 0 0 0 0 0 0 0 0 0 0 0 0 0 0 0 0 0 0 0 0 0 0 0 0 0 0 0 0 0 0 0 0 0 0 0 0 0 0 0 0 0 0 0 0 0 0 0 0 0 0 0 0 0 0 0 0 0 0 0 0 0 0 0 0 0 0 0 0 0 0 0 0 0 0 0 0 0 0 0 0 0 0 0 0 0 0 0 0 0 0 0 0 0 0 0 0 0 0 0 0 0 0 0 0 0 0 0 0 0 0 0 0 0 0 0 0 0 0 0 0 0 0 0 0 0 0 0 0 0 0 0 0 0 0 0 0 0 0 0 0 0 0 0 0 0 0 0 0 0 0 0 0 0 0 0 0 0 0 0 0 0 0 0 0 0 0 0 0 0 0 0 0 0 0 0 0 0 0 0 0 0 0 0 0 0 0 0 0 0 0 0 0 0 0 0 0 0 0 0 0 0 0 0 0 0 0 0 0 0 0 0 0 0 0 0 0 0 0 0 0 0 0 0 0 0 0 0 0 0 0 0 0 0 0 0 0 0 0 0 0 0 0 0 0 0 0 0 0 0 0 0 0 0 0 0 0 0 0 0 0 0 0 0 0 0 0 0 0 0 0 0 0 0 0 0 0 0 0 0 0 0 0 0 0 0 0 0 0 0 0 0 0 0 0 0 0 0 0 0 0 0 0 0 0 0 0 0 0 0 0 0 0 0 0 0 0 0 0 0 0 0 0 0 0 0 0 0 0 0 0 0 0 0 0 0 0 0 0 0 0 0 0 0 0 0 0 0 0 0 0 0 0 0 0 0 0 0 0 0 0 0 0 0 0 0 0 0 0 0 0 0 0 0 0 0 0 0 0 0 0 0 0 0 0 0 0 0 0 0 0 0 0 0 0 0 0 0 0 0 0 0 0 0 0 0 0 0 0 0 0 0 0 0 0 0 0 0 0 0 0 0 0 0 0 0 0 0 0 0 0 0 0 0 0 0 0 0 0 0 0 0 0 0 0 0 0 0 0 0 0 0 0 0 0 0 0 0 0 0 0 0 0 0 0 0 0 0 0 0 0 0 0 0 0 0 0 0 0 0 0 0 0 0 0 0 0 0 0 0 0 0 0 0 0 0 0 0 0 0 0 0 0 0 0 0 0 0 0 0 0 0 0 0 0 0 0 0 0 0 0 0 0 0 0 0 0 0 0 0 0 0 0 0 0 0 0 0 0 0 0 0 0 0 0 0 2386 0 0 0 0 0 0 0 0 0 0 0 0 0 0 0 0 0 0 0 0 0 0 0 0 0 0 0 0 0 0 0 0 0 0 0 0 0 0 0 0 0 0 0 0 0 0 0 0 0 0 0 0 0 0 0 0 0 0 0 0 0 0 0 0 0 0 0 0 0 0 0 0 0 0 0 0 0 0 0 0 0 0 0 0 0 0 0 0 0 0 0 0 0 0 0 0 0 0 0 0 0 0 0 0 0 0 0 0 0 0 0 0 0 0 0 0 0 0 0 0 0 0 0 0 0 0 0 0 0 0 0 0 0 0 0 0 0 0 0 0 0 0 0 0 0 0 0 0 0 0 0 0 0 0 0 0 0 0 0 0 0 0 0 0 0 0 0 0 0 0 0 0 0 0 0 0 0 0 0 0 0 0 0 0 0 0 0 0 0 0 0 0 0 0 0 0 0 0 0 0 0 0 0 0 0 0 0 0 0 0 0 0 0 0 0 0 0 0 0 0 0 0 0 0 0 0 0 0 0 0 0 0 0 0 0 0 0 0 0 0 0 0 0 0 0 0 0 0 0 0 0 0 0 0 0 0 0 0 0 0 0 0 0 0 0 0 0 0 0 0 0 0 0 0 0 0 0 0 0 0 0 0 0 0 0 0 0 0 0 0 0 0 0 0 0 0 0 0 0 0 0 0 0 0 0 0 0 0 0 0 0 0 0 0 0 0 0 0 0 0 0 0 0 0 0 0 0 0 0 0 0 0 0 0 0 0 0 0 0 0 0 0 0 0 0 0 0 0 0 0 0 0 0 0 0 0 0 0 0 0 0 0 0 0 0 0 0 0 0 0 0 0 0 0 0 0 0 0 0 0 0 0 0 0 0 0 0 0 0 0 0 0 0 0 0 0 0 0 0 0 0 0 0 0 0 0 0 0 0 0 0 0 0 0 0 0 0 0 0 0 0 0 0 0 0 0 0 0 0 0 0 0 0 0 0 0 0 0 0 0 0 0 0 0 0 0 0 0 0 0 0 0 0 0 0 0 0 0 0 0 0 0 0 0 0 0 0 0 0 0 0 0 0 0 0 0 0 0 0 0 0 0 0 0 0 0 0 0 0 0 0 0 0 0 0 0 0 0 0 0 0 0 0 0 0 0 0 0 0 0 0 0 0 0 0 0 0 0 0 0 0 0 0 0 0 0 0 0 0 0 0 0 0 0 0 0 0 0 0 0 0 0 0 0 0 0 0 0 0 0 0 0 0 0 0 0 0 0 0 0 0 0 0 0 0 0 0 0 0 0 0 0 0 0 0 0 0 0 0 0 0 0 0 0 0 0 0 0 0 0 0 0 0 0 0 0 0 0 0 0 0 0 0 0 0 0 0 0 0 0 0 0 0 0 0 0 0 0 0 0 0 0 0 0 0 0 0 0 0 0 0 0 0 0 0 0 0 0 0 0 0 0 0 0 0 0 0 0 0 0 0 0 0 0 0 0 0 0 0 0 0 0 0 0 0 0 0 0 0 0 0 0 0 0 0 0 0 0 0 0 0 0 0 0 0 0 0 0 0 0 0 0 0 0 0 0 0 0 0 0 0 0 0 0 0 0 0 0 0 0 0 0 0 0 0 0 0 0 0 0 0 0 0 0 0 0 0 0 0 0 0 0 0 0 0 0 0 0 0 0 0 0 0 0 0 0 0 0 0 0 0 0 0 0 0 0 0 0 0 0 0 0 0 0 0 0 0 0 0 0 0 0 0 0 0 0 0 0 0 0 0 0 0 0 0 0 0 0 0 0 0 0 0 0 0 0 0 0 0 0 0 0 0 0 0 0 0 0 0 0 0 0 0 0 0 0 0 0 0 0 0 0 0 0 0 0 0 0 0 0 0 0 0 0 0 0 0 0 0 0 0 0 0 0 0 0 0 0 0 0 0 0 0 0 0 0 0 0 0 0 0 0 0 0 0 0 0 0 0 0 0 0 0 0 0 0 0 0 0 0 0 0 0 0 0 0 0 0 0 0 0 0 0 0 0 0 0 0 0 0 0 0 0 0 0 0 0 0 0 0 0 0 0 0 0 0 0 0 0 0 0 0 0 0 0 0 0 0 0 0 0 0 0 0 0 0 0 0 0 0 0 0 0 0 0 0 0 0 0 0 0 0 0 0 0 0 0 0 0 0 0 0 0 0 0 0 0 0 0 0 0 0 0 0 0 0 0 0 0 0 0 0 0 0 0 0 0 0 0 0 0 0 0 0 0 0 0 0 0 0 0 0 0 0 0 0 0 0 0 0 0 0 0 0 0 0 0 0 0 0 0 0 0 0 0 0 0 0 0 0 0 0 0 0 0 0 0 0 0 0 0 0 0 0 0 0 0 0 0 0 0 0 0 0 0 0 0 0 0 0 0 0 0 0 0 0 0 0 0 0 0 0 0 0 0 0 0 0 0 0 0 0 0 0 0 0 0 0 0 0 0 0 0 0 0 0 0 0 0 0 0 0 0 0 0 0 0 0 0 0 0 0 0 0 0 0 0 0 0 0 0 0 0 0 0 0 0 0 0 0 0 0 0 0 0 0 0 0 0 0 0 0 0 0 0 0 0 0 0 0 0 0 0 0 0 0 0 0 0 0 0 0 0 0 0 0 0 0 0 0 0 0 0 0 0 0 0 0 0 0 0 0 0 0 0 0 0 0 0 0 0 0 0 0 0 0 0 0 0 0 0 0 0 0 0 0 0 0 0 0 0 0 0 0 0 0 0 0 0 0 0 0 0 0 0 0 0 0 0 0 0 0 0 0 0 0 0 0 0 0 0 0 0 0 0 0 0 0 0 0 0 0 0 0 0 0 0 0 0 0 0 0 0 0 0 0 0 0 0 0 0 0 0 0 0 0 0 0 0 0 0 0 0 0 0 0 0 0 0 0 0 0 0 0 0 0 0 0 0 0 0 0 0 0 0 0 0 0 0 0 0 0 0 0 0 0 0 0 0 0 0 0 0 0 0 0 0 0 0 0 0 0 0 0 0 0 0 0 0 0 0 0 0 0 0 0 0 0 0 0 0 0 0 0 0 0 0 0 0 0 0 0 0 0 0 0 0 0 0 0 0 0 0 0 0 0 0 0 0 0 0 0 0 0 0 0 0 0 0 0 0 0 0 0 0 0 0 0 0 0 0 0 0 0 0 0 0 0 0 0 0 0 0 0 0 0 0 0 0 0 0 0 0 0 0 0 0 0 0 0 0 0 0 0 0 0 0 0 0 0 0 0 0 0 0 0 0 0 0 0 0 0 0 0 0 0 0 0 0 0 0 0 0 0 0 0 0 0 0 0 0 0 0 0 0 0 0 0 0 0 0 0 0 0 0 0 0 0 0 0 0 0 0 0 0 0 0 0 0 0 0 0 0 0 0 0 0 0 0 0 0 0 0 0 0 0 0 0 0 0 0 0 0 0 0 0 0 0 0 0 0 0 0 0 0 0 0 0 0 0 0 0 0 0 0 0 0 0 0 0 0 0 0 0 0 0 0 0 0 0 0 0 0 0 0 0 0 0 0 0 0 0 0 0 0 0 0 0 0 0 0 0 0 0 0 0 0 0 0 0 0 0 0 0 0 0 0 0 0 0 0 0 0 0 0 0 0 0 0 0 0 0 0 0 0 0 0 0 0 0 0 0 0 0 0 0 0 0 0 0 0 0 0 0 0 0 0 0 0 0 0 0 0 0 0 0 0 0 0 0 0 0 0 0 0 0 0 0 0 0 0 0 0 0 0 0 0 0 0 0 0 0 0 0 0 0 0 0 0 0 0 0 0 0 0 0 0 0 0 0 0 0 0 0 0 0 0 0 0 0 0 0 0 0 0 0 0 0 0 0 0 0 0 0 0 0 0 0 0 0 0 0 0 0 0 0 0 0 0 0 0 0 0 0 0 0 0 0 0 0 0 0 0 0 0 0 0 0 0 0 0 0 0 0 0 0 0 0 0 0 0 0 0 0 0 0 0 0 0 0 0 0 0 0 0 0 0 0 0 0 0 0 0 0 0 0 0 0 0 0 0 0 0 0 0 0 0 0 0 0 0 0 0 0 0 0 0 0 0 0 0 0 0 0 0 0 0 0 0 0 0 0 0 0 0 0 0 0 0 0 0 0 0 0 0 0 0 0 0 0 0 0 0 0 0 0 0 0 0 0 0 0 0 0 0 0 0 0 0 0 0 0 0 0 0 0 0 0 0 0 0 0 0 0 0 0 0 0 0 0 0 0 0 0 0 0 0 0 0 0 0 0 0 0 0 0 0 0 0 0 0 0 0 0 0 0 0 0 0 0 0 0 0 0 0 0 0 0 0 0 0 0 0 0 0 0 0 0 0 0 0 0 0 0 0 0 0 0 0 0 0 0 0 0 0 0 0 0 0 0 0 0 0 0 0 0 0 0 0 0 0 0 0 0 0 0 0 0 0 0 0 0 0 0 0 0 0 0 0 0 0 0 0 0 0 0 0 0 0 0 0 0 0 0 0 0 0 0 0 0 0 0 0 0 0 0 0 0 0 0 0 0 0 0 0 0 0 0 0 0 0 0 0 0 0 0 0 0 0 0 0 0 0 0 0 0 0 0 0 0 0 0 0 0 0 0 0 0 0 0 0 0 0 0 0 0 0 0 0 0 0 0 0 0 0 0 0 0 0 0 0 0 0 0 0 0 0 0 0 0 0 0 0 0 0 0 0 0 0 0 0 0 0 0 0 0 0 0 0 0 0 0 0 0 0 0 0 0 0 0 0 0 0 0 0 0 0 0 0 0 0 0 0 0 0 0 0 0 0 0 0 0 0 0 0 0 0 0 0 0 0 0 0 0 0 0 0 0 0 0 0 0 0 0 0 0 0 0 0 0 0 0 0 0 0 0 0 0 0 0 0 0 0 0 0 0 0 0 0 0 0 0 0 0 0 0 0 0 0 0 0 0 0 0 0 0 0 0 0 0 0 0 0 0 0 0 0 0 0 0 0 0 0 0 0 0 0 0 0 0 0 0 0 0 0 0 0 0 0 0 0 0 0 0 0 0 0 0 0 0 0 0 0 0 0 0 0 0 0 0 0 0 0 0 0 0 0 0 0 0 0 0 0 0 0 0 0 0 0 0 0 0 0 0 0 0 0 0 0 0 0 0 0 0 0 0 0 0 0 0 0 0 0 0 0 0 0 0 0 0 0 0 0 0 0 0 0 0 0 0 0 0 0 0 0 0 0 0 0 0 0 0 0 0 0 0 0 0 0 0 0 0 0 0 0 0 0 0 0 0 0 0 0 0 0 0 0 0 0 0 0 0 0 0 0 0 0 0 0 0 0 0 0 0 0 0 0 0 0 0 0 0 0 0 0 0 0 0 0 0 0 0 0 0 0 0 0 0 0 0 0 0 0 0 0 0 0 0 0 0 0 0 0 0 0 0 0 0 0 0 0 0 0 0 0 0 0 0 0 0 0 0 0 0 0 0 0 0 0 0 0 0 0 0 0 0 0 0 0 0 0 0 0 0 0 0 0 0 0 0 0 0 0 0 0 0 0 0 0 0 0 0 0 0 0 0 0 0 0 0 0 0 0 0 0 0 0 0 0 0 0 0 0 0 0 0 0 0 0 0 0 0 0 0 0 0 0 0 0 0 0 0 0 0 0 0 0 0 0 0 0 0 0 0 0 0 0 0 0 0 0 0 0 0 0 0 0 0 0 0 0 0 0 0 0 0 0 0 0 0 0 0 0 0 0 0 0 0 0 0 0 0 0 0 0 0 0 0 0 0 0 0 0 0 0 0 0 0 0 0 0 0 0 0 0 0 0 0 0 0 0 0 0 0 0 0 0 0 0 0 0 0 0 0 0 0 0 0 0 0 0 0 0 0 0 0 0 0 0 0 0 0 0 0 0 0 0 0 0 0 0 0 0 0 0 0 0 0 0 0 0 0 0 0 0 0 0 0 0 0 0 0 0 0 0 0 0 0 0 0 0 0 0 0 0 0 0 0 0 0 0 0 0 0 0 0 0 0 0 0 0 0 0 0 0 0 0 0 0 0 0 0 0 0 0 0 0 0 0 0 0 0 0 0 0 0 0 0 0 0 0 0 0 0 0 0 0 0 0 0 0 0 0 0 0 0 0 0 0 0 0 0 0 0 0 0 0 0 0 0 0 0 0 0 0 0 0 0 0 0 0 0 0 2386 0 0 0 0 0 0 0 0 0 0 0 0 0 0 0 0 0 0 0 0 0 0 0 0 0 0 0 0 0 0 0 0 0 0 0 0 0 0 0 0 0 0 0 0 0 0 0 0 0 0 0 0 0 0 0 0 0 0 0 0 0 2384 0 0 0 0 0 0 0 0 0 0 0 0 0 0 0 0 0 0 0 0 0 0 0 0 0 0 0 0 0 0 0 0 0 0 0 0 0 0 0 0 0 0 0 0 0 0 0 0 0 0 0 0 0 0 0 0 0 0 0 0 0 0 0 0 0 0 0 0 0 0 0 0 0 0 0 0 0 0 0 0 0 0 0 0 0 0 0 0 0 0 0 0 0 0 0 0 0 0 0 0 0 0 0 0 0 0 0 0 0 0 0 0 0 0 0 0 0 0 0 0 0 0 0 0 0 0 0 0 0 0 0 0 0 0 0 0 0 0 0 0 0 0 0 0 0 0 0 0 0 0 0 0 0 0 0 0 0 0 0 0 0 0 0 0 0 0 0 0 0 0 0 0 0 0 0 0 0 0 0 0 0 0 0 0 0 0 0 0 0 0 0 0 0 0 0 0 0 0 0 0 0 0 0 0 0 0 0 0 0 0 0 0 0 0 0 0 0 0 0 0 0 0 0 0 0 0 0 0 0 0 0 0 0 0 0 0 0 0 0 0 0 0 0 0 0 0 0 0 0 0 0 0 0 0 0 0 0 0 0 0 0 0 0 0 0 0 0 0 0 0 0 0 0 0 0 0 0 0 0 0 0 0 0 0 0 0 0 0 0 0 0 0 0 0 0 0 0 0 0 0 0 0 0 0 0 0 0 0 0 0 0 0 0 0 0 0 0 0 0 0 0 0 0 0 0 0 0 0 0 0 0 0 0 0 0 0 0 0 0 0 0 0 0 0 0 0 0 0 0 0 0 0 0 0 0 0 0 0 0 0 0 0 0 0 0 0 0 0 0 0 0 0 0 0 0 0 0 0 0 0 0 0 0 0 0 0 0 0 0 0 0 0 0 0 0 0 0 0 0 0 0 0 0 0 0 0 0 0 0 0 0 0 0 0 0 0 0 0 0 0 0 0 0 0 0 0 0 0 0 0 0 0 0 0 0 0 0 0 0 0 0 0 0 0 0 0 0 0 0 0 0 0 0 0 0 0 0 0 0 0 0 0 0 0 0 0 0 0 0 0 0 0 0 0 0 0 0 0 0 0 0 0 0 0 0 0 0 0 0 0 0 0 0 0 0 0 0 0 0 0 0 0 0 0 0 0 0 0 0 0 0 0 0 0 0 0 0 0 0 0 0 0 0 0 0 0 0 0 0 0 0 0 0 0 0 0 0 0 0 0 0 0 0 0 0 0 0 0 0 0 0 0 0 0 0 0 0 0 0 0 0 0 0 0 0 0 0 0 0 0 0 0 0 0 0 0 0 0 0 0 0 0 0 0 0 0 0 0 0 0 0 0 0 0 0 0 0 0 0 0 0 0 0 0 0 0 0 0 0 0 0 0 0 0 0 0 0 0 0 0 0 0 0 0 0 0 0 0 0 0 0 0 0 0 0 0 0 0 0 0 0 0 0 0 0 0 0 0 0 0 0 0 0 0 0 0 0 0 0 0 0 0 0 0 0 0 0 0 0 0 0 0 0 0 0 0 0 0 0 0 0 0 0 0 0 0 0 0 0 0 0 0 0 0 0 0 0 0 0 0 0 0 0 0 0 0 0 0 0 0 0 0 0 0 0 0 0 0 0 0 0 0 0 0 0 0 0 0 0 0 0 0 0 0 0 0 0 0 0 0 0 0 0 0 0 0 0 0 0 0 0 0 0 0 0 0 0 0 0 0 0 0 0 0 0 0 0 0 0 0 0 0 0 0 0 0 0 0 0 0 0 0 0 0 0 0 0 0 0 0 0 0 0 0 0 0 0 0 0 0 0 0 0 0 0 0 0 0 0 0 0 0 0 0 0 0 0 0 0 0 0 0 0 0 0 0 0 0 0 0 0 0 0 0 0 0 0 0 0 0 0 0 0 0 0 0 0 0 0 0 0 0 0 0 0 0 0 0 0 0 0 0 0 0 0 0 0 0 0 0 0 0 0 0 0 0 0 0 0 0 0 0 0 0 0 0 0 0 0 0 0 0 0 0 0 0 0 0 0 0 0 0 0 0 0 0 0 0 0 0 0 0 0 0 0 0 0 0 0 0 0 0 0 0 0 0 0 0 0 0 0 0 0 0 0 0 0 0 0 0 0 0 0 0 0 0 0 0 0 0 0 0 0 0 0 0 0 0 0 0 0 0 0 0 0 0 0 0 0 0 0 0 0 0 0 0 0 0 0 0 0 0 0 0 0 0 0 0 0 0 0 0 0 0 0 0 0 0 0 0 0 0 0 0 0 0 0 0 0 0 0 0 0 0 0 0 0 0 0 0 0 0 0 0 0 0 0 0 0 0 0 0 0 0 0 0 0 0 0 0 0 0 0 0 0 0 0 0 0 0 0 0 0 0 0 0 0 0 0 0 0 0 0 0 0 0 0 0 0 0 0 0 0 0 0 0 0 0 0 0 0 0 0 0 0 0 0 0 0 0 0 0 0 0 0 0 0 0 0 0 0 0 0 0 0 0 0 0 0 0 0 0 0 0 0 0 0 0 0 0 0 0 0 0 0 0 0 0 0 0 0 0 0 0 0 0 0 0 0 0 0 0 0 0 0 0 0 0 0 0 0 0 0 0 0 0 0 0 0 0 0 0 0 0 0 0 0 0 0 0 0 0 0 0 0 0 0 0 0 0 0 0 0 0 0 0 0 0 0 0 0 0 0 0 0 0 0 0 0 0 0 0 0 0 0 0 0 0 0 0 0 0 0 0 0 0 0 0 0 0 0 0 0 0 0 0 0 0 0 0 0 0 0 0 0 0 0 0 0 0 0 0 0 0 0 0 0 0 0 0 0 0 0 0 0 0 0 0 0 0 0 0 0 0 0 0 0 0 0 0 0 0 0 0 0 0 0 0 0 0 0 0 0 0 0 0 0 0 0 0 0 0 0 0 0 0 0 0 0 0 0 0 0 0 0 0 0 0 0 0 0 0 0 0 0 0 0 0 0 0 0 0 0 0 0 0 0 0 0 0 0 0 0 0 0 0 0 0 0 0 0 0 0 0 0 0 0 0 0 0 0 0 0 0 0 0 0 0 0 0 0 0 0 0 0 0 0 0 0 0 0 0 0 0 0 0 0 0 0 0 0 0 0 0 0 0 0 0 0 0 0 0 0 0 0 0 0 0 0 0 0 0 0 0 0 0 0 0 0 0 0 0 0 0 0 0 0 0 0 0 0 0 0 0 0 0 0 0 0 0 0 0 0 0 0 0 0 0 0 0 0 0 0 0 0 0 0 0 0 0 0 0 0 0 0 0 0 0 0 0 0 0 0 0 0 0 0 0 0 0 0 0 0 0 0 0 0 0 0 0 0 0 0 0 0 0 0 0 0 0 0 0 0 0 0 0 0 0 0 0 0 0 0 0 0 0 0 0 0 0 0 0 0 0 0 0 0 0 0 0 0 0 0 0 0 0 0 0 0 0 0 0 0 0 0 0 0 0 0 0 0 0 0 0 0 0 0 0 0 0 0 0 0 0 0 0 0 0 0 0 0 0 0 0 0 0 0 0 0 0 0 0 0 0 0 0 0 0 0 0 0 0 0 0 0 0 0 0 0 0 0 0 0 0 0 0 0 0 0 0 0 0 0 0 0 0 0 0 0 0 0 0 0 0 0 0 0 0 0 0 0 0 0 0 0 0 0 0 0 0 0 0 0 0 0 0 0 0 0 0 0 0 0 0 0 0 0 0 0 0 0 0 0 0 0 0 0 0 0 0 0 0 0 0 0 0 0 0 0 0 0 0 0 0 0 0 0 0 0 0 0 0 0 0 0 0 0 0 0 0 0 0 0 0 0 0 0 0 0 0 0 0 0 0 0 0 0 0 0 0 0 0 0 0 0 0 0 0 0 0 0 0 0 0 0 0 0 0 0 0 0 0 0 0 0 0 0 0 0 0 0 0 0 0 0 0 0 0 0 0 0 0 0 0 0 0 0 0 0 0 0 0 0 0 0 0 0 0 0 0 0 0 0 0 0 0 0 0 0 0 0 0 0 0 0 0 0 0 0 0 0 0 0 0 0 0 0 0 0 0 0 0 0 0 0 0 0 0 0 0 0 0 0 0 0 0 0 0 0 0 0 0 0 0 0 0 0 0 0 0 0 0 0 0 0 0 0 0 0 0 0 0 0 0 0 0 0 0 0 0 0 0 0 0 0 0 0 0 0 0 0 0 0 0 0 0 0 0 0 0 0 0 0 0 0 0 0 0 0 0 0 0 0 0 0 0 0 0 0 0 0 0 0 0 0 0 0 0 0 0 0 0 0 0 0 0 0 0 0 0 0 0 0 0 0 0 0 0 0 0 0 0 0 0 0 0 0 0 0 0 0 0 0 0 0 0 0 0 0 0 0 0 0 0 0 0 0 0 0 0 0 0 0 0 0 0 0 0 0 0 0 0 0 0 0 0 0 0 0 0 0 0 0 0 0 0 0 0 0 0 0 0 0 0 0 0 0 0 0 0 0 0 0 0 0 0 0 0 0 0 0 0 0 0 0 0 0 0 0 0 0 0 0 0 0 0 0 0 0 0 0 0 0 0 0 0 0 0 0 0 0 0 0 0 0 0 0 0 0 0 0 0 0 0 0 0 0 0 0 0 0 0 0 0 0 0 0 0 0 0 0 0 0 0 0 0 0 0 0 0 0 0 0 0 0 0 0 0 0 0 0 0 0 0 0 0 0 0 0 0 0 0 0 0 0 0 0 0 0 0 0 0 0 0 0 0 0 0 0 0 0 0 0 0 0 0 0 0 0 0 0 0 0 0 0 0 0 0 0 0 0 0 0 0 0 0 0 0 0 0 0 0 0 0 0 0 0 0 0 0 0 0 0 0 0 0 0 0 0 0 0 0 0 0 0 0 0 0 0 0 0 0 0 0 0 0 0 0 0 0 0 0 0 0 0 0 0 0 0 0 0 0 0 0 0 0 0 0 0 0 0 0 0 0 0 0 0 0 0 0 0 0 0 0 0 0 0 0 0 0 0 0 0 0 0 0 0 0 0 0 0 0 0 0 0 0 0 0 0 0 0 0 0 0 0 0 0 0 0 0 0 0 0 0 0 0 0 0 0 0 0 0 0 0 0 0 0 0 0 0 0 0 0 0 0 0 0 0 0 0 0 0 0 0 0 0 0 0 0 0 0 0 0 0 0 0 0 0 0 0 0 0 0 0 0 0 0 0 0 0 0 0 0 0 0 0 0 0 0 0 0 0 0 0 0 0 0 0 0 0 0 0 0 0 0 0 0 0 0 0 0 0 0 0 0 0 0 0 0 0 0 0 0 0 0 0 0 0 0 0 0 0 0 0 0 0 0 0 0 0 0 0 0 0 0 0 0 0 0 0 0 0 0 0 0 0 0 0 0 0 0 0 0 0 0 0 0 0 0 0 0 0 0 0 0 0 0 0 0 0 0 0 0 0 0 0 0 0 0 0 0 0 0 0 0 0 0 0 0 0 0 0 0 0 0 0 0 0 0 0 0 0 0 0 0 0 0 0 0 0 0 0 0 0 0 0 0 0 0 0 0 0 0 0 0 0 0 0 0 0 0 0 0 0 0 0 0 0 0 0 0 0 0 0 0 0 0 0 0 0 0 0 0 0 0 0 0 0 0 0 0 0 0 0 0 0 0 0 0 0 0 0 0 0 0 0 0 0 0 0 0 0 0 0 0 0 0 0 0 0 0 0 0 0 0 0 0 0 0 0 0 0 0 0 0 0 0 0 0 0 0 0 0 0 0 0 0 0 0 0 0 0 0 0 0 0 0 0 0 0 0 0 0 0 0 0 0 0 0 0 0 0 0 0 0 0 0 0 0 0 0 0 0 0 0 0 0 0 0 0 0 0 0 0 0 0 0 0 0 0 0 0 0 0 0 0 0 0 0 0 0 0 0 0 0 0 0 0 0 0 0 0 0 0 0 0 0 0 0 0 0 0 0 0 0 0 0 0 0 0 0 0 0 0 0 0 0 0 0 0 0 0 0 0 0 0 0 0 0 0 0 0 0 0 0 0 0 0 0 0 0 0 0 0 0 0 0 0 0 0 0 0 0 0 0 0 0 0 0 0 0 0 0 0 0 0 0 0 0 0 0 0 0 0 0 0 0 0 0 0 0 0 0 0 0 0 0 0 0 0 0 0 0 0 0 0 0 0 0 0 0 0 0 0 0 0 0 0 0 0 0 0 0 0 0 0 0 0 0 0 0 0 0 0 0 0 0 0 0 0 0 0 0 0 0 0 0 0 0 0 0 0 0 0 0 0 0 0 0 0 0 0 0 0 0 0 0 0 0 0 0 0 0 0 0 0 0 0 0 0 0 0 0 0 0 0 0 0 0 0 0 0 0 0 0 0 0 0 0 0 0 0 0 0 0 0 0 0 0 0 0 0 0 0 0 0 0 0 0 0 0 0 0 0 0 0 0 0 0 0 0 0 0 0 0 0 0 0 0 0 0 0 0 0 0 0 0 0 0 0 0 0 0 0 0 0 0 0 0 0 0 0 0 0 0 0 0 0 0 0 0 0 0 0 0 0 0 0 0 0 0 0 0 0 0 0 0 0 0 0 0 0 0 0 0 0 0 0 0 0 0 0 0 0 0 0 0 0 0 0 0 0 0 0 0 0 0 0 0 0 0 0 0 0 0 0 0 0 0 0 0 0 0 0 0 0 0 0 0 0 0 0 0 0 0 0 0 0 0 0 0 0 0 0 0 0 0 0 0 0 0 0 0 0 0 0 0 0 0 0 0 0 0 0 0 0 0 0 0 0 0 0 0 0 0 0 0 0 0 0 0 0 0 0 0 0 0 0 0 0 0 0 0 0 0 0 0 0 0 0 0 0 0 0 0 0 0 0 0 0 0 0 0 0 0 0 0 0 0 0 0 0 0 0 0 0 0 0 0 0 0 0 0 0 0 0 0 0 0 0 0 0 0 0 0 0 0 0 0 0 0 0 0 0 0 0 0 0 0 0 0 0 0 0 0 0 0 0 0 0 0 0 0 0 0 0 0 0 0 0 0 0 0 0 0 0 0 0 0 0 0 0 0 0 0 0 0 0 0 0 0 0 0 0 0 0 0 0 0 0 0 0 0 0 0 0 0 0 0 0 0 0 0 0 0 0 0 0 0 0 0 0 0 0 0 0 0 0 0 0 0 0 0 0 0 0 0 0 0 0 0 0 0 0 0 0 0 0 0 0 0 0 0 0 0 0 0 0 0 0 0 0 0 0 0 0 0 0 0 0 0 0 0 0 0 0 0 0 0 0 0 0 0 0 0 0 0 0 0 0 0 0 0 0 0 0 0 0 0 0 0 0 0 0 0 0 0 0 0 0 0 0 0 0 0 0 0 0 0 0 0 0 0 0 0 0 0 0 0 0 0 0 0 0 0 0 0 0 0 0 0 0 0 0 0 0 0 0 0 0 0 0 0 0 0 0 0 0 0 0 0 0 0 0 0 0 0 0 0 0 0 0 0 0 0 0 0 0 0 0 0 0 0 0 0 0 0 0 0 0 0 0 0 0 0 0 0 0 0 0 0 0 0 0 0 0 0 0 0 0 0 0 0 0 0 0 0 0 0 0 0 0 0 0 0 0 0 0 0 0 0 0 0 0 0 0 0 0 0 0 0 0 0 0 0 0 0 0 0 0 0 0 0 0 0 0 0 0 0 0 0 0 0 0 0 0 0 0 0 0 0 0 0 0 0 0 0 0 0 0 0 0 0 0 0 0 0 0 0 0 0 0 0 0 0 0 0 0 0 0 0 0 0 0 0 0 0 0 0 0 0 0 0 0 0 0 0 0 0 0 0 0 0 0 0 0 0 0 0 0 0 0 0 0 0 0 0 0 0 0 0 0 0 0 0 0 0 0 0 0 0 0 0 0 0 0 0 0 0 0 0 0 0 0 0 0 0 0 0 0 0 0 0 0 0 0 0 0 0 0 0 0 0 0 0 0 0 0 0 0 0 0 0 0 0 0 0 0 0 0 0 0 0 0 0 0 0 0 0 0 0 0 0 0 0 0 0 0 0 0 0 0 0 0 0 0 0 0 0 0 0 0 0 0 0 0 0 0 0 0 0 0 0 0 0 0 0 0 0 0 0 0 0 0 0 0 0 0 0 0 0 0 0 0 0 0 0 0 0 0 0 0 0 0 0 0 0 0 0 0 0 0 0 0 0 0 0 0 0 0 0 0 0 0 0 0 0 0 0 0 0 0 0 0 0 0 0 0 0 0 0 0 0 0 0 0 0 0 0 0 0 0 0 0 0 0 0 0 0 0 0 0 0 0 0 0 0 0 0 0 0 0 0 0 0 0 0 0 0 0 0 0 0 0 0 0 0 0 0 0 0 0 0 0 0 0 0 0 0 0 0 0 0 0 0 0 0 0 0 0 0 0 0 0 0 0 0 0 0 0 0 0 0 0 0 0 0 0 0 0 0 0 0 0 0 0 0 0 0 0 0 0 0 0 0 0 0 0 0 0 0 0 0 0 0 0 0 0 0 0 0 0 0 0 0 0 0 0 0 0 0 0 0 0 0 0 0 0 0 0 0 0 0 0 0 0 0 0 0 0 0 0 0 0 0 0 0 0 0 0 0 0 0 0 0 0 0 0 0 0 0 0 0 0 0 0 0 0 0 0 0 0 0 0 0 0 0 0 0 0 0 0 0 0 0 0 0 0 0 0 0 0 0 0 0 0 0 0 0 0 0 0 0 0 0 0 0 0 0 0 0 0 0 0 0 0 0 0 0 0 0 0 0 0 0 0 0 0 0 0 0 0 0 0 0 0 0 0 0 0 0 0 0 0 0 0 0 0 0 0 0 0 0 0 0 0 0 0 0 0 0 0 0 0 0 0 0 0 0 0 0 0 0 0 0 0 0 0 0 0 0 0 0 0 0 0 0 0 0 0 0 0 0 0 0 0 0 0 0 0 0 0 0 0 0 0 0 0 0 0 0 0 0 0 0 0 0 0 0 0 0 0 0 0 0 0 0 0 0 0 0 0 0 0 0 0 0 0 0 0 0 0 0 0 0 0 0 0 0 0 0 0 0 0 0 0 0 0 0 0 0 0 0 0 0 0 0 0 0 0 0 0 0 0 0 0 0 0 0 0 0 0 0 0 0 0 0 0 0 0 0 0 0 0 0 0 0 0 0 0 0 0 0 0 0 0 0 0 0 0 0 0 0 0 0 0 0 0 0 0 0 0 0 0 0 0 0 0 0 0 0 0 0 0 0 0 0 0 0 0 0 0 0 0 0 0 0 0 0 0 0 0 0 0 0 0 0 0 0 0 0 0 0 0 0 0 0 0 0 0 0 0 0 0 0 0 0 0 0 0 0 0 0 0 0 0 0 0 0 0 0 0 0 0 0 0 0 0 0 0 0 0 0 0 0 0 0 0 0 0 0 0 0 0 0 0 0 0 0 0 0 0 0 0 0 0 0 0 0 0 0 0 0 0 0 0 0 0 0 0 0 0 0 0 0 0 0 0 0 0 0 0 0 0 0 0 0 0 0 0 0 0 0 0 0 0 0 0 0 0 0 0 0 0 0 0 0 0 0 0 0 0 0 0 0 0 0 0 0 0 0 0 0 0 0 0 0 0 0 0 0 0 0 0 0 0 0 0 0 0 0 0 0 0 0 0 0 0 0 0 0 0 0 0 0 0 0 0 0 0 0 0 0 0 0 0 0 0 0 0 0 0 0 0 0 0 0 0 0 0 0 0 0 0 0 0 0 0 0 0 0 0 0 0 0 0 0 0 0 0 0 0 0 0 0 0 0 0 0 0 0 0 0 0 0 0 0 0 0 0 0 0 0 0 0 0 0 0 0 0 0 0 0 0 0 0 0 0 0 0 0 0 0 0 0 0 0 0 0 0 0 0 0 0 0 0 0 0 0 0 0 0 0 0 0 0 0 0 0 0 0 0 0 0 0 0 0 0 0 0 0 0 0 0 0 0 0 0 0 0 0 0 0 0 0 0 0 0 0 0 0 0 0 0 0 0 0 0 0 0 0 0 0 0 0 0 0 0 0 0 0 0 0 0 0 0 0 0 0 0 0 0 0 0 0 0 0 0 0 0 0 0 0 0 0 0 0 0 0 0 0 0 0 0 0 0 0 0 0 0 0 0 0 0 0 0 0 0 0 0 0 0 0 0 0 0 0 0 0 0 0 0 0 0 0 0 0 0 0 0 0 0 0 0 0 0 0 0 0 0 0 0 0 0 0 0 0 0 0 0 0 0 0 0 0 0 0 0 0 0 0 0 0 0 0 0 0 0 0 0 0 0 0 0 0 0 0 0 0 0 0 0 0 0 0 0 0 0 0 0 0 0 0 0 0 0 0 0 0 0 0 0 0 0 0 0 0 0 0 0 0 0 0 0 0 0 0 0 0 0 0 0 0 0 0 0 0 0 0 0 0 0 0 0 0 0 0 0 0 0 0 0 0 0 0 0 0 0 0 0 0 0 0 0 0 0 0 0 0 0 0 0 0 0 0 0 0 0 0 0 0 0 0 0 0 0 0 0 0 0 0 0 0 0 0 0 0 0 0 0 0 0 0 0 0 0 0 0 0 0 0 0 0 0 0 0 0 0 0 0 0 0 0 0 0 0 0 0 0 0 0 0 0 0 0 0 0 0 0 0 0 0 0 0 0 0 0 0 0 0 0 0 0 0 0 0 0 0 0 0 0 0 0 0 0 0 0 0 0 0 0 0 0 0 0 0 0 0 0 0 0 0 0 0 0 0 0 0 0 0 0 0 0 0 0 0 0 0 0 0 0 0 0 0 0 0 0 0 0 0 0 0 0 0 0 0 0 0 0 0 0 0 0 0 0 0 0 0 0 0 0 0 0 0 0 0 0 0 0 0 0 0 0 0 0 0 0 0 0 0 0 0 0 0 0 0 0 0 0 0 0 0 0 0 0 0 0 0 0 0 0 0 0 0 0 0 0 0 0 0 0 0 0 0 0 0 0 0 0 0 0 0 0 0 0 0 0 0 0 0 0 0 0 0 0 0 0 0 0 0 0 0 0 0 0 0 0 0 0 0 0 0 0 0 0 0 0 0 0 0 0 0 0 0 0 0 0 0 0 0 0 0 0 0 0 0 0 0 0 0 0 0 0 0 0 0 0 0 0 0 0 0 0 0 0 0 0 0 0 0 0 0 0 0 0 0 0 0 0 0 0 0 0 0 0 0 0 0 0 0 0 0 0 0 0 0 0 0 0 0 0 0 0 0 0 0 0 0 0 0 0 0 0 0 0 0 0 0 0 0 0 0 0 0 0 0 0 0 0 0 0 0 0 0 0 0 0 0 0 0 0 0 0 0 0 0 0 0 0 0 0 0 0 0 0 0 0 0 0 0 0 0 0 0 0 0 0 0 0 0 0 0 0 0 0 0 0 0 0 0 0 0 0 0 0 0 0 0 0 0 0 0 0 0 0 0 0 0 0 0 0 0 0 0 0 0 0 0 0 0 0 0 0 0 0 0 0 0 0 0 0 0 0 0 0 0 0 0 0 0 0 0 0 0 0 0 0 0 0 0 0 0 0 0 0 0 0 0 0 0 0 0 0 0 0 0 0 0 0 0 0 0 0 0 0 0 0 0 0 0 0 0 0 0 0 0 0 0 0 0 0 0 0 0 0 0 0 0 0 0 0 0 0 0 0 0 0 0 0 0 0 0 0 0 0 0 0 0 0 0 0 0 0 0 0 0 0 0 0 0 0 0 0 0 0 0 0 0 0 0 0 0 0 0 0 0 0 0 0 0 0 0 0 0 0 0 0 0 0 0 0 0 0 0 0 0 0 0 0 0 0 0 0 0 0 0 0 0 0 0 0 0 0 0 0 0 0 0 0 0 0 0 0 0 0 0 0 0 0 0 0 0 0 0 0 0 0 0 0 0 0 0 0 0 0 0 0 0 0 0 0 0 0 0 0 0 0 0 0 0 0 0 0 0 0 0 0 0 0 0 0 0 0 0 0 0 0 0 0 0 0 0 0 0 0 0 0 0 0 0 0 0 0 0 0 0 0 0 0 0 0 0 0 0 0 0 0 0 0 0 0 0 0 0 0 0 0 0 0 0 0 0 0 0 0 0 0 0 0 0 0 0 0 0 0 0 0 0 0 0 0 0 0 0 0 0 0 0 0 0 0 0 0 0 0 0 0 0 0 0 0 0 0 0 0 0 0 0 0 0 0 0 0 0 0 0 0 0 0 0 0 0 0 0 0 0 0 0 0 0 0 0 0 0 0 0 0 0 0 0 0 0 0 0 0 0 0 0 0 0 0 0 0 0 0 0 0 0 0 0 0 0 0 0 0 0 0 0 0 0 0 0 0 0 0 0 0 0 0 0 0 0 0 0 0 0 0 0 0 0 0 0 0 0 0 0 0 0 0 0 0 0 0 0 0 0 0 0 0 0 0 0 0 0 0 0 0 0 0 0 0 0 0 0 0 0 0 0 0 0 0 0 0 0 0 0 0 0 0 0 0 0 0 0 0 0 0 0 0 0 0 0 0 0 0 0 0 0 0 0 0 0 0 0 0 0 0 0 0 0 0 0 0 0 0 0 0 0 0 0 0 0 0 0 0 0 0 0 0 0 0 0 0 0 0 0 0 0 0 0 0 0 0 0 0 0 0 0 0 0 0 0 0 0 0 0 0 0 0 0 0 0 0 0 0 0 0 0 0 0 0 0 0 0 0 0 0 0 0 0 0 0 0 0 0 0 0 0 0 0 0 0 0 0 0 0 0 0 0 0 0 0 0 0 0 0 0 0 0 0 0 0 0 0 0 0 0 0 0 0 0 0 0 0 0 0 0 0 0 0 0 0 0 0 0 0 0 0 0 0 0 0 0 0 0 0 0 0 0 0 0 0 0 0 0 0 0 0 0 0 0 0 0 0 0 0 0 0 0 0 0 0 0 0 0 0 0 0 0 0 0 0 0 0 0 0 0 0 0 0 0 0 0 0 0 0 0 0 0 0 0 0 0 0 0 0 0 0 0 0 0 0 0 0 0 0 0 0 0 0 0 0 0 0 0 0 0 0 0 0 0 0 0 0 0 0 0 0 0 0 0 0 0 0 0 0 0 0 0 0 0 0 0 0 0 0 0 0 0 0 0 0 0 0 0 0 0 0 0 0 0 0 0 0 0 0 0 0 0 0 0 0 0 0 0 0 0 0 0 0 0 0 0 0 0 0 0 0 0 0 0 0 0 0 0 0 0 0 0 0 0 0 0 0 0 0 0 0 0 0 0 0 0 0 0 0 0 0 0 0 0 0 0 0 0 0 0 0 0 0 0 0 0 0 0 0 0 0 0 0 0 0 0 0 0 0 0 0 0 0 0 0 0 0 0 0 0 0 0 0 0 0 0 0 0 0 0 0 0 0 0 0 0 0 0 0 0 0 0 0 0 0 0 0 0 0 0 0 0 0 0 0 0 0 0 0 0 0 0 0 0 0 0 0 0 0 0 0 0 0 0 0 0 0 0 0 0 0 0 0 0 0 0 0 0)
    )
    (tilemap
      (name "para2")
      (draw-target "normal")
      (width 184)
      (height 35)
      (speed 0.25)
      (solid #f)
      (z-pos -170)
      (alpha 0.150000006)
      (tint 1 1 1 1)
      (tiles 36 36 36 36 36 36 36 36 36 36 36 36 36 36 36 36 36 36 36 36 36 36 36 36 36 36 36 36 36 36 36 36 36 36 36 36 36 36 36 36 36 36 36 36 36 36 36 36 43 0 0 0 0 38 36 36 36 36 36 36 36 36 36 36 36 36 36 36 36 36 36 36 36 36 36 36 36 36 36 36 36 36 36 36 36 36 36 36 36 36 36 36 36 36 36 36 36 36 36 36 36 36 36 43 0 0 0 0 38 36 36 36 36 36 36 36 36 36 36 36 36 36 36 36 36 36 36 36 36 36 36 36 36 36 36 36 36 36 36 36 36 36 36 36 36 36 36 36 36 36 36 36 36 36 36 36 36 36 43 0 0 0 0 38 36 36 36 36 36 36 36 36 36 36 36 36 36 36 36 36 36 36 36 43 36 36 36 36 36 36 36 36 36 36 36 36 36 36 36 36 36 36 36 36 36 36 36 36 36 36 36 36 36 36 36 36 36 36 36 36 36 36 36 36 36 36 36 36 36 36 36 36 43 0 0 0 0 38 36 36 36 36 36 36 36 36 36 36 36 36 36 36 36 36 36 36 36 36 36 36 36 36 36 36 36 36 36 36 36 36 36 36 36 36 36 36 36 36 36 36 36 36 36 36 36 36 36 43 0 0 0 0 38 36 36 36 36 36 36 36 36 36 36 36 36 36 36 36 36 36 36 36 36 36 36 36 36 36 36 36 36 36 36 36 36 36 36 36 36 36 36 36 36 36 36 36 36 36 36 36 36 36 43 0 0 0 0 38 36 36 36 36 36 36 36 36 36 36 36 36 36 36 36 36 36 36 36 43 41 41 41 41 41 41 41 41 41 41 41 41 41 41 41 41 36 36 36 36 36 36 36 36 36 36 36 36 36 36 36 36 36 36 36 36 36 36 36 36 36 36 36 36 36 36 36 36 43 0 0 0 0 40 41 41 41 41 41 41 41 41 41 41 41 41 41 41 41 41 41 36 36 36 36 36 36 36 36 36 36 36 36 36 36 36 36 36 36 36 36 36 36 36 36 36 36 36 36 36 36 36 36 43 0 0 0 0 40 41 41 41 41 41 41 41 41 41 41 41 41 41 41 41 41 41 36 36 36 36 36 36 36 36 36 36 36 36 36 36 36 36 36 36 36 36 36 36 36 36 36 36 36 36 36 36 36 36 43 0 0 0 0 40 41 41 41 41 41 41 41 41 41 41 41 41 41 41 41 41 41 36 36 43 0 33 34 0 0 0 0 0 0 0 0 0 0 0 0 0 40 41 41 41 41 41 41 41 41 36 36 36 36 36 36 36 36 36 36 36 36 36 36 36 36 36 36 36 36 36 36 36 43 34 0 0 0 0 0 0 33 34 0 0 0 0 0 0 0 0 0 0 0 0 0 40 41 41 41 41 41 41 41 41 36 36 36 36 36 36 36 36 36 36 36 36 36 36 36 36 36 36 36 36 36 36 36 43 34 0 0 0 0 0 0 33 34 0 0 0 0 0 0 0 0 0 0 0 0 0 40 41 41 41 41 41 41 41 41 36 36 36 36 36 36 36 36 36 36 36 36 36 36 36 36 36 36 36 36 36 36 36 43 34 0 0 0 0 0 0 33 34 0 0 0 0 0 0 0 0 0 0 0 0 0 40 41 42 0 119 120 0 0 0 0 0 0 0 0 0 0 0 0 0 0 0 0 0 0 0 0 0 0 38 36 36 36 36 36 36 36 36 36 36 36 36 36 36 36 36 36 36 36 36 36 36 36 39 0 0 1741 0 0 0 119 120 0 0 0 0 0 0 0 0 0 0 0 0 0 0 0 0 0 0 0 0 0 0 38 36 36 36 36 36 36 36 36 36 36 36 36 36 36 36 36 36 36 36 36 36 36 36 39 0 0 1741 0 0 0 119 120 0 0 0 0 0 0 0 0 0 0 0 0 0 0 0 0 0 0 0 0 0 0 38 36 36 36 36 36 36 36 36 36 36 36 36 36 36 36 36 36 36 36 36 36 36 36 39 0 0 1741 0 0 0 119 120 0 0 0 0 0 0 0 0 0 0 0 0 0 0 0 0 0 0 0 0 0 0 0 0 0 0 0 0 0 0 0 0 0 0 0 0 0 0 0 0 0 38 36 36 36 36 36 36 36 36 36 36 36 36 36 36 36 36 36 36 36 36 36 36 36 43 0 0 1816 0 0 0 0 0 0 0 0 0 0 0 0 0 0 0 0 0 0 0 0 0 0 0 0 0 0 0 38 36 36 36 36 36 36 36 36 36 36 36 36 36 36 36 36 36 36 36 36 36 36 36 43 0 0 1816 0 0 0 0 0 0 0 0 0 0 0 0 0 0 0 0 0 0 0 0 0 0 0 0 0 0 0 38 36 36 36 36 36 36 36 36 36 36 36 36 36 36 36 36 36 36 36 36 36 36 36 43 0 0 1816 0 0 0 0 0 0 0 0 0 0 0 0 0 0 0 0 0 0 0 0 0 0 0 0 0 33 32 32 32 32 32 32 32 32 34 0 0 0 0 0 0 0 0 0 0 0 40 41 41 41 41 41 41 41 41 41 41 41 36 36 36 36 36 36 36 36 36 36 36 36 43 0 0 0 0 0 0 0 0 0 33 32 32 32 32 32 32 32 32 34 0 0 0 0 0 0 0 0 0 0 0 40 41 41 41 41 41 41 41 41 41 41 41 36 36 36 36 36 36 36 36 36 36 36 36 43 0 0 0 0 0 0 0 0 0 33 32 32 32 32 32 32 32 32 34 0 0 0 0 0 0 0 0 0 0 0 40 41 41 41 41 41 41 41 41 41 41 41 36 36 36 36 36 36 36 36 36 36 36 36 43 0 0 0 0 0 0 0 0 0 33 32 32 32 32 32 32 32 32 34 0 0 0 0 0 0 33 32 32 35 37 37 37 37 37 37 37 37 39 0 0 0 0 33 32 32 32 34 0 0 0 0 0 0 0 0 0 0 0 0 0 0 40 41 41 36 36 36 36 36 36 36 36 36 43 32 32 34 0 0 0 33 32 32 35 37 37 37 37 37 37 37 37 39 0 0 0 0 33 32 32 32 34 0 0 0 0 0 0 0 0 0 0 0 0 0 0 40 41 41 36 36 36 36 36 36 36 36 36 43 32 32 34 0 0 0 33 32 32 35 37 37 37 37 37 37 37 37 39 0 0 0 0 33 32 32 32 34 0 0 0 0 0 0 0 0 0 0 0 0 0 0 40 41 41 36 36 36 36 36 36 36 36 36 43 32 32 34 0 0 0 33 32 32 35 37 37 37 37 37 37 37 37 39 0 0 0 0 0 32 35 37 37 36 36 36 36 36 36 36 36 36 43 32 32 32 32 35 37 37 37 39 0 0 0 0 0 0 0 0 0 0 0 0 0 0 0 0 0 38 36 36 36 36 36 36 36 36 36 37 37 39 32 32 32 35 37 37 36 36 36 36 36 36 36 36 36 43 32 32 32 32 35 37 37 37 39 0 0 0 0 0 0 0 0 0 0 0 0 0 0 0 0 0 38 36 36 36 36 36 36 36 36 36 37 37 39 32 32 32 35 37 37 36 36 36 36 36 36 36 36 36 43 32 32 32 32 35 37 37 37 39 0 0 0 0 0 0 0 0 0 0 0 0 0 0 0 0 0 38 36 36 36 36 36 36 36 36 36 37 37 39 32 32 32 35 37 37 36 36 36 36 36 36 36 36 36 43 32 32 32 32 34 37 36 36 36 36 36 36 36 36 36 36 36 36 36 37 37 37 37 36 36 36 36 43 0 0 0 0 33 32 32 32 32 32 34 0 0 0 0 0 0 38 36 36 36 36 36 36 36 36 36 36 36 36 37 37 37 36 36 36 36 36 36 36 36 36 36 36 36 36 37 37 37 37 36 36 36 36 43 0 0 0 0 33 32 32 32 32 32 34 0 0 0 0 0 0 38 36 36 36 36 36 36 36 36 36 36 36 36 37 37 37 36 36 36 36 36 36 36 36 36 36 36 36 36 37 37 37 37 36 36 36 36 43 0 0 0 0 33 32 32 32 32 32 34 0 0 0 0 0 0 38 36 36 36 36 36 36 36 36 36 36 36 36 37 37 37 36 36 36 36 36 36 36 36 36 36 36 36 36 37 37 37 37 39 36 36 36 36 36 36 36 36 36 36 36 36 36 36 36 36 36 36 36 36 36 36 43 32 32 32 32 35 37 37 37 37 37 39 32 32 34 0 0 0 38 36 36 36 36 36 36 36 36 41 41 41 36 36 36 36 36 36 36 36 36 36 36 36 36 36 36 36 36 36 36 36 36 36 36 36 36 43 32 32 32 32 35 37 37 37 37 37 39 32 32 34 0 0 0 38 36 36 36 36 36 36 36 36 41 41 41 36 36 36 36 36 36 36 36 36 36 36 36 36 36 36 36 36 36 36 36 36 36 36 36 36 43 32 32 32 32 35 37 37 37 37 37 39 32 32 34 0 0 0 38 36 36 36 36 36 36 36 36 41 41 41 36 36 36 36 36 36 36 36 36 36 36 36 36 36 36 36 36 36 36 36 36 43 41 41 36 36 36 36 36 36 36 36 36 36 36 36 36 36 36 36 36 36 36 36 36 37 37 37 37 36 36 36 36 36 36 36 37 37 39 0 0 0 38 36 36 36 36 36 36 36 43 0 0 0 40 41 41 41 41 36 36 36 36 36 36 36 36 36 36 36 36 36 36 36 36 36 36 36 36 36 37 37 37 37 36 36 36 36 36 36 36 37 37 39 0 0 0 38 36 36 36 36 36 36 36 43 0 0 0 40 41 41 41 41 36 36 36 36 36 36 36 36 36 36 36 36 36 36 36 36 36 36 36 36 36 37 37 37 37 36 36 36 36 36 36 36 37 37 39 0 0 0 38 36 36 36 36 36 36 36 43 0 0 0 40 41 41 41 41 36 36 36 36 36 36 36 36 36 36 36 36 36 36 36 36 43 0 0 40 41 41 41 41 41 41 41 41 41 41 36 36 36 36 36 36 36 36 36 36 36 36 36 36 36 36 36 36 36 36 36 36 36 43 0 0 0 38 36 36 36 36 36 36 36 42 0 0 0 0 0 0 0 0 40 41 41 41 41 41 41 41 41 41 41 36 36 36 36 36 36 36 36 36 36 36 36 36 36 36 36 36 36 36 36 36 36 36 43 0 0 0 38 36 36 36 36 36 36 36 42 0 0 0 0 0 0 0 0 40 41 41 41 41 41 41 41 41 41 41 36 36 36 36 36 36 36 36 36 36 36 36 36 36 36 36 36 36 36 36 36 36 36 43 0 0 0 38 36 36 36 36 36 36 36 42 0 0 0 0 0 0 0 0 40 41 41 41 41 41 41 41 41 41 41 36 36 36 36 36 43 0 0 0 0 0 0 0 0 0 0 0 0 0 40 41 41 41 41 41 41 36 36 36 36 36 36 36 36 36 36 36 36 36 36 36 36 43 0 0 0 38 36 36 36 36 36 36 43 0 0 0 0 0 0 0 0 0 0 0 0 0 0 0 0 0 0 0 0 40 41 41 41 41 41 41 36 36 36 36 36 36 36 36 36 36 36 36 36 36 36 36 43 0 0 0 38 36 36 36 36 36 36 43 0 0 0 0 0 0 0 0 0 0 0 0 0 0 0 0 0 0 0 0 40 41 41 41 41 41 41 36 36 36 36 36 36 36 36 36 36 36 36 36 36 36 36 43 0 0 0 38 36 36 36 36 36 36 43 0 0 0 0 0 0 0 0 0 0 0 0 0 0 0 0 0 0 0 0 40 41 41 41 41 42 0 0 0 0 0 0 0 0 0 0 0 0 0 0 0 0 0 0 0 0 38 36 36 36 36 36 36 36 36 36 36 36 36 36 36 36 43 0 0 0 38 36 36 36 36 36 36 43 0 0 0 0 0 0 0 0 0 0 0 0 0 0 0 0 0 0 0 0 0 0 0 0 0 0 0 38 36 36 36 36 36 36 36 36 36 36 36 36 36 36 36 43 0 0 0 38 36 36 36 36 36 36 43 0 0 0 0 0 0 0 0 0 0 0 0 0 0 0 0 0 0 0 0 0 0 0 0 0 0 0 38 36 36 36 36 36 36 36 36 36 36 36 36 36 36 36 43 0 0 0 38 36 36 36 36 36 36 43 0 0 0 0 0 0 0 0 0 0 0 0 0 0 0 0 0 0 0 0 0 0 0 0 0 0 0 0 33 32 32 32 32 32 32 32 32 34 0 0 0 0 33 34 0 0 38 36 36 36 36 36 36 36 36 36 36 36 36 41 41 41 42 0 0 0 38 36 36 36 36 36 36 43 0 0 0 0 0 0 0 0 0 33 32 32 32 32 32 32 32 32 34 0 0 0 0 33 34 0 0 38 36 36 36 36 36 36 36 36 36 36 36 36 41 41 41 42 0 0 0 38 36 36 36 36 36 36 43 0 0 0 0 0 0 0 0 0 33 32 32 32 32 32 32 32 32 34 0 0 0 0 33 34 0 0 38 36 36 36 36 36 36 36 36 36 36 36 36 41 41 41 42 0 0 0 38 36 36 36 36 36 36 43 0 0 0 0 0 0 0 0 0 33 32 32 32 32 32 32 32 32 34 0 0 0 0 33 34 0 32 32 35 37 37 37 37 37 37 37 37 39 34 0 0 0 119 120 0 0 38 36 36 36 36 36 36 36 36 41 41 41 42 0 0 0 0 0 0 0 38 36 36 36 36 36 36 42 0 0 0 0 33 32 32 32 32 35 37 37 37 37 37 37 37 37 39 34 0 0 0 119 120 0 0 38 36 36 36 36 36 36 36 36 41 41 41 42 0 0 0 0 0 0 0 38 36 36 36 36 36 36 42 0 0 0 0 33 32 32 32 32 35 37 37 37 37 37 37 37 37 39 34 0 0 0 119 120 0 0 38 36 36 36 36 36 36 36 36 41 41 41 42 0 0 0 0 0 0 0 38 36 36 36 36 36 36 42 0 0 0 0 33 32 32 32 32 35 37 37 37 37 37 37 37 37 39 34 0 0 0 119 120 0 37 37 36 36 36 36 36 36 36 36 36 36 39 34 0 0 0 0 0 0 38 36 36 36 36 36 36 36 43 0 0 0 0 0 0 0 0 0 33 32 38 36 36 36 36 36 42 0 0 0 0 0 35 37 37 37 37 36 36 36 36 36 36 36 36 36 36 39 34 0 0 0 0 0 0 38 36 36 36 36 36 36 36 43 0 0 0 0 0 0 0 0 0 33 32 38 36 36 36 36 36 42 0 0 0 0 0 35 37 37 37 37 36 36 36 36 36 36 36 36 36 36 39 34 0 0 0 0 0 0 38 36 36 36 36 36 36 36 43 0 0 0 0 0 0 0 0 0 33 32 38 36 36 36 36 36 42 0 0 0 0 0 35 37 37 37 37 36 36 36 36 36 36 36 36 36 36 39 34 0 0 0 0 0 36 36 36 36 36 36 36 36 36 36 36 36 36 39 32 32 32 32 32 32 38 36 36 36 36 36 36 36 43 0 0 33 32 32 32 32 32 32 35 37 36 36 36 36 36 42 0 0 0 0 33 32 38 36 36 36 36 36 36 36 36 36 36 36 36 36 36 36 39 32 32 32 32 32 32 38 36 36 36 36 36 36 36 43 0 0 33 32 32 32 32 32 32 35 37 36 36 36 36 36 42 0 0 0 0 33 32 38 36 36 36 36 36 36 36 36 36 36 36 36 36 36 36 39 32 32 32 32 32 32 38 36 36 36 36 36 36 36 43 0 0 33 32 32 32 32 32 32 35 37 36 36 36 36 36 42 0 0 0 0 33 32 38 36 36 36 36 36 36 36 36 36 36 36 36 36 36 36 39 32 32 32 32 34 36 36 36 36 36 36 36 36 36 36 36 36 36 36 37 37 37 37 37 37 36 36 36 36 36 36 36 36 43 0 0 119 121 121 121 121 121 121 41 41 41 41 41 41 42 0 0 0 0 0 35 37 36 36 36 36 36 36 36 36 36 36 36 36 36 36 36 36 36 37 37 37 37 37 37 36 36 36 36 36 36 36 36 43 0 0 119 121 121 121 121 121 121 41 41 41 41 41 41 42 0 0 0 0 0 35 37 36 36 36 36 36 36 36 36 36 36 36 36 36 36 36 36 36 37 37 37 37 37 37 36 36 36 36 36 36 36 36 43 0 0 119 121 121 121 121 121 121 41 41 41 41 41 41 42 0 0 0 0 0 35 37 36 36 36 36 36 36 36 36 36 36 36 36 36 36 36 36 36 37 37 37 37 39 36 36 36 36 36 36 36 36 36 36 36 36 36 36 36 36 36 36 36 36 36 36 36 36 36 36 36 36 43 0 0 0 0 0 0 0 0 0 0 0 0 0 0 0 0 0 0 0 33 32 38 36 36 36 36 36 36 36 36 36 36 36 36 36 36 36 36 36 36 36 36 36 36 36 36 36 36 36 36 36 36 36 36 43 0 0 0 0 0 0 0 0 0 0 0 0 0 0 0 0 0 0 0 33 32 38 36 36 36 36 36 36 36 36 36 36 36 36 36 36 36 36 36 36 36 36 36 36 36 36 36 36 36 36 36 36 36 36 43 0 0 0 0 0 0 0 0 0 0 0 0 0 0 0 0 0 0 0 33 32 38 36 36 36 36 36 36 36 36 36 36 36 36 36 36 36 36 36 36 36 36 36 36 43 36 36 36 36 36 36 36 36 36 36 36 36 36 36 36 36 36 36 36 36 36 36 36 36 36 36 36 36 43 32 32 32 34 0 0 0 0 0 0 0 0 0 0 0 0 0 0 0 35 37 36 36 36 36 36 36 36 36 36 36 36 36 36 36 36 36 36 36 36 36 36 36 36 36 36 36 36 36 36 36 36 36 36 43 32 32 32 34 0 0 0 0 0 0 0 0 0 0 0 0 0 0 0 35 37 36 36 36 36 36 36 36 36 36 36 36 36 36 36 36 36 36 36 36 36 36 36 36 36 36 36 36 36 36 36 36 36 36 43 32 32 32 34 0 0 0 0 0 0 0 0 0 0 0 0 0 0 0 35 37 36 36 36 36 36 36 36 36 36 36 36 36 36 36 36 36 36 36 36 36 36 36 36 43 36 36 36 36 36 36 36 36 36 36 36 36 36 36 36 36 36 36 36 36 36 36 36 36 36 36 36 36 36 37 37 37 39 32 32 32 32 32 32 32 32 32 32 32 32 32 32 32 38 36 36 36 36 36 36 36 36 36 36 36 36 36 36 36 36 36 36 36 36 36 36 36 36 36 36 36 36 36 36 36 36 36 36 36 37 37 37 39 32 32 32 32 32 32 32 32 32 32 32 32 32 32 32 38 36 36 36 36 36 36 36 36 36 36 36 36 36 36 36 36 36 36 36 36 36 36 36 36 36 36 36 36 36 36 36 36 36 36 36 37 37 37 39 32 32 32 32 32 32 32 32 32 32 32 32 32 32 32 38 36 36 36 36 36 36 36 36 36 36 36 36 36 36 36 36 36 36 36 36 36 36 36 36 43 36 36 36 36 36 36 36 36 36 36 36 36 36 36 36 36 36 36 36 36 36 36 36 36 36 36 36 36 36 36 36 36 36 37 37 37 37 37 37 37 37 37 37 37 37 37 37 37 36 36 36 36 36 36 36 36 36 36 36 36 36 36 36 36 36 36 36 36 36 36 36 36 36 36 36 36 36 36 36 36 36 36 36 36 36 36 36 36 37 37 37 37 37 37 37 37 37 37 37 37 37 37 37 36 36 36 36 36 36 36 36 36 36 36 36 36 36 36 36 36 36 36 36 36 36 36 36 36 36 36 36 36 36 36 36 36 36 36 36 36 36 36 36 37 37 37 37 37 37 37 37 37 37 37 37 37 37 37 36 36 36 36 36 36 36 36 36 36 36 36 36 36 36 36 36 36 36 36 36 36 36 36 36 43 36 36 36 36 36 36 36 36 36 36 36 36 36 36 36 36 36 36 36 36 36 36 36 36 36 36 36 36 36 36 36 36 36 36 36 36 36 36 36 36 36 36 36 36 36 36 36 36 36 41 41 41 41 36 36 36 36 36 36 36 36 36 36 36 36 36 36 36 36 36 36 36 36 36 36 36 36 36 36 36 36 36 36 36 36 36 36 36 36 36 36 36 36 36 36 36 36 36 36 36 36 36 36 36 41 41 41 41 36 36 36 36 36 36 36 36 36 36 36 36 36 36 36 36 36 36 36 36 36 36 36 36 36 36 36 36 36 36 36 36 36 36 36 36 36 36 36 36 36 36 36 36 36 36 36 36 36 36 36 41 41 41 41 36 36 36 36 36 36 36 36 36 36 36 36 36 36 36 36 36 36 36 36 43 41 41 41 41 41 41 41 41 41 41 41 41 41 41 41 41 36 36 36 36 36 36 36 36 36 36 36 36 36 36 36 36 36 36 36 36 36 36 36 36 36 36 36 36 36 36 36 36 43 0 0 0 0 40 41 41 41 41 41 41 41 41 41 41 41 41 41 41 41 41 41 36 36 36 36 36 36 36 36 36 36 36 36 36 36 36 36 36 36 36 36 36 36 36 36 36 36 36 36 36 36 36 36 43 0 0 0 0 40 41 41 41 41 41 41 41 41 41 41 41 41 41 41 41 41 41 36 36 36 36 36 36 36 36 36 36 36 36 36 36 36 36 36 36 36 36 36 36 36 36 36 36 36 36 36 36 36 36 43 0 0 0 0 40 41 41 41 41 41 41 41 41 41 41 41 41 41 41 41 41 41 36 36 43 0 33 34 0 0 0 0 0 0 0 0 0 0 0 0 0 40 41 41 41 41 41 41 41 41 36 36 36 36 36 36 36 36 36 36 36 36 36 36 36 36 36 36 36 36 36 36 36 43 34 0 0 0 0 0 0 33 34 0 0 0 0 0 0 0 0 0 0 0 0 0 40 41 41 41 41 41 41 41 41 36 36 36 36 36 36 36 36 36 36 36 36 36 36 36 36 36 36 36 36 36 36 36 43 34 0 0 0 0 0 0 33 34 0 0 0 0 0 0 0 0 0 0 0 0 0 40 41 41 41 41 41 41 41 41 36 36 36 36 36 36 36 36 36 36 36 36 36 36 36 36 36 36 36 36 36 36 36 43 34 0 0 0 0 0 0 33 34 0 0 0 0 0 0 0 0 0 0 0 0 0 40 41 42 0 119 120 0 0 0 0 0 0 0 0 0 0 0 0 0 0 0 0 0 0 0 0 0 0 38 36 36 36 36 36 36 36 36 36 36 36 36 36 36 36 36 36 36 36 36 36 36 36 39 0 0 1741 0 0 0 119 120 0 0 0 0 0 0 0 0 0 0 0 0 0 0 0 0 0 0 0 0 0 0 38 36 36 36 36 36 36 36 36 36 36 36 36 36 36 36 36 36 36 36 36 36 36 36 39 0 0 1741 0 0 0 119 120 0 0 0 0 0 0 0 0 0 0 0 0 0 0 0 0 0 0 0 0 0 0 38 36 36 36 36 36 36 36 36 36 36 36 36 36 36 36 36 36 36 36 36 36 36 36 39 0 0 1741 0 0 0 119 120 0 0 0 0 0 0 0 0 0 0 0 0 0 0 0 0 0 0 0 0 0 0 0 0 0 0 0 0 0 0 0 0 0 0 0 0 0 0 0 0 0 38 36 36 36 36 36 36 36 36 36 36 36 36 36 36 36 36 36 36 36 36 36 36 36 43 0 0 1816 0 0 0 0 0 0 0 0 0 0 0 0 0 0 0 0 0 0 0 0 0 0 0 0 0 0 0 38 36 36 36 36 36 36 36 36 36 36 36 36 36 36 36 36 36 36 36 36 36 36 36 43 0 0 1816 0 0 0 0 0 0 0 0 0 0 0 0 0 0 0 0 0 0 0 0 0 0 0 0 0 0 0 38 36 36 36 36 36 36 36 36 36 36 36 36 36 36 36 36 36 36 36 36 36 36 36 43 0 0 1816 0 0 0 0 0 0 0 0 0 0 0 0 0 0 0 0 0 0 0 0 0 0 0 0 0 33 32 32 32 32 32 32 32 32 34 0 0 0 0 0 0 0 0 0 0 0 40 41 41 41 41 41 41 41 41 41 41 41 36 36 36 36 36 36 36 36 36 36 36 36 43 0 0 0 0 0 0 0 0 0 33 32 32 32 32 32 32 32 32 34 0 0 0 0 0 0 0 0 0 0 0 40 41 41 41 41 41 41 41 41 41 41 41 36 36 36 36 36 36 36 36 36 36 36 36 43 0 0 0 0 0 0 0 0 0 33 32 32 32 32 32 32 32 32 34 0 0 0 0 0 0 0 0 0 0 0 40 41 41 41 41 41 41 41 41 41 41 41 36 36 36 36 36 36 36 36 36 36 36 36 43 0 0 0 0 0 0 0 0 0 33 32 32 32 32 32 32 32 32 34 0 0 0 0 0 0 33 32 32 35 37 37 37 37 37 37 37 37 39 0 0 0 0 33 32 32 32 34 0 0 0 0 0 0 0 0 0 0 0 0 0 0 40 41 41 36 36 36 36 36 36 36 36 36 43 32 32 34 0 0 0 33 32 32 35 37 37 37 37 37 37 37 37 39 0 0 0 0 33 32 32 32 34 0 0 0 0 0 0 0 0 0 0 0 0 0 0 40 41 41 36 36 36 36 36 36 36 36 36 43 32 32 34 0 0 0 33 32 32 35 37 37 37 37 37 37 37 37 39 0 0 0 0 33 32 32 32 34 0 0 0 0 0 0 0 0 0 0 0 0 0 0 40 41 41 36 36 36 36 36 36 36 36 36 43 32 32 34 0 0 0 33 32 32 35 37 37 37 37 37 37 37 37 39 0 0 0 0 0 32 35 37 37 36 36 36 36 36 36 36 36 36 43 32 32 32 32 35 37 37 37 39 0 0 0 0 0 0 0 0 0 0 0 0 0 0 0 0 0 38 36 36 36 36 36 36 36 36 36 37 37 39 32 32 32 35 37 37 36 36 36 36 36 36 36 36 36 43 32 32 32 32 35 37 37 37 39 0 0 0 0 0 0 0 0 0 0 0 0 0 0 0 0 0 38 36 36 36 36 36 36 36 36 36 37 37 39 32 32 32 35 37 37 36 36 36 36 36 36 36 36 36 43 32 32 32 32 35 37 37 37 39 0 0 0 0 0 0 0 0 0 0 0 0 0 0 0 0 0 38 36 36 36 36 36 36 36 36 36 37 37 39 32 32 32 35 37 37 36 36 36 36 36 36 36 36 36 43 32 32 32 32 34 37 36 36 36 36 36 36 36 36 36 36 36 36 36 37 37 37 37 36 36 36 36 43 0 0 0 0 33 32 32 32 32 32 34 0 0 0 0 0 0 38 36 36 36 36 36 36 36 36 36 36 36 36 37 37 37 36 36 36 36 36 36 36 36 36 36 36 36 36 37 37 37 37 36 36 36 36 43 0 0 0 0 33 32 32 32 32 32 34 0 0 0 0 0 0 38 36 36 36 36 36 36 36 36 36 36 36 36 37 37 37 36 36 36 36 36 36 36 36 36 36 36 36 36 37 37 37 37 36 36 36 36 43 0 0 0 0 33 32 32 32 32 32 34 0 0 0 0 0 0 38 36 36 36 36 36 36 36 36 36 36 36 36 37 37 37 36 36 36 36 36 36 36 36 36 36 36 36 36 37 37 37 37 39 36 36 36 36 36 36 36 36 36 36 36 36 36 36 36 36 36 36 36 36 36 36 43 32 32 32 32 35 37 37 37 37 37 39 32 32 34 0 0 0 38 36 36 36 36 36 36 36 36 41 41 41 36 36 36 36 36 36 36 36 36 36 36 36 36 36 36 36 36 36 36 36 36 36 36 36 36 43 32 32 32 32 35 37 37 37 37 37 39 32 32 34 0 0 0 38 36 36 36 36 36 36 36 36 41 41 41 36 36 36 36 36 36 36 36 36 36 36 36 36 36 36 36 36 36 36 36 36 36 36 36 36 43 32 32 32 32 35 37 37 37 37 37 39 32 32 34 0 0 0 38 36 36 36 36 36 36 36 36 41 41 41 36 36 36 36 36 36 36 36 36 36 36 36 36 36 36 36 36 36 36 36 36 43 41 41 36 36 36 36 36 36 36 36 36 36 36 36 36 36 36 36 36 36 36 36 36 37 37 37 37 36 36 36 36 36 36 36 37 37 39 0 0 0 38 36 36 36 36 36 36 36 43 0 0 0 40 41 41 41 41 36 36 36 36 36 36 36 36 36 36 36 36 36 36 36 36 36 36 36 36 36 37 37 37 37 36 36 36 36 36 36 36 37 37 39 0 0 0 38 36 36 36 36 36 36 36 43 0 0 0 40 41 41 41 41 36 36 36 36 36 36 36 36 36 36 36 36 36 36 36 36 36 36 36 36 36 37 37 37 37 36 36 36 36 36 36 36 37 37 39 0 0 0 38 36 36 36 36 36 36 36 43 0 0 0 40 41 41 41 41 36 36 36 36 36 36 36 36 36 36 36 36 36 36 36 36 43)
    )
    (tilemap
      (name "para1")
      (draw-target "normal")
      (width 356)
      (height 35)
      (speed 0.5)
      (solid #f)
      (z-pos -130)
      (tint 0.400000006 0.400000006 0.400000006 1)
      (tiles 0 0 0 0 0 0 33 32 34 0 0 0 0 0 0 0 0 0 0 0 0 0 38 36 36 36 36 36 36 36 36 36 36 36 36 36 36 36 36 36 36 36 36 36 36 36 36 36 36 36 36 36 36 36 36 36 36 36 36 36 36 36 36 36 36 36 36 36 36 36 36 36 36 36 36 36 36 36 36 36 36 36 36 36 36 36 36 36 36 36 36 36 36 36 36 36 36 36 36 36 36 36 36 36 36 36 36 36 36 36 36 36 36 36 36 43 34 0 0 0 0 0 0 0 33 32 34 0 0 0 0 0 0 0 0 0 0 0 0 0 38 36 36 36 36 36 36 36 36 36 36 36 36 36 36 36 36 36 36 36 36 36 36 36 36 36 36 36 36 36 36 36 36 36 36 36 36 36 36 36 36 36 36 36 36 36 36 36 36 36 36 36 36 36 36 36 36 36 36 36 36 36 36 36 36 36 36 36 36 36 36 36 36 36 36 36 36 36 36 36 36 36 36 36 36 36 36 36 36 36 36 36 36 43 34 0 0 0 0 0 0 0 33 32 34 0 0 0 0 0 0 0 0 0 0 0 0 0 38 36 36 36 36 36 36 36 36 36 36 36 36 36 36 36 36 36 36 36 36 36 36 36 36 36 36 36 36 36 36 36 36 36 36 36 36 36 36 36 36 36 36 36 36 36 36 36 36 36 36 36 36 36 36 36 36 36 36 36 36 36 36 36 36 36 36 36 36 36 36 36 36 36 36 36 36 36 36 36 36 36 36 36 36 36 36 36 36 36 36 36 36 36 36 36 36 43 0 0 0 0 0 0 119 121 120 0 0 0 0 0 0 0 0 0 0 0 0 0 38 36 36 36 36 36 36 36 36 36 36 36 36 36 36 36 36 36 36 36 36 36 36 36 36 36 36 36 36 36 36 36 36 36 36 36 36 36 36 36 36 36 36 36 36 36 36 36 36 36 36 36 36 36 36 36 36 36 36 36 36 36 36 36 36 36 36 36 36 36 36 36 36 36 36 36 36 36 36 36 36 36 36 36 36 36 36 36 36 36 36 36 36 36 39 34 0 0 0 0 0 0 119 121 120 0 0 0 0 0 0 0 0 0 0 0 0 0 38 36 36 36 36 36 36 36 36 36 36 36 36 36 36 36 36 36 36 36 36 36 36 36 36 36 36 36 36 36 36 36 36 36 36 36 36 36 36 36 36 36 36 36 36 36 36 36 36 36 36 36 36 36 36 36 36 36 36 36 36 36 36 36 36 36 36 36 36 36 36 36 36 36 36 36 36 36 36 36 36 36 36 36 36 36 36 36 36 36 36 36 36 36 39 34 0 0 0 0 0 0 119 121 120 0 0 0 0 0 0 0 0 0 0 0 0 0 38 36 36 36 36 36 36 36 36 36 36 36 36 36 36 36 36 36 36 36 36 36 36 36 36 36 36 36 36 36 36 36 36 36 36 36 36 36 36 36 36 36 36 36 36 36 36 36 36 36 36 36 36 36 36 36 36 36 36 36 36 36 36 36 36 36 36 36 36 36 36 36 36 36 36 36 36 36 36 36 36 36 36 36 36 36 36 36 36 36 36 36 36 36 36 36 36 43 32 32 32 34 0 0 0 0 0 0 0 0 0 0 0 0 0 0 0 0 0 0 38 36 36 36 36 36 36 36 36 36 36 36 36 36 36 36 36 36 36 36 36 36 36 36 36 36 36 36 36 36 36 36 36 36 36 36 36 36 36 36 36 36 36 36 36 36 36 36 36 36 36 36 36 36 36 36 36 36 36 36 36 36 36 36 36 36 36 36 36 36 36 36 36 36 36 36 36 36 36 36 36 36 36 36 36 36 36 36 36 36 36 36 36 36 36 39 32 32 32 34 0 0 0 0 0 0 0 0 0 0 0 0 0 0 0 0 0 0 38 36 36 36 36 36 36 36 36 36 36 36 36 36 36 36 36 36 36 36 36 36 36 36 36 36 36 36 36 36 36 36 36 36 36 36 36 36 36 36 36 36 36 36 36 36 36 36 36 36 36 36 36 36 36 36 36 36 36 36 36 36 36 36 36 36 36 36 36 36 36 36 36 36 36 36 36 36 36 36 36 36 36 36 36 36 36 36 36 36 36 36 36 36 36 39 32 32 32 34 0 0 0 0 0 0 0 0 0 0 0 0 0 0 0 0 0 0 38 36 36 36 36 36 36 36 36 36 36 36 36 36 36 36 36 36 36 36 36 36 36 36 36 36 36 36 36 36 36 36 36 36 36 36 36 36 36 36 36 36 36 36 36 36 36 36 36 36 36 36 36 36 36 36 36 36 36 36 36 36 36 36 36 36 36 36 36 36 36 36 36 36 36 36 36 36 36 36 36 36 36 36 36 36 36 36 36 36 36 36 36 36 36 36 36 43 37 37 37 39 0 0 0 0 0 0 33 32 32 32 32 32 34 0 0 0 0 0 40 36 36 36 36 36 36 36 36 36 36 36 36 36 36 36 36 36 36 41 41 41 41 41 41 41 41 41 36 36 36 36 36 36 36 36 36 36 36 36 36 36 36 36 36 36 41 41 41 41 41 41 41 41 41 41 41 41 41 36 36 36 36 36 36 36 36 36 36 36 36 41 41 41 41 41 41 41 36 36 36 36 41 41 41 41 41 36 36 36 36 36 36 36 36 36 37 37 37 39 0 0 0 0 0 0 33 32 32 32 32 32 34 0 0 0 0 0 40 36 36 36 36 36 36 36 36 36 36 36 36 36 36 36 36 36 36 41 41 41 41 41 41 41 41 41 36 36 36 36 36 36 36 36 36 36 36 36 36 36 36 36 36 36 41 41 41 41 41 41 41 41 41 41 41 41 41 36 36 36 36 36 36 36 36 36 36 36 36 41 41 41 41 41 41 41 36 36 36 36 41 41 41 41 41 36 36 36 36 36 36 36 36 36 37 37 37 39 0 0 0 0 0 0 33 32 32 32 32 32 34 0 0 0 0 0 40 36 36 36 36 36 36 36 36 36 36 36 36 36 36 36 36 36 36 41 41 41 41 41 41 41 41 41 36 36 36 36 36 36 36 36 36 36 36 36 36 36 36 36 36 36 41 41 41 41 41 41 41 41 41 41 41 41 41 36 36 36 36 36 36 36 36 36 36 36 36 41 41 41 41 41 41 41 36 36 36 36 41 41 41 41 41 36 36 36 36 36 36 36 36 36 36 43 36 36 36 43 32 32 32 32 32 32 35 37 37 37 37 37 39 34 0 0 0 0 0 38 36 36 41 41 41 41 36 36 36 36 41 41 41 41 41 41 42 0 0 0 0 0 0 0 0 0 40 41 41 41 41 41 36 36 36 36 36 36 36 36 36 36 36 43 0 0 0 0 0 0 0 0 0 0 0 0 0 38 36 36 36 36 36 36 36 36 36 36 43 0 0 0 0 0 0 0 40 41 41 42 0 0 0 0 0 40 41 41 41 41 41 41 36 36 36 36 36 43 32 32 32 32 32 32 35 37 37 37 37 37 39 34 0 0 0 0 0 38 36 36 41 41 41 41 36 36 36 36 41 41 41 41 41 41 42 0 0 0 0 0 0 0 0 0 40 41 41 41 41 41 36 36 36 36 36 36 36 36 36 36 36 43 0 0 0 0 0 0 0 0 0 0 0 0 0 38 36 36 36 36 36 36 36 36 36 36 43 0 0 0 0 0 0 0 40 41 41 42 0 0 0 0 0 40 41 41 41 41 41 41 36 36 36 36 36 43 32 32 32 32 32 32 35 37 37 37 37 37 39 34 0 0 0 0 0 38 36 36 41 41 41 41 36 36 36 36 41 41 41 41 41 41 42 0 0 0 0 0 0 0 0 0 40 41 41 41 41 41 36 36 36 36 36 36 36 36 36 36 36 43 0 0 0 0 0 0 0 0 0 0 0 0 0 38 36 36 36 36 36 36 36 36 36 36 43 0 0 0 0 0 0 0 40 41 41 42 0 0 0 0 0 40 41 41 41 41 41 41 36 36 36 43 36 36 36 36 37 37 37 37 37 37 36 36 36 36 36 36 36 39 0 0 0 0 0 40 41 42 0 0 0 0 38 36 36 43 0 0 0 0 0 0 0 0 0 0 0 0 0 0 0 0 0 0 0 0 0 0 40 41 41 41 41 41 41 41 41 41 41 42 0 0 0 0 0 0 0 0 0 0 0 0 0 40 36 36 36 36 36 36 41 41 41 41 42 0 0 0 0 0 0 0 0 0 0 0 0 0 0 0 0 0 0 0 0 0 0 0 40 41 36 36 36 36 37 37 37 37 37 37 36 36 36 36 36 36 36 39 0 0 0 0 0 40 41 42 0 0 0 0 38 36 36 43 0 0 0 0 0 0 0 0 0 0 0 0 0 0 0 0 0 0 0 0 0 0 40 41 41 41 41 41 41 41 41 41 41 42 0 0 0 0 0 0 0 0 0 0 0 0 0 40 36 36 36 36 36 36 41 41 41 41 42 0 0 0 0 0 0 0 0 0 0 0 0 0 0 0 0 0 0 0 0 0 0 0 40 41 36 36 36 36 37 37 37 37 37 37 36 36 36 36 36 36 36 39 0 0 0 0 0 40 41 42 0 0 0 0 38 36 36 43 0 0 0 0 0 0 0 0 0 0 0 0 0 0 0 0 0 0 0 0 0 0 40 41 41 41 41 41 41 41 41 41 41 42 0 0 0 0 0 0 0 0 0 0 0 0 0 40 36 36 36 36 36 36 41 41 41 41 42 0 0 0 0 0 0 0 0 0 0 0 0 0 0 0 0 0 0 0 0 0 0 0 40 41 41 42 36 36 36 36 36 36 36 36 36 36 36 36 41 41 41 41 41 42 0 0 0 0 0 0 0 0 0 0 0 0 40 41 41 42 0 0 0 0 0 0 0 0 0 0 0 0 0 0 0 0 0 0 0 0 0 0 0 0 0 0 0 0 0 0 0 0 0 0 0 0 0 0 0 0 0 0 33 34 0 0 0 0 38 36 36 36 36 42 0 0 0 0 0 0 0 0 0 0 0 0 0 0 0 0 0 0 0 0 0 0 0 0 0 0 0 0 0 0 38 36 36 36 36 36 36 36 36 36 36 36 41 41 41 41 41 42 0 0 0 0 0 0 0 0 0 0 0 0 40 41 41 42 0 0 0 0 0 0 0 0 0 0 0 0 0 0 0 0 0 0 0 0 0 0 0 0 0 0 0 0 0 0 0 0 0 0 0 0 0 0 0 0 0 0 33 34 0 0 0 0 38 36 36 36 36 42 0 0 0 0 0 0 0 0 0 0 0 0 0 0 0 0 0 0 0 0 0 0 0 0 0 0 0 0 0 0 38 36 36 36 36 36 36 36 36 36 36 36 41 41 41 41 41 42 0 0 0 0 0 0 0 0 0 0 0 0 40 41 41 42 0 0 0 0 0 0 0 0 0 0 0 0 0 0 0 0 0 0 0 0 0 0 0 0 0 0 0 0 0 0 0 0 0 0 0 0 0 0 0 0 0 0 33 34 0 0 0 0 38 36 36 36 36 42 0 0 0 0 0 0 0 0 0 0 0 0 0 0 0 0 0 0 0 0 0 0 0 0 0 0 0 0 0 0 0 0 36 36 36 41 41 41 41 41 41 41 41 42 0 0 0 0 0 0 0 0 0 0 0 0 0 0 0 0 0 0 0 0 0 0 0 0 0 0 0 0 0 0 0 0 0 0 0 0 0 0 0 0 0 0 0 0 0 0 0 0 0 0 0 0 0 0 0 0 0 0 0 0 0 0 0 0 35 39 0 0 0 0 40 36 36 36 43 0 0 0 0 0 0 0 0 0 0 0 0 0 0 0 0 0 0 0 0 0 0 0 0 0 0 0 0 0 0 0 40 41 41 41 41 41 41 41 41 41 41 42 0 0 0 0 0 0 0 0 0 0 0 0 0 0 0 0 0 0 0 0 0 0 0 0 0 0 0 0 0 0 0 0 0 0 0 0 0 0 0 0 0 0 0 0 0 0 0 0 0 0 0 0 0 0 0 0 0 0 0 0 0 0 0 0 35 39 0 0 0 0 40 36 36 36 43 0 0 0 0 0 0 0 0 0 0 0 0 0 0 0 0 0 0 0 0 0 0 0 0 0 0 0 0 0 0 0 40 41 41 41 41 41 41 41 41 41 41 42 0 0 0 0 0 0 0 0 0 0 0 0 0 0 0 0 0 0 0 0 0 0 0 0 0 0 0 0 0 0 0 0 0 0 0 0 0 0 0 0 0 0 0 0 0 0 0 0 0 0 0 0 0 0 0 0 0 0 0 0 0 0 0 0 35 39 0 0 0 0 40 36 36 36 43 0 0 0 0 0 0 0 0 0 0 0 0 0 0 0 0 0 0 0 0 0 0 0 0 0 0 0 0 0 0 0 0 0 36 36 43 0 0 0 0 0 0 0 0 0 0 0 0 0 0 0 0 0 0 0 0 0 0 0 0 0 0 0 0 0 0 0 0 0 0 0 0 0 0 0 0 0 0 0 33 34 0 0 0 0 0 0 0 0 0 0 0 0 0 0 0 0 0 0 0 0 0 0 0 0 0 0 0 0 40 42 0 0 0 0 0 38 36 36 43 0 0 0 0 0 0 33 34 0 0 0 0 0 0 0 0 33 32 32 32 34 0 0 0 0 0 0 0 0 0 0 0 0 0 0 0 0 0 0 0 0 0 0 0 0 0 0 0 0 0 0 0 0 0 0 0 0 0 0 0 0 0 0 0 0 0 0 0 0 0 0 0 0 0 0 0 0 33 34 0 0 0 0 0 0 0 0 0 0 0 0 0 0 0 0 0 0 0 0 0 0 0 0 0 0 0 0 40 42 0 0 0 0 0 38 36 36 43 0 0 0 0 0 0 33 34 0 0 0 0 0 0 0 0 33 32 32 32 34 0 0 0 0 0 0 0 0 0 0 0 0 0 0 0 0 0 0 0 0 0 0 0 0 0 0 0 0 0 0 0 0 0 0 0 0 0 0 0 0 0 0 0 0 0 0 0 0 0 0 0 0 0 0 0 0 33 34 0 0 0 0 0 0 0 0 0 0 0 0 0 0 0 0 0 0 0 0 0 0 0 0 0 0 0 0 40 42 0 0 0 0 0 38 36 36 43 0 0 0 0 0 0 33 34 0 0 0 0 0 0 0 0 33 32 32 32 34 0 0 0 0 0 0 0 0 0 0 0 0 36 36 42 0 0 0 0 0 0 0 0 0 0 0 0 0 0 0 0 0 0 0 0 0 33 32 32 32 34 0 0 0 0 0 0 0 0 0 0 0 0 0 0 0 0 0 35 39 0 0 0 0 0 0 0 0 0 0 0 0 0 0 0 0 0 0 0 0 0 0 0 33 34 0 0 0 0 0 0 0 0 0 0 38 36 36 43 0 0 0 0 0 0 35 39 0 0 0 0 0 0 0 0 119 121 121 121 120 0 0 0 0 0 0 0 0 0 0 0 0 0 0 0 0 0 0 0 0 0 0 0 0 0 0 0 0 0 0 0 0 0 0 33 32 32 32 34 0 0 0 0 0 0 0 0 0 0 0 0 0 0 0 0 0 35 39 0 0 0 0 0 0 0 0 0 0 0 0 0 0 0 0 0 0 0 0 0 0 0 33 34 0 0 0 0 0 0 0 0 0 0 38 36 36 43 0 0 0 0 0 0 35 39 0 0 0 0 0 0 0 0 119 121 121 121 120 0 0 0 0 0 0 0 0 0 0 0 0 0 0 0 0 0 0 0 0 0 0 0 0 0 0 0 0 0 0 0 0 0 0 33 32 32 32 34 0 0 0 0 0 0 0 0 0 0 0 0 0 0 0 0 0 35 39 0 0 0 0 0 0 0 0 0 0 0 0 0 0 0 0 0 0 0 0 0 0 0 33 34 0 0 0 0 0 0 0 0 0 0 38 36 36 43 0 0 0 0 0 0 35 39 0 0 0 0 0 0 0 0 119 121 121 121 120 0 0 0 0 0 0 0 0 0 0 0 0 36 43 0 0 0 0 0 0 0 0 0 0 0 0 0 0 0 0 0 0 0 0 0 0 119 121 121 121 120 0 0 0 0 0 0 0 0 0 0 0 0 1741 0 0 0 0 40 42 0 0 0 0 0 33 32 32 34 0 0 0 0 0 0 0 0 0 0 0 0 0 0 35 39 32 32 32 32 32 32 32 32 32 32 38 36 36 43 0 0 0 0 0 0 40 42 0 0 33 32 34 0 0 0 0 0 0 0 0 0 0 0 0 0 0 0 0 0 0 0 0 0 0 0 0 0 0 0 0 0 0 0 0 0 0 0 0 0 0 0 0 0 0 119 121 121 121 120 0 0 0 0 0 0 0 0 0 0 0 0 1741 0 0 0 0 40 42 0 0 0 0 0 33 32 32 34 0 0 0 0 0 0 0 0 0 0 0 0 0 0 35 39 32 32 32 32 32 32 32 32 32 32 38 36 36 43 0 0 0 0 0 0 40 42 0 0 33 32 34 0 0 0 0 0 0 0 0 0 0 0 0 0 0 0 0 0 0 0 0 0 0 0 0 0 0 0 0 0 0 0 0 0 0 0 0 0 0 0 0 0 0 119 121 121 121 120 0 0 0 0 0 0 0 0 0 0 0 0 1741 0 0 0 0 40 42 0 0 0 0 0 33 32 32 34 0 0 0 0 0 0 0 0 0 0 0 0 0 0 35 39 32 32 32 32 32 32 32 32 32 32 38 36 36 43 0 0 0 0 0 0 40 42 0 0 33 32 34 0 0 0 0 0 0 0 0 0 0 0 0 0 0 0 0 0 0 0 0 36 43 32 34 0 0 0 0 0 0 0 0 0 0 0 0 0 0 33 32 34 0 0 0 0 0 0 0 0 0 0 0 0 0 0 0 0 0 0 0 0 1740 0 0 0 0 0 0 0 0 0 0 0 35 37 37 39 0 0 0 0 0 33 32 34 0 0 0 0 0 0 38 36 37 37 37 37 37 37 37 37 37 37 36 36 36 43 0 0 0 0 0 0 0 0 0 0 35 37 39 0 0 0 0 0 0 0 0 0 0 0 0 0 0 0 0 0 33 32 32 32 34 0 0 0 0 0 0 0 0 0 0 0 0 0 0 33 32 34 0 0 0 0 0 0 0 0 0 0 0 0 0 0 0 0 0 0 0 0 1740 0 0 0 0 0 0 0 0 0 0 0 35 37 37 39 0 0 0 0 0 33 32 34 0 0 0 0 0 0 38 36 37 37 37 37 37 37 37 37 37 37 36 36 36 43 0 0 0 0 0 0 0 0 0 0 35 37 39 0 0 0 0 0 0 0 0 0 0 0 0 0 0 0 0 0 33 32 32 32 34 0 0 0 0 0 0 0 0 0 0 0 0 0 0 33 32 34 0 0 0 0 0 0 0 0 0 0 0 0 0 0 0 0 0 0 0 0 1740 0 0 0 0 0 0 0 0 0 0 0 35 37 37 39 0 0 0 0 0 33 32 34 0 0 0 0 0 0 38 36 37 37 37 37 37 37 37 37 37 37 36 36 36 43 0 0 0 0 0 0 0 0 0 0 35 37 39 0 0 0 0 0 0 0 0 0 0 0 0 0 0 0 0 0 33 32 34 36 36 37 39 0 0 0 0 0 0 0 0 0 0 0 0 0 0 35 37 39 0 0 0 0 0 0 0 0 33 32 32 32 34 0 0 0 0 33 32 32 1739 34 0 0 0 0 0 0 0 0 0 33 38 36 36 43 0 0 0 0 0 35 37 39 0 0 0 0 0 0 40 41 41 41 41 36 36 36 36 36 36 36 36 36 41 42 0 0 0 0 0 33 32 32 32 32 38 36 43 0 0 33 32 32 34 0 0 0 33 32 32 32 32 32 32 32 35 37 37 37 39 0 0 0 0 0 0 0 0 0 0 0 0 0 0 35 37 39 0 0 0 0 0 0 0 0 33 32 32 32 34 0 0 0 0 33 32 32 1739 34 0 0 0 0 0 0 0 0 0 33 38 36 36 43 0 0 0 0 0 35 37 39 0 0 0 0 0 0 40 41 41 41 41 36 36 36 36 36 36 36 36 36 41 42 0 0 0 0 0 33 32 32 32 32 38 36 43 0 0 33 32 32 34 0 0 0 33 32 32 32 32 32 32 32 35 37 37 37 39 0 0 0 0 0 0 0 0 0 0 0 0 0 0 35 37 39 0 0 0 0 0 0 0 0 33 32 32 32 34 0 0 0 0 33 32 32 1739 34 0 0 0 0 0 0 0 0 0 33 38 36 36 43 0 0 0 0 0 35 37 39 0 0 0 0 0 0 40 41 41 41 41 36 36 36 36 36 36 36 36 36 41 42 0 0 0 0 0 33 32 32 32 32 38 36 43 0 0 33 32 32 34 0 0 0 33 32 32 32 32 32 32 32 35 37 39 36 36 36 43 0 0 0 0 0 0 33 32 32 32 32 32 32 32 38 36 43 32 34 0 0 0 33 32 32 35 37 37 37 39 0 0 0 0 35 37 37 36 39 32 32 32 32 32 32 32 32 32 35 36 36 36 43 32 32 32 32 32 38 36 43 0 0 0 1741 0 0 0 0 0 0 0 40 41 41 41 41 41 41 41 42 0 0 0 0 0 33 32 35 37 37 37 37 36 36 43 0 0 35 37 37 39 32 32 32 35 37 37 37 37 37 37 37 36 36 36 36 43 0 0 0 0 0 0 33 32 32 32 32 32 32 32 38 36 43 32 34 0 0 0 33 32 32 35 37 37 37 39 0 0 0 0 35 37 37 36 39 32 32 32 32 32 32 32 32 32 35 36 36 36 43 32 32 32 32 32 38 36 43 0 0 0 1741 0 0 0 0 0 0 0 40 41 41 41 41 41 41 41 42 0 0 0 0 0 33 32 35 37 37 37 37 36 36 43 0 0 35 37 37 39 32 32 32 35 37 37 37 37 37 37 37 36 36 36 36 43 0 0 0 0 0 0 33 32 32 32 32 32 32 32 38 36 43 32 34 0 0 0 33 32 32 35 37 37 37 39 0 0 0 0 35 37 37 36 39 32 32 32 32 32 32 32 32 32 35 36 36 36 43 32 32 32 32 32 38 36 43 0 0 0 1741 0 0 0 0 0 0 0 40 41 41 41 41 41 41 41 42 0 0 0 0 0 33 32 35 37 37 37 37 36 36 43 0 0 35 37 37 39 32 32 32 35 37 37 37 37 37 37 37 36 36 43 36 36 36 43 32 32 32 32 32 32 35 37 37 37 37 37 37 37 36 36 36 37 39 0 0 0 35 37 37 36 36 36 36 43 32 32 32 32 38 36 36 36 36 37 37 37 37 37 37 37 37 37 36 36 36 36 36 37 37 37 37 37 36 36 42 0 0 0 1816 0 0 0 0 0 0 0 0 0 0 0 0 0 0 0 0 0 0 0 0 0 35 37 36 36 41 41 41 41 41 42 0 0 38 36 36 36 37 37 37 36 36 36 36 36 36 36 36 36 36 36 36 43 32 32 32 32 32 32 35 37 37 37 37 37 37 37 36 36 36 37 39 0 0 0 35 37 37 36 36 36 36 43 32 32 32 32 38 36 36 36 36 37 37 37 37 37 37 37 37 37 36 36 36 36 36 37 37 37 37 37 36 36 42 0 0 0 1816 0 0 0 0 0 0 0 0 0 0 0 0 0 0 0 0 0 0 0 0 0 35 37 36 36 41 41 41 41 41 42 0 0 38 36 36 36 37 37 37 36 36 36 36 36 36 36 36 36 36 36 36 43 32 32 32 32 32 32 35 37 37 37 37 37 37 37 36 36 36 37 39 0 0 0 35 37 37 36 36 36 36 43 32 32 32 32 38 36 36 36 36 37 37 37 37 37 37 37 37 37 36 36 36 36 36 37 37 37 37 37 36 36 42 0 0 0 1816 0 0 0 0 0 0 0 0 0 0 0 0 0 0 0 0 0 0 0 0 0 35 37 36 36 41 41 41 41 41 42 0 0 38 36 36 36 37 37 37 36 36 36 36 36 36 36 36 36 36 43 36 36 36 36 37 37 37 37 37 37 36 36 36 36 36 36 36 36 36 36 36 36 43 0 0 0 38 36 36 36 36 36 36 36 37 37 37 37 36 36 36 36 36 36 36 36 36 36 36 36 36 36 36 36 36 36 36 36 36 36 36 36 36 43 0 0 0 0 0 0 0 0 0 0 0 0 0 0 0 0 0 0 0 0 0 0 0 0 0 0 38 36 36 42 0 0 0 0 0 0 0 0 38 36 36 36 36 36 36 36 36 36 36 36 36 36 36 36 36 36 36 36 37 37 37 37 37 37 36 36 36 36 36 36 36 36 36 36 36 36 43 0 0 0 38 36 36 36 36 36 36 36 37 37 37 37 36 36 36 36 36 36 36 36 36 36 36 36 36 36 36 36 36 36 36 36 36 36 36 36 36 43 0 0 0 0 0 0 0 0 0 0 0 0 0 0 0 0 0 0 0 0 0 0 0 0 0 0 38 36 36 42 0 0 0 0 0 0 0 0 38 36 36 36 36 36 36 36 36 36 36 36 36 36 36 36 36 36 36 36 37 37 37 37 37 37 36 36 36 36 36 36 36 36 36 36 36 36 43 0 0 0 38 36 36 36 36 36 36 36 37 37 37 37 36 36 36 36 36 36 36 36 36 36 36 36 36 36 36 36 36 36 36 36 36 36 36 36 36 43 0 0 0 0 0 0 0 0 0 0 0 0 0 0 0 0 0 0 0 0 0 0 0 0 0 0 38 36 36 42 0 0 0 0 0 0 0 0 38 36 36 36 36 36 36 36 36 36 36 36 36 36 36 36 36 43 36 36 36 36 36 36 36 36 36 36 36 36 36 36 36 36 36 36 36 36 36 36 43 0 0 0 38 36 36 36 36 36 36 36 36 36 36 36 36 36 36 36 36 36 36 36 36 36 36 36 36 36 36 36 36 36 36 36 36 36 36 36 36 43 32 34 0 0 0 0 0 0 0 0 0 0 0 0 0 0 0 0 0 0 0 0 0 0 0 0 38 36 43 0 0 0 0 0 0 0 0 0 40 36 36 36 36 36 36 36 36 36 36 36 36 36 36 36 36 36 36 36 36 36 36 36 36 36 36 36 36 36 36 36 36 36 36 36 36 36 43 0 0 0 38 36 36 36 36 36 36 36 36 36 36 36 36 36 36 36 36 36 36 36 36 36 36 36 36 36 36 36 36 36 36 36 36 36 36 36 36 43 32 34 0 0 0 0 0 0 0 0 0 0 0 0 0 0 0 0 0 0 0 0 0 0 0 0 38 36 43 0 0 0 0 0 0 0 0 0 40 36 36 36 36 36 36 36 36 36 36 36 36 36 36 36 36 36 36 36 36 36 36 36 36 36 36 36 36 36 36 36 36 36 36 36 36 36 43 0 0 0 38 36 36 36 36 36 36 36 36 36 36 36 36 36 36 36 36 36 36 36 36 36 36 36 36 36 36 36 36 36 36 36 36 36 36 36 36 43 32 34 0 0 0 0 0 0 0 0 0 0 0 0 0 0 0 0 0 0 0 0 0 0 0 0 38 36 43 0 0 0 0 0 0 0 0 0 40 36 36 36 36 36 36 36 36 36 36 36 36 36 36 36 36 43 36 36 36 36 36 36 36 36 36 36 36 36 36 36 36 36 36 36 36 36 36 36 43 0 0 0 38 36 36 36 36 36 36 36 36 36 36 36 36 36 36 36 36 36 36 36 36 36 36 36 36 36 36 36 36 36 36 36 36 36 36 36 36 36 37 39 32 32 32 34 0 0 0 0 0 0 0 0 0 0 0 0 0 0 0 0 33 32 32 32 38 36 43 0 0 0 0 0 0 0 0 0 0 38 36 36 36 36 36 36 36 36 36 36 36 36 36 36 36 36 36 36 36 36 36 36 36 36 36 36 36 36 36 36 36 36 36 36 36 36 43 0 0 0 38 36 36 36 36 36 36 36 36 36 36 36 36 36 36 36 36 36 36 36 36 36 36 36 36 36 36 36 36 36 36 36 36 36 36 36 36 36 37 39 32 32 32 34 0 0 0 0 0 0 0 0 0 0 0 0 0 0 0 0 33 32 32 32 38 36 43 0 0 0 0 0 0 0 0 0 0 38 36 36 36 36 36 36 36 36 36 36 36 36 36 36 36 36 36 36 36 36 36 36 36 36 36 36 36 36 36 36 36 36 36 36 36 36 43 0 0 0 38 36 36 36 36 36 36 36 36 36 36 36 36 36 36 36 36 36 36 36 36 36 36 36 36 36 36 36 36 36 36 36 36 36 36 36 36 36 37 39 32 32 32 34 0 0 0 0 0 0 0 0 0 0 0 0 0 0 0 0 33 32 32 32 38 36 43 0 0 0 0 0 0 0 0 0 0 38 36 36 36 36 36 36 36 36 36 36 36 36 36 36 36 43 36 36 36 36 36 36 36 36 36 36 36 36 36 36 36 36 36 41 41 41 41 41 42 0 0 0 38 36 36 36 36 36 36 36 36 36 36 36 36 36 36 36 36 36 36 36 36 36 36 36 36 36 36 36 36 36 36 36 36 36 36 36 36 36 36 36 37 37 37 39 0 0 0 0 0 0 0 0 0 0 0 33 32 32 32 32 35 37 37 37 36 36 43 0 0 0 0 0 0 0 0 0 0 38 36 36 36 36 36 36 36 36 36 36 36 36 36 36 36 36 36 36 36 36 36 36 36 36 36 36 36 36 36 36 36 41 41 41 41 41 42 0 0 0 38 36 36 36 36 36 36 36 36 36 36 36 36 36 36 36 36 36 36 36 36 36 36 36 36 36 36 36 36 36 36 36 36 36 36 36 36 36 36 36 37 37 37 39 0 0 0 0 0 0 0 0 0 0 0 33 32 32 32 32 35 37 37 37 36 36 43 0 0 0 0 0 0 0 0 0 0 38 36 36 36 36 36 36 36 36 36 36 36 36 36 36 36 36 36 36 36 36 36 36 36 36 36 36 36 36 36 36 36 41 41 41 41 41 42 0 0 0 38 36 36 36 36 36 36 36 36 36 36 36 36 36 36 36 36 36 36 36 36 36 36 36 36 36 36 36 36 36 36 36 36 36 36 36 36 36 36 36 37 37 37 39 0 0 0 0 0 0 0 0 0 0 0 33 32 32 32 32 35 37 37 37 36 36 43 0 0 0 0 0 0 0 0 0 0 38 36 36 36 36 36 36 36 36 36 36 36 36 36 36 36 43 36 36 36 36 36 36 36 36 36 36 36 36 36 36 36 36 43 0 0 0 0 0 0 0 0 0 38 36 36 36 36 36 36 36 36 36 36 36 36 36 36 36 36 36 36 36 36 36 36 36 36 36 36 36 36 36 36 36 36 36 36 36 36 36 36 36 36 36 36 43 32 32 32 34 0 0 0 33 32 32 32 35 37 37 37 37 36 36 36 36 36 36 43 32 32 34 0 0 0 0 0 33 32 38 36 36 36 36 36 36 36 36 36 36 36 36 36 36 36 36 36 36 36 36 36 36 36 36 36 36 36 36 36 36 43 0 0 0 0 0 0 0 0 0 38 36 36 36 36 36 36 36 36 36 36 36 36 36 36 36 36 36 36 36 36 36 36 36 36 36 36 36 36 36 36 36 36 36 36 36 36 36 36 36 36 36 36 43 32 32 32 34 0 0 0 33 32 32 32 35 37 37 37 37 36 36 36 36 36 36 43 32 32 34 0 0 0 0 0 33 32 38 36 36 36 36 36 36 36 36 36 36 36 36 36 36 36 36 36 36 36 36 36 36 36 36 36 36 36 36 36 36 43 0 0 0 0 0 0 0 0 0 38 36 36 36 36 36 36 36 36 36 36 36 36 36 36 36 36 36 36 36 36 36 36 36 36 36 36 36 36 36 36 36 36 36 36 36 36 36 36 36 36 36 36 43 32 32 32 34 0 0 0 33 32 32 32 35 37 37 37 37 36 36 36 36 36 36 43 32 32 34 0 0 0 0 0 33 32 38 36 36 36 36 36 36 36 36 36 36 36 36 36 36 36 43 36 36 36 36 36 36 36 36 36 36 36 36 36 36 36 36 43 0 0 0 0 0 0 0 0 0 38 36 36 36 36 36 36 36 36 36 36 36 36 36 36 36 36 36 36 36 36 36 36 36 36 36 36 36 36 36 36 36 36 36 36 36 36 36 36 36 36 36 36 36 37 37 37 39 0 0 0 35 37 37 37 36 36 36 36 36 36 36 36 36 36 36 36 37 37 39 0 0 0 0 0 35 37 36 36 36 36 36 36 36 36 36 36 36 36 36 36 36 36 36 36 36 36 36 36 36 36 36 36 36 36 36 36 36 43 0 0 0 0 0 0 0 0 0 38 36 36 36 36 36 36 36 36 36 36 36 36 36 36 36 36 36 36 36 36 36 36 36 36 36 36 36 36 36 36 36 36 36 36 36 36 36 36 36 36 36 36 36 37 37 37 39 0 0 0 35 37 37 37 36 36 36 36 36 36 36 36 36 36 36 36 37 37 39 0 0 0 0 0 35 37 36 36 36 36 36 36 36 36 36 36 36 36 36 36 36 36 36 36 36 36 36 36 36 36 36 36 36 36 36 36 36 43 0 0 0 0 0 0 0 0 0 38 36 36 36 36 36 36 36 36 36 36 36 36 36 36 36 36 36 36 36 36 36 36 36 36 36 36 36 36 36 36 36 36 36 36 36 36 36 36 36 36 36 36 36 37 37 37 39 0 0 0 35 37 37 37 36 36 36 36 36 36 36 36 36 36 36 36 37 37 39 0 0 0 0 0 35 37 36 36 36 36 36 36 36 36 36 36 36 36 36 36 36 36 43 36 36 36 36 36 36 36 41 36 36 36 36 36 36 36 36 42 0 0 0 0 0 0 0 0 0 38 36 36 36 36 36 36 36 36 36 36 36 36 36 36 36 36 36 36 36 36 36 36 36 36 36 36 36 36 36 36 36 36 36 36 36 36 36 36 36 36 36 36 36 36 36 36 42 0 0 0 40 41 36 36 36 36 36 36 36 36 36 36 36 36 36 36 36 36 43 0 0 0 0 0 38 36 36 36 36 36 36 36 36 36 36 36 36 36 36 36 36 36 36 36 36 36 36 36 41 36 36 36 36 36 36 36 36 42 0 0 0 0 0 0 0 0 0 38 36 36 36 36 36 36 36 36 36 36 36 36 36 36 36 36 36 36 36 36 36 36 36 36 36 36 36 36 36 36 36 36 36 36 36 36 36 36 36 36 36 36 36 36 36 36 42 0 0 0 40 41 36 36 36 36 36 36 36 36 36 36 36 36 36 36 36 36 43 0 0 0 0 0 38 36 36 36 36 36 36 36 36 36 36 36 36 36 36 36 36 36 36 36 36 36 36 36 41 36 36 36 36 36 36 36 36 42 0 0 0 0 0 0 0 0 0 38 36 36 36 36 36 36 36 36 36 36 36 36 36 36 36 36 36 36 36 36 36 36 36 36 36 36 36 36 36 36 36 36 36 36 36 36 36 36 36 36 36 36 36 36 36 36 42 0 0 0 40 41 36 36 36 36 36 36 36 36 36 36 36 36 36 36 36 36 43 0 0 0 0 0 38 36 36 36 36 36 36 36 36 36 36 36 36 36 36 36 36 36 43 36 36 36 36 36 36 42 0 40 36 36 36 36 36 36 43 0 0 0 0 0 0 0 33 32 32 38 36 36 36 36 36 36 36 36 36 36 36 36 36 36 36 36 36 36 36 36 36 36 36 36 36 36 36 36 36 36 36 36 36 36 36 36 36 36 36 36 36 36 36 36 41 42 0 0 0 0 0 0 40 36 36 36 36 36 36 36 36 36 36 36 36 36 36 36 43 0 0 0 0 0 38 36 36 36 36 36 36 36 36 36 36 36 36 36 36 41 41 36 36 36 36 36 36 42 0 40 36 36 36 36 36 36 43 0 0 0 0 0 0 0 33 32 32 38 36 36 36 36 36 36 36 36 36 36 36 36 36 36 36 36 36 36 36 36 36 36 36 36 36 36 36 36 36 36 36 36 36 36 36 36 36 36 36 36 36 36 36 36 41 42 0 0 0 0 0 0 40 36 36 36 36 36 36 36 36 36 36 36 36 36 36 36 43 0 0 0 0 0 38 36 36 36 36 36 36 36 36 36 36 36 36 36 36 41 41 36 36 36 36 36 36 42 0 40 36 36 36 36 36 36 43 0 0 0 0 0 0 0 33 32 32 38 36 36 36 36 36 36 36 36 36 36 36 36 36 36 36 36 36 36 36 36 36 36 36 36 36 36 36 36 36 36 36 36 36 36 36 36 36 36 36 36 36 36 36 36 41 42 0 0 0 0 0 0 40 36 36 36 36 36 36 36 36 36 36 36 36 36 36 36 43 0 0 0 0 0 38 36 36 36 36 36 36 36 36 36 36 36 36 36 36 36 36 36 43 36 36 36 36 36 42 0 0 0 40 36 36 36 36 36 43 32 34 0 0 0 0 0 119 121 121 36 36 36 36 36 36 36 36 36 36 36 36 36 36 36 36 36 36 36 36 36 36 36 36 36 36 36 36 36 36 36 36 36 36 36 36 36 36 36 36 36 36 36 36 43 0 0 0 0 0 0 0 0 0 38 36 36 36 36 36 36 36 36 36 36 36 36 36 36 42 0 0 0 33 32 38 36 36 36 36 36 36 36 36 36 36 36 36 36 43 0 0 40 36 36 36 36 42 0 0 0 40 36 36 36 36 36 43 32 34 0 0 0 0 0 119 121 121 36 36 36 36 36 36 36 36 36 36 36 36 36 36 36 36 36 36 36 36 36 36 36 36 36 36 36 36 36 36 36 36 36 36 36 36 36 36 36 36 36 36 36 36 43 0 0 0 0 0 0 0 0 0 38 36 36 36 36 36 36 36 36 36 36 36 36 36 36 42 0 0 0 33 32 38 36 36 36 36 36 36 36 36 36 36 36 36 36 43 0 0 40 36 36 36 36 42 0 0 0 40 36 36 36 36 36 43 32 34 0 0 0 0 0 119 121 121 36 36 36 36 36 36 36 36 36 36 36 36 36 36 36 36 36 36 36 36 36 36 36 36 36 36 36 36 36 36 36 36 36 36 36 36 36 36 36 36 36 36 36 36 43 0 0 0 0 0 0 0 0 0 38 36 36 36 36 36 36 36 36 36 36 36 36 36 36 42 0 0 0 33 32 38 36 36 36 36 36 36 36 36 36 36 36 36 36 36 36 36 36 43 41 41 41 41 42 0 0 0 0 0 40 41 41 36 36 36 37 120 0 0 0 0 0 0 0 0 38 36 36 36 36 36 36 36 36 36 36 36 36 36 36 36 36 36 36 36 36 36 36 36 36 36 36 36 36 36 36 36 36 36 36 36 36 36 36 36 36 36 36 36 42 0 0 0 0 0 0 0 0 0 38 36 36 36 36 36 36 36 36 36 36 36 36 36 43 0 0 0 0 35 37 36 36 36 36 36 36 36 36 36 36 36 36 36 36 43 0 0 0 40 41 41 42 0 0 0 0 0 40 41 41 36 36 36 37 120 0 0 0 0 0 0 0 0 38 36 36 36 36 36 36 36 36 36 36 36 36 36 36 36 36 36 36 36 36 36 36 36 36 36 36 36 36 36 36 36 36 36 36 36 36 36 36 36 36 36 36 36 42 0 0 0 0 0 0 0 0 0 38 36 36 36 36 36 36 36 36 36 36 36 36 36 43 0 0 0 0 35 37 36 36 36 36 36 36 36 36 36 36 36 36 36 36 43 0 0 0 40 41 41 42 0 0 0 0 0 40 41 41 36 36 36 37 120 0 0 0 0 0 0 0 0 38 36 36 36 36 36 36 36 36 36 36 36 36 36 36 36 36 36 36 36 36 36 36 36 36 36 36 36 36 36 36 36 36 36 36 36 36 36 36 36 36 36 36 36 42 0 0 0 0 0 0 0 0 0 38 36 36 36 36 36 36 36 36 36 36 36 36 36 43 0 0 0 0 35 37 36 36 36 36 36 36 36 36 36 36 36 36 36 36 36 36 36 36 43 0 0 0 0 0 0 33 32 34 0 0 0 0 40 41 41 42 0 0 0 0 0 0 0 0 0 38 36 36 36 36 36 36 36 36 36 36 36 36 36 36 36 36 36 36 36 36 36 36 36 36 36 36 36 36 36 36 36 36 36 36 36 36 36 36 36 36 36 36 43 0 0 0 0 0 0 0 0 0 0 38 36 36 36 36 36 36 36 36 36 36 36 36 36 43 0 0 0 0 38 36 36 36 36 36 36 36 36 36 36 36 36 36 36 36 43 34 0 0 0 0 0 0 0 33 32 34 0 0 0 0 40 41 41 42 0 0 0 0 0 0 0 0 0 38 36 36 36 36 36 36 36 36 36 36 36 36 36 36 36 36 36 36 36 36 36 36 36 36 36 36 36 36 36 36 36 36 36 36 36 36 36 36 36 36 36 36 43 0 0 0 0 0 0 0 0 0 0 38 36 36 36 36 36 36 36 36 36 36 36 36 36 43 0 0 0 0 38 36 36 36 36 36 36 36 36 36 36 36 36 36 36 36 43 34 0 0 0 0 0 0 0 33 32 34 0 0 0 0 40 41 41 42 0 0 0 0 0 0 0 0 0 38 36 36 36 36 36 36 36 36 36 36 36 36 36 36 36 36 36 36 36 36 36 36 36 36 36 36 36 36 36 36 36 36 36 36 36 36 36 36 36 36 36 36 43 0 0 0 0 0 0 0 0 0 0 38 36 36 36 36 36 36 36 36 36 36 36 36 36 43 0 0 0 0 38 36 36 36 36 36 36 36 36 36 36 36 36 36 36 36 36 36 36 36 43 0 0 0 0 0 0 119 121 120 0 0 0 0 0 0 0 0 0 0 0 0 0 33 32 32 32 38 36 36 36 36 36 36 36 36 36 36 36 36 36 36 36 36 36 36 36 36 36 36 36 36 36 36 36 36 36 36 36 36 36 36 36 36 36 36 36 36 36 36 42 0 0 0 0 0 0 0 0 0 0 40 36 36 36 36 36 36 36 36 36 36 36 36 36 43 32 32 32 32 38 36 36 36 36 36 36 36 36 36 36 36 36 36 36 36 36 39 34 0 0 0 0 0 0 119 121 120 0 0 0 0 0 0 0 0 0 0 0 0 0 33 32 32 32 38 36 36 36 36 36 36 36 36 36 36 36 36 36 36 36 36 36 36 36 36 36 36 36 36 36 36 36 36 36 36 36 36 36 36 36 36 36 36 36 36 36 36 42 0 0 0 0 0 0 0 0 0 0 40 36 36 36 36 36 36 36 36 36 36 36 36 36 43 32 32 32 32 38 36 36 36 36 36 36 36 36 36 36 36 36 36 36 36 36 39 34 0 0 0 0 0 0 119 121 120 0 0 0 0 0 0 0 0 0 0 0 0 0 33 32 32 32 38 36 36 36 36 36 36 36 36 36 36 36 36 36 36 36 36 36 36 36 36 36 36 36 36 36 36 36 36 36 36 36 36 36 36 36 36 36 36 36 36 36 36 42 0 0 0 0 0 0 0 0 0 0 40 36 36 36 36 36 36 36 36 36 36 36 36 36 43 32 32 32 32 38 36 36 36 36 36 36 36 36 36 36 36 36 36 36 36 36 36 36 36 43 32 32 32 34 0 0 0 0 0 0 0 0 0 0 0 0 0 0 0 0 0 0 35 37 37 37 36 36 36 36 36 36 36 36 36 36 36 36 36 36 36 36 36 36 36 36 36 36 36 36 36 36 36 36 36 36 36 36 36 36 36 36 36 36 36 36 36 36 43 0 0 0 0 0 0 0 0 0 0 0 0 38 36 36 36 36 36 36 36 36 36 36 36 36 36 37 37 37 37 36 36 36 36 36 36 36 36 36 36 36 36 36 36 36 36 36 36 39 32 32 32 34 0 0 0 0 0 0 0 0 0 0 0 0 0 0 0 0 0 0 35 37 37 37 36 36 36 36 36 36 36 36 36 36 36 36 36 36 36 36 36 36 36 36 36 36 36 36 36 36 36 36 36 36 36 36 36 36 36 36 36 36 36 36 36 36 43 0 0 0 0 0 0 0 0 0 0 0 0 38 36 36 36 36 36 36 36 36 36 36 36 36 36 37 37 37 37 36 36 36 36 36 36 36 36 36 36 36 36 36 36 36 36 36 36 39 32 32 32 34 0 0 0 0 0 0 0 0 0 0 0 0 0 0 0 0 0 0 35 37 37 37 36 36 36 36 36 36 36 36 36 36 36 36 36 36 36 36 36 36 36 36 36 36 36 36 36 36 36 36 36 36 36 36 36 36 36 36 36 36 36 36 36 36 43 0 0 0 0 0 0 0 0 0 0 0 0 38 36 36 36 36 36 36 36 36 36 36 36 36 36 37 37 37 37 36 36 36 36 36 36 36 36 36 36 36 36 36 36 36 36 36 36 36 36 43 37 37 37 39 0 0 0 0 0 0 33 32 32 32 32 32 34 0 0 0 0 0 40 36 36 36 36 36 36 36 36 36 36 36 36 36 36 36 36 36 36 41 41 41 41 41 41 41 41 41 36 36 36 36 36 36 36 36 36 36 36 36 36 36 36 36 36 36 42 0 0 0 0 0 0 0 0 0 0 0 0 38 36 36 36 36 36 36 36 36 36 36 36 41 41 41 41 41 41 41 36 36 36 36 41 41 41 41 41 36 36 36 36 36 36 36 36 36 37 37 37 39 0 0 0 0 0 0 33 32 32 32 32 32 34 0 0 0 0 0 40 36 36 36 36 36 36 36 36 36 36 36 36 36 36 36 36 36 36 41 41 41 41 41 41 41 41 41 36 36 36 36 36 36 36 36 36 36 36 36 36 36 36 36 36 36 42 0 0 0 0 0 0 0 0 0 0 0 0 38 36 36 36 36 36 36 36 36 36 36 36 41 41 41 41 41 41 41 36 36 36 36 41 41 41 41 41 36 36 36 36 36 36 36 36 36 37 37 37 39 0 0 0 0 0 0 33 32 32 32 32 32 34 0 0 0 0 0 40 36 36 36 36 36 36 36 36 36 36 36 36 36 36 36 36 36 36 41 41 41 41 41 41 41 41 41 36 36 36 36 36 36 36 36 36 36 36 36 36 36 36 36 36 36 42 0 0 0 0 0 0 0 0 0 0 0 0 38 36 36 36 36 36 36 36 36 36 36 36 41 41 41 41 41 41 41 36 36 36 36 41 41 41 41 41 36 36 36 36 36 36 36 36 36 36 43 36 36 36 43 32 32 32 32 32 32 35 37 37 37 37 37 39 34 0 0 0 0 0 38 36 36 41 41 41 41 36 36 36 36 41 41 41 41 41 41 42 0 0 0 0 0 0 0 0 0 40 41 41 41 41 41 36 36 36 36 36 36 36 36 36 36 36 43 0 0 0 0 0 0 0 0 0 0 0 0 0 38 36 36 36 36 36 36 36 36 36 36 43 0 0 0 0 0 0 0 40 41 41 42 0 0 0 0 0 40 41 41 41 41 41 41 36 36 36 36 36 43 32 32 32 32 32 32 35 37 37 37 37 37 39 34 0 0 0 0 0 38 36 36 41 41 41 41 36 36 36 36 41 41 41 41 41 41 42 0 0 0 0 0 0 0 0 0 40 41 41 41 41 41 36 36 36 36 36 36 36 36 36 36 36 43 0 0 0 0 0 0 0 0 0 0 0 0 0 38 36 36 36 36 36 36 36 36 36 36 43 0 0 0 0 0 0 0 40 41 41 42 0 0 0 0 0 40 41 41 41 41 41 41 36 36 36 36 36 43 32 32 32 32 32 32 35 37 37 37 37 37 39 34 0 0 0 0 0 38 36 36 41 41 41 41 36 36 36 36 41 41 41 41 41 41 42 0 0 0 0 0 0 0 0 0 40 41 41 41 41 41 36 36 36 36 36 36 36 36 36 36 36 43 0 0 0 0 0 0 0 0 0 0 0 0 0 38 36 36 36 36 36 36 36 36 36 36 43 0 0 0 0 0 0 0 40 41 41 42 0 0 0 0 0 40 41 41 41 41 41 41 36 36 36 43 36 36 36 36 37 37 37 37 37 37 36 36 36 36 36 36 36 39 0 0 0 0 0 40 41 42 0 0 0 0 38 36 36 43 0 0 0 0 0 0 0 0 0 0 0 0 0 0 0 0 0 0 0 0 0 0 40 41 41 41 41 41 41 41 41 41 41 42 0 0 0 0 0 0 0 0 0 0 0 0 0 40 36 36 36 36 36 36 41 41 41 41 42 0 0 0 0 0 0 0 0 0 0 0 0 0 0 0 0 0 0 0 0 0 0 0 40 41 36 36 36 36 37 37 37 37 37 37 36 36 36 36 36 36 36 39 0 0 0 0 0 40 41 42 0 0 0 0 38 36 36 43 0 0 0 0 0 0 0 0 0 0 0 0 0 0 0 0 0 0 0 0 0 0 40 41 41 41 41 41 41 41 41 41 41 42 0 0 0 0 0 0 0 0 0 0 0 0 0 40 36 36 36 36 36 36 41 41 41 41 42 0 0 0 0 0 0 0 0 0 0 0 0 0 0 0 0 0 0 0 0 0 0 0 40 41 36 36 36 36 37 37 37 37 37 37 36 36 36 36 36 36 36 39 0 0 0 0 0 40 41 42 0 0 0 0 38 36 36 43 0 0 0 0 0 0 0 0 0 0 0 0 0 0 0 0 0 0 0 0 0 0 40 41 41 41 41 41 41 41 41 41 41 42 0 0 0 0 0 0 0 0 0 0 0 0 0 40 36 36 36 36 36 36 41 41 41 41 42 0 0 0 0 0 0 0 0 0 0 0 0 0 0 0 0 0 0 0 0 0 0 0 40 41 41 42 36 36 36 36 36 36 36 36 36 36 36 36 41 41 41 41 41 42 0 0 0 0 0 0 0 0 0 0 0 0 40 41 41 42 0 0 0 0 0 0 0 0 0 0 0 0 0 0 0 0 0 0 0 0 0 0 0 0 0 0 0 0 0 0 0 0 0 0 0 0 0 0 0 0 0 0 33 34 0 0 0 0 38 36 36 36 36 42 0 0 0 0 0 0 0 0 0 0 0 0 0 0 0 0 0 0 0 0 0 0 0 0 0 0 0 0 0 0 36 36 36 36 36 36 36 36 36 36 36 36 41 41 41 41 41 42 0 0 0 0 0 0 0 0 0 0 0 0 40 41 41 42 0 0 0 0 0 0 0 0 0 0 0 0 0 0 0 0 0 0 0 0 0 0 0 0 0 0 0 0 0 0 0 0 0 0 0 0 0 0 0 0 0 0 33 34 0 0 0 0 38 36 36 36 36 42 0 0 0 0 0 0 0 0 0 0 0 0 0 0 0 0 0 0 0 0 0 0 0 0 0 0 0 0 0 0 36 36 36 36 36 36 36 36 36 36 36 36 41 41 41 41 41 42 0 0 0 0 0 0 0 0 0 0 0 0 40 41 41 42 0 0 0 0 0 0 0 0 0 0 0 0 0 0 0 0 0 0 0 0 0 0 0 0 0 0 0 0 0 0 0 0 0 0 0 0 0 0 0 0 0 0 33 34 0 0 0 0 38 36 36 36 36 42 0 0 0 0 0 0 0 0 0 0 0 0 0 0 0 0 0 0 0 0 0 0 0 0 0 0 0 0 0 0 0 0 36 36 36 41 41 41 41 41 41 41 41 42 0 0 0 0 0 0 0 0 0 0 0 0 0 0 0 0 0 0 0 0 0 0 0 0 0 0 0 0 0 0 0 0 0 0 0 0 0 0 0 0 0 0 0 0 0 0 0 0 0 0 0 0 0 0 0 0 0 0 0 0 0 0 0 0 35 39 0 0 0 0 40 36 36 36 43 0 0 0 0 0 0 0 0 0 0 0 0 0 0 0 0 0 0 0 0 0 0 0 0 0 0 0 0 0 0 0 36 36 36 41 41 41 41 41 41 41 41 42 0 0 0 0 0 0 0 0 0 0 0 0 0 0 0 0 0 0 0 0 0 0 0 0 0 0 0 0 0 0 0 0 0 0 0 0 0 0 0 0 0 0 0 0 0 0 0 0 0 0 0 0 0 0 0 0 0 0 0 0 0 0 0 0 35 39 0 0 0 0 40 36 36 36 43 0 0 0 0 0 0 0 0 0 0 0 0 0 0 0 0 0 0 0 0 0 0 0 0 0 0 0 0 0 0 0 36 36 36 41 41 41 41 41 41 41 41 42 0 0 0 0 0 0 0 0 0 0 0 0 0 0 0 0 0 0 0 0 0 0 0 0 0 0 0 0 0 0 0 0 0 0 0 0 0 0 0 0 0 0 0 0 0 0 0 0 0 0 0 0 0 0 0 0 0 0 0 0 0 0 0 0 35 39 0 0 0 0 40 36 36 36 43 0 0 0 0 0 0 0 0 0 0 0 0 0 0 0 0 0 0 0 0 0 0 0 0 0 0 0 0 0 0 0 0 0 36 36 43 0 0 0 0 0 0 0 0 0 0 0 0 0 0 0 0 0 0 0 0 0 0 0 0 0 0 0 0 0 0 0 0 0 0 0 0 0 0 0 0 0 0 0 33 34 0 0 0 0 0 0 0 0 0 0 0 0 0 0 0 0 0 0 0 0 0 0 0 0 0 0 0 0 40 42 0 0 0 0 0 38 36 36 43 0 0 0 0 0 0 33 34 0 0 0 0 0 0 0 0 33 32 32 32 34 0 0 0 0 0 0 0 0 0 0 36 36 43 0 0 0 0 0 0 0 0 0 0 0 0 0 0 0 0 0 0 0 0 0 0 0 0 0 0 0 0 0 0 0 0 0 0 0 0 0 0 0 0 0 0 0 33 34 0 0 0 0 0 0 0 0 0 0 0 0 0 0 0 0 0 0 0 0 0 0 0 0 0 0 0 0 40 42 0 0 0 0 0 38 36 36 43 0 0 0 0 0 0 33 34 0 0 0 0 0 0 0 0 33 32 32 32 34 0 0 0 0 0 0 0 0 0 0 36 36 43 0 0 0 0 0 0 0 0 0 0 0 0 0 0 0 0 0 0 0 0 0 0 0 0 0 0 0 0 0 0 0 0 0 0 0 0 0 0 0 0 0 0 0 33 34 0 0 0 0 0 0 0 0 0 0 0 0 0 0 0 0 0 0 0 0 0 0 0 0 0 0 0 0 40 42 0 0 0 0 0 38 36 36 43 0 0 0 0 0 0 33 34 0 0 0 0 0 0 0 0 33 32 32 32 34 0 0 0 0 0 0 0 0 0 0 0 0 36 36 42 0 0 0 0 0 0 0 0 0 0 0 0 0 0 0 0 0 0 0 0 0 33 32 32 32 34 0 0 0 0 0 0 0 0 0 0 0 0 0 0 0 0 0 35 39 0 0 0 0 0 0 0 0 0 0 0 0 0 0 0 0 0 0 0 0 0 0 0 33 34 0 0 0 0 0 0 0 0 0 0 38 36 36 43 0 0 0 0 0 0 35 39 0 0 0 0 0 0 0 0 119 121 121 121 120 0 0 0 0 0 0 0 0 0 0 36 36 42 0 0 0 0 0 0 0 0 0 0 0 0 0 0 0 0 0 0 0 0 0 33 32 32 32 34 0 0 0 0 0 0 0 0 0 0 0 0 0 0 0 0 0 35 39 0 0 0 0 0 0 0 0 0 0 0 0 0 0 0 0 0 0 0 0 0 0 0 33 34 0 0 0 0 0 0 0 0 0 0 38 36 36 43 0 0 0 0 0 0 35 39 0 0 0 0 0 0 0 0 119 121 121 121 120 0 0 0 0 0 0 0 0 0 0 36 36 42 0 0 0 0 0 0 0 0 0 0 0 0 0 0 0 0 0 0 0 0 0 33 32 32 32 34 0 0 0 0 0 0 0 0 0 0 0 0 0 0 0 0 0 35 39 0 0 0 0 0 0 0 0 0 0 0 0 0 0 0 0 0 0 0 0 0 0 0 33 34 0 0 0 0 0 0 0 0 0 0 38 36 36 43 0 0 0 0 0 0 35 39 0 0 0 0 0 0 0 0 119 121 121 121 120 0 0 0 0 0 0 0 0 0 0 0 0)
    )
    (platform
      (name "caveend")
      (x 16352)
      (y 384)
      (sprite "images/objects/platforms/wood-fivetiles.sprite")
      (running #f)
      (path
        (mode "circular")
        (node
          (x 16352)
          (y 384)
          (time 3)
        )
        (node
          (x 16352)
          (y 0)
          (time 1)
        )
      )
    )
    (scripttrigger
      (width 160)
      (height 32)
      (script "wait(0.8);
caveend.start_moving();")
      (button #f)
      (oneshot #f)
      (x 16352)
      (y 352)
    )
    (scripttrigger
      (width 160)
      (height 32)
      (script "Level.spawn(\"main\", \"final\");")
      (button #f)
      (oneshot #f)
      (x 16352)
      (y 0)
    )
    (tilemap
      (name "backback")
      (draw-target "normal")
      (width 520)
      (height 35)
      (speed 1)
      (solid #f)
      (z-pos -101)
      (tint 1 1 1 1)
      (tiles 0 0 0 2179 2179 2179 2179 2179 2179 2179 2179 2179 0 0 0 0 0 0 0 0 0 0 0 0 0 0 0 0 0 0 0 0 0 0 0 0 0 0 0 0 0 0 0 0 0 0 0 0 0 0 0 0 0 0 0 0 0 0 0 0 0 0 0 0 0 0 0 0 0 0 0 0 0 0 0 0 0 0 0 0 0 0 0 0 0 0 0 0 0 0 0 0 0 0 0 0 0 0 0 0 0 0 0 0 0 0 0 0 0 0 0 0 0 0 0 0 0 0 0 0 0 0 0 0 0 0 0 0 0 0 0 0 0 0 0 0 0 0 0 0 0 0 0 0 0 0 0 0 0 0 0 0 0 0 0 0 0 0 0 0 0 0 0 0 0 0 0 0 0 0 0 0 0 0 0 0 0 0 0 0 0 0 0 0 0 0 0 0 0 0 0 0 0 0 0 0 0 0 0 0 0 0 0 0 0 0 0 0 0 0 0 0 0 0 0 0 0 0 0 0 0 0 0 0 0 0 0 0 0 0 0 0 0 0 0 0 0 0 0 0 0 0 0 0 0 0 0 0 0 0 0 0 0 0 0 0 0 0 0 0 0 0 0 0 0 0 0 0 0 0 0 0 0 0 0 0 0 0 0 0 0 0 0 0 0 0 0 0 0 0 0 0 0 0 0 0 0 0 0 0 0 0 0 0 0 0 0 0 0 0 0 0 0 0 0 0 0 0 0 0 0 0 0 0 0 0 0 0 0 0 0 0 0 0 0 0 0 0 0 0 0 0 0 0 0 0 0 0 0 0 0 0 0 0 0 0 0 0 0 0 0 0 0 0 0 0 0 0 0 0 0 0 0 0 0 0 0 0 0 0 0 0 0 0 0 0 0 0 0 0 0 0 0 0 0 0 0 0 0 0 0 0 0 0 0 0 0 0 0 0 0 0 0 0 0 0 0 0 0 0 0 0 0 0 0 0 0 0 0 0 0 0 0 0 0 0 0 0 0 0 0 0 0 0 0 0 0 0 0 0 0 0 0 0 0 0 0 0 0 0 0 0 0 0 0 0 0 0 0 0 0 0 0 0 0 0 0 0 0 0 0 0 0 0 0 0 0 0 0 0 0 0 0 0 0 0 0 0 0 0 0 0 0 0 0 0 0 0 0 0 0 0 0 0 0 0 0 0 0 0 0 0 2179 2179 2179 2179 2179 2179 2179 2179 2179 0 0 0 0 0 0 0 0 0 0 0 0 0 0 0 0 0 0 0 0 0 0 0 0 0 0 0 0 0 0 0 0 0 0 0 0 0 0 0 0 0 0 0 0 0 0 0 0 0 0 0 0 0 0 0 0 0 0 0 0 0 0 0 0 0 0 0 0 0 0 0 0 0 0 0 0 0 0 0 0 0 0 0 0 0 0 0 0 0 0 0 0 0 0 0 0 0 0 0 0 0 0 0 0 0 0 0 0 0 0 0 0 0 0 0 0 0 0 0 0 0 0 0 0 0 0 0 0 0 0 0 0 0 0 0 0 0 0 0 0 0 0 0 0 0 0 0 0 0 0 0 0 0 0 0 0 0 0 0 0 0 0 0 0 0 0 0 0 0 0 0 0 0 0 0 0 0 0 0 0 0 0 0 0 0 0 0 0 0 0 0 0 0 0 0 0 0 0 0 0 0 0 0 0 0 0 0 0 0 0 0 0 0 0 0 0 0 0 0 0 0 0 0 0 0 0 0 0 0 0 0 0 0 0 0 0 0 0 0 0 0 0 0 0 0 0 0 0 0 0 0 0 0 0 0 0 0 0 0 0 0 0 0 0 0 0 0 0 0 0 0 0 0 0 0 0 0 0 0 0 0 0 0 0 0 0 0 0 0 0 0 0 0 0 0 0 0 0 0 0 0 0 0 0 0 0 0 0 0 0 0 0 0 0 0 0 0 0 0 0 0 0 0 0 0 0 0 0 0 0 0 0 0 0 0 0 0 0 0 0 0 0 0 0 0 0 0 0 0 0 0 0 0 0 0 0 0 0 0 0 0 0 0 0 0 0 0 0 0 0 0 0 0 0 0 0 0 0 0 0 0 0 0 0 0 0 0 0 0 0 0 0 0 0 0 0 0 0 0 0 0 0 0 0 0 0 0 0 0 0 0 0 0 0 0 0 0 0 0 0 0 0 0 0 0 0 0 0 0 0 0 0 0 0 0 0 0 0 0 0 0 0 0 0 0 0 0 0 0 0 0 0 0 0 0 0 0 0 0 0 0 0 0 0 0 0 0 0 0 0 0 0 0 0 0 0 0 0 0 0 0 0 0 0 0 0 0 0 0 0 0 0 0 0 0 0 0 0 0 0 0 0 0 0 0 0 0 0 0 0 0 0 2179 2179 2179 2179 2179 2179 2179 2179 2179 0 0 0 0 0 0 0 0 0 0 0 0 0 0 0 0 0 0 0 0 0 0 0 0 0 0 0 0 0 0 0 0 0 0 0 0 0 0 0 0 0 0 0 0 0 0 0 0 0 0 0 0 0 0 0 0 0 0 0 0 0 0 0 0 0 0 0 0 0 0 0 0 0 0 0 0 0 0 0 0 0 0 0 0 0 0 0 0 0 0 0 0 0 0 0 0 0 0 0 0 0 0 0 0 0 0 0 0 0 0 0 0 0 0 0 0 0 0 0 0 0 0 0 0 0 0 0 0 0 0 0 0 0 0 0 0 0 2180 2181 0 0 0 0 0 0 0 0 0 0 0 0 0 0 0 0 0 0 0 0 0 0 0 0 0 0 0 0 0 0 0 0 0 0 0 0 0 0 0 0 0 0 0 0 0 0 0 0 0 0 0 0 0 0 0 0 0 0 0 0 0 0 0 0 0 0 0 0 0 0 0 0 0 0 0 0 0 0 0 0 0 0 0 0 0 0 0 0 0 0 0 0 0 0 0 0 0 0 0 0 0 0 0 0 0 0 0 0 0 0 0 0 0 0 0 0 0 0 0 0 0 0 0 0 0 0 0 0 0 0 0 0 0 0 0 0 0 0 0 0 0 0 0 0 0 0 0 0 0 0 0 0 0 0 0 0 0 0 0 0 0 0 0 0 0 0 0 0 0 0 0 0 0 0 0 0 0 0 0 0 0 0 0 0 0 0 0 0 0 0 2180 2181 2180 2181 2180 2181 2180 2181 2180 2181 2180 2181 2180 2181 2180 2181 0 0 0 0 0 0 0 0 0 0 0 0 0 0 0 0 0 0 0 0 0 0 0 0 0 0 0 0 0 0 0 0 0 0 0 0 0 0 0 0 0 0 0 0 0 0 0 0 0 0 0 0 0 0 0 0 0 0 0 0 0 0 0 0 0 0 0 0 0 0 0 0 0 0 0 0 0 0 0 0 0 0 0 0 0 0 0 0 0 0 0 0 0 0 0 0 0 0 0 0 0 0 0 0 0 0 0 0 0 0 0 0 0 0 0 0 0 0 0 0 0 0 0 0 0 0 0 0 0 0 0 0 0 0 0 0 0 0 0 0 0 0 0 0 0 0 0 0 0 0 0 0 0 0 0 0 0 0 0 0 0 0 0 0 0 0 2179 2179 2179 2182 2183 2184 2179 2179 2179 0 0 0 0 0 0 0 0 0 0 0 0 0 0 0 0 0 0 0 0 0 0 0 0 0 0 0 0 0 0 0 0 0 0 0 0 0 0 0 0 0 0 0 0 0 0 0 0 0 0 0 0 0 0 0 0 0 0 0 0 0 0 0 0 0 0 0 0 0 0 0 0 0 0 0 0 0 0 0 0 0 0 0 0 0 0 0 0 0 0 0 0 0 0 0 2192 2180 2181 2180 2181 2180 2181 0 0 0 0 0 0 0 0 0 0 0 0 0 0 0 0 0 2192 2180 2181 2180 2181 2180 2181 2180 2181 2179 2179 2179 2179 2179 2179 2179 2179 2179 2180 2181 2190 0 0 0 0 0 0 0 0 0 0 0 0 0 0 0 0 0 0 0 0 0 0 0 0 0 0 0 0 0 0 0 0 0 0 0 0 0 0 0 0 0 0 0 0 0 0 0 0 0 0 0 0 0 0 0 0 0 0 0 0 0 0 0 0 0 0 0 0 0 0 0 0 0 0 0 0 0 0 0 0 0 0 0 0 0 0 0 0 0 0 0 0 0 0 0 0 0 0 0 0 0 0 0 0 0 0 0 0 0 0 0 0 0 0 0 0 0 0 0 0 0 0 0 0 0 0 0 0 0 0 0 0 0 0 0 0 0 0 0 0 0 0 0 0 0 0 0 0 0 0 0 0 0 0 0 0 0 0 0 0 0 0 0 0 0 0 0 0 0 0 0 0 0 0 0 0 0 0 0 0 0 0 0 0 0 0 0 0 0 2188 2189 2188 2189 2188 2189 2188 2189 2188 2189 2188 2189 2188 2189 2188 2189 0 0 0 0 0 0 0 0 0 0 0 0 0 0 0 0 0 0 0 0 0 0 0 0 0 0 0 0 0 0 0 0 0 0 0 0 0 0 0 0 0 0 0 0 0 0 0 0 0 0 0 0 0 0 0 0 0 0 0 0 0 0 0 0 0 0 0 0 0 0 0 0 0 0 0 0 0 0 0 0 0 0 0 0 0 0 0 0 0 0 0 0 0 0 0 0 0 0 0 0 0 0 0 0 0 0 0 0 0 0 0 0 0 0 0 0 0 0 0 0 0 0 0 0 0 0 0 0 0 0 0 0 0 0 0 0 0 0 0 0 0 0 0 0 0 0 0 0 0 0 0 0 0 0 0 0 0 0 0 0 0 0 0 0 0 0 0 2183 2183 2194 0 2193 2183 2183 0 0 0 0 0 0 0 0 0 0 0 0 0 0 0 0 0 0 0 0 0 0 0 0 0 0 0 0 0 0 0 0 0 0 0 0 0 0 0 0 0 0 0 0 0 0 0 0 0 0 0 0 0 0 0 0 0 0 0 0 0 0 0 0 0 0 0 0 0 0 0 0 0 0 0 0 0 0 0 0 0 0 0 0 0 0 0 0 0 0 0 0 0 0 0 0 2192 2188 2189 2188 2189 2188 2189 0 0 0 0 0 0 0 0 0 0 0 0 0 0 0 0 0 2192 2188 2189 2188 2189 2188 2189 2188 2189 2189 2188 2189 2188 2189 2188 2189 2188 2180 2181 2189 2190 0 0 0 0 0 0 0 0 0 0 0 0 0 0 0 0 0 0 0 0 0 0 0 0 0 0 0 0 0 0 0 0 0 0 0 0 0 0 0 0 0 0 0 0 0 0 0 0 0 0 0 0 0 0 0 0 0 0 0 0 0 0 0 0 0 0 0 0 0 0 0 0 0 0 0 0 0 0 0 0 0 0 0 0 0 0 0 0 0 0 0 0 0 0 0 0 0 0 0 0 0 0 0 0 0 0 0 0 0 0 0 0 0 0 0 0 0 0 0 0 0 0 0 0 0 0 0 0 0 0 0 0 0 0 0 0 0 0 0 0 0 0 0 0 0 0 0 0 0 0 0 0 0 0 0 0 0 0 0 0 0 0 0 0 0 0 0 0 0 0 0 0 0 0 0 0 0 0 0 0 0 0 0 0 0 0 0 0 0 2180 2181 2180 2181 2180 2181 2180 2181 2180 2181 2180 2181 2180 2181 2180 2181 0 0 0 0 0 0 0 0 0 0 0 0 0 0 0 0 0 0 0 0 0 0 0 0 0 0 0 0 0 0 0 0 0 0 0 0 0 0 0 0 0 0 0 0 0 0 0 0 0 0 0 0 0 0 0 0 0 0 0 0 0 0 0 0 0 0 0 0 0 0 0 0 0 0 0 0 0 0 0 0 0 0 0 0 0 0 0 0 0 0 0 0 0 0 0 0 0 0 0 0 0 0 0 0 0 0 0 0 0 0 0 0 0 0 0 0 0 0 0 0 0 0 0 0 0 0 0 0 0 0 0 0 0 0 0 0 0 0 0 0 0 0 0 0 0 0 0 0 0 0 0 0 0 0 0 0 0 0 0 0 0 0 0 0 0 0 0 0 0 0 0 0 0 0 0 0 0 0 0 0 0 0 0 0 0 0 0 0 0 0 0 0 0 0 0 0 0 0 0 0 0 0 0 0 0 0 0 0 0 0 0 0 0 0 0 0 0 0 0 0 0 0 0 0 0 0 0 0 0 2180 2181 2180 2181 2180 2181 2180 2181 2180 2181 2180 2181 2180 2181 2180 2181 2180 2181 2180 2181 2180 2181 2180 2181 0 0 0 0 0 0 0 0 0 0 0 0 0 0 0 0 0 2192 2180 2181 2180 2181 2180 2181 2179 0 0 0 0 0 0 0 0 0 0 0 0 0 0 0 0 2192 2180 2181 2180 2181 2180 2181 2180 2181 2181 2180 2181 2180 2181 2180 2181 2180 2180 2181 2182 2194 0 0 0 0 0 0 0 0 0 0 0 0 0 0 0 0 0 0 0 0 0 0 0 0 0 0 0 0 0 0 0 0 0 0 0 0 0 0 0 0 0 0 0 0 0 0 0 0 0 0 0 0 0 0 0 0 0 0 0 0 0 0 0 0 0 0 0 0 0 0 0 0 0 0 0 0 0 0 0 0 0 0 0 0 0 0 0 0 0 0 0 0 0 0 0 0 0 0 0 0 0 0 0 0 0 0 0 0 0 0 0 0 0 0 0 0 0 0 0 0 0 0 0 0 0 0 0 0 0 0 0 0 0 0 0 0 0 0 0 0 0 0 0 0 0 0 0 0 0 0 0 0 0 0 0 0 0 0 0 0 0 0 0 0 0 0 0 0 0 0 0 0 0 0 0 0 0 0 0 0 0 0 0 0 0 0 0 0 0 2188 2189 2188 2189 2188 2189 2188 2189 2188 2189 2188 2189 2188 2189 2188 2189 0 0 0 0 0 0 0 0 0 0 0 0 0 0 0 0 0 0 0 0 0 0 0 0 0 0 0 0 0 0 0 0 0 0 0 0 0 0 0 0 0 0 0 0 0 0 0 0 0 0 0 0 0 0 0 0 0 0 0 0 0 0 0 0 0 0 0 0 0 0 0 0 0 0 0 0 0 0 0 0 0 0 0 0 0 0 0 0 0 0 0 0 0 0 0 0 0 0 0 0 0 0 0 0 0 0 0 0 0 0 0 0 0 0 0 0 0 0 0 0 0 0 0 0 0 0 0 0 0 0 0 0 0 0 0 0 0 0 0 0 0 0 0 0 0 0 0 0 0 0 0 0 0 0 0 0 0 0 0 0 0 0 0 0 0 0 0 0 0 0 0 0 0 0 0 0 0 0 0 0 0 0 0 0 0 0 0 0 0 0 0 0 0 0 0 0 0 0 0 0 0 0 0 0 0 0 0 0 0 0 0 0 0 0 0 0 0 0 0 0 0 0 0 0 0 0 0 0 0 2188 2189 2188 2189 2188 2189 2188 2189 2188 2189 2188 2189 2188 2189 2188 2189 2188 2189 2188 2189 2188 2189 2188 2189 0 0 0 0 0 0 0 0 0 0 0 0 0 0 0 0 2185 2200 2188 2189 2188 2189 2188 2189 2179 2190 0 0 0 0 0 0 0 0 0 0 0 0 0 0 0 2192 2188 2189 2188 2189 2188 2189 2188 2189 2189 2188 2189 2188 2189 2188 2189 2188 2188 2189 2190 0 0 0 0 0 0 0 0 0 0 0 0 0 0 0 0 0 0 0 0 0 0 0 0 0 0 0 0 0 0 0 0 0 0 0 0 0 0 0 0 0 0 0 0 0 0 0 0 0 0 0 0 0 0 0 0 0 0 0 0 0 0 0 0 0 0 0 0 0 0 0 0 0 0 0 0 0 0 0 0 0 0 0 0 0 0 0 0 0 0 0 0 0 0 0 0 0 0 0 0 0 0 0 0 0 0 0 0 0 0 0 0 0 0 0 0 0 0 0 0 0 0 0 0 0 0 0 0 0 0 0 0 0 0 0 0 0 0 0 0 0 0 0 0 0 0 0 0 0 0 0 0 0 0 0 0 0 0 0 0 0 0 0 0 0 0 0 0 0 0 0 0 0 0 0 0 0 0 0 0 0 0 0 0 0 0 0 0 0 0 2180 2181 2180 2181 2180 2181 2180 2181 2180 2181 2180 2181 2180 2181 2180 2181 0 0 0 0 0 0 0 0 0 0 0 0 0 0 0 0 0 2180 2181 2180 2181 2180 2181 2180 2181 0 0 0 0 0 0 0 0 0 0 0 0 0 0 0 0 0 0 0 0 0 0 0 0 0 0 0 0 0 0 0 0 0 0 0 0 0 0 0 0 0 0 0 0 0 0 0 0 0 0 0 0 0 0 0 0 0 0 0 0 0 0 0 0 0 0 0 0 0 0 0 0 0 0 0 0 0 0 0 0 0 0 0 0 0 0 0 0 0 0 0 0 0 0 0 0 0 0 0 0 0 0 0 0 0 0 0 0 0 0 0 0 0 0 0 0 0 0 0 0 0 0 0 0 0 0 0 0 0 0 0 0 0 0 0 0 0 0 0 0 0 0 0 0 0 0 0 0 0 0 0 0 2192 2179 2179 2179 2179 2190 0 0 0 0 0 0 0 0 0 0 0 0 0 0 0 0 0 0 0 0 0 0 0 0 0 0 0 0 0 0 0 0 0 0 0 0 0 0 0 0 0 0 0 0 0 0 2180 2181 2180 2181 2180 2181 2180 2181 2180 2181 2180 2181 2180 2181 2180 2181 2180 2181 2180 2181 2196 2196 2196 0 0 0 0 0 0 0 0 0 0 0 0 0 0 0 0 0 2192 2180 2181 2180 2181 2180 2181 2179 2179 2190 0 0 0 0 0 0 0 0 0 0 0 0 0 0 2185 2200 2180 2181 2180 2181 2180 2181 2180 2181 2181 2180 2181 2180 2181 2180 2181 2180 2181 2182 2194 0 0 0 0 0 0 0 0 0 0 0 0 0 0 0 0 0 0 0 0 0 0 0 0 0 0 0 0 0 0 0 0 0 0 0 0 0 0 0 0 0 0 0 0 0 0 0 0 0 0 0 0 0 0 0 0 0 0 0 0 0 0 0 0 0 0 0 0 0 0 0 0 0 0 0 0 0 0 0 0 0 0 0 0 0 0 0 0 0 0 0 0 0 0 0 0 0 0 0 0 0 0 0 0 0 0 0 0 0 0 0 0 0 0 0 0 0 0 0 0 0 0 0 0 0 0 0 0 0 0 0 0 0 0 0 0 0 0 0 0 0 0 0 0 0 0 0 0 0 0 0 0 0 0 0 0 0 0 0 0 0 0 0 0 0 0 0 0 0 0 0 0 0 0 0 0 0 0 0 0 0 0 0 0 0 0 0 0 0 0 2188 2189 2188 2189 2188 2189 2188 2189 2188 2189 2188 2189 2188 2189 2188 2189 0 0 0 0 0 0 0 0 0 0 0 0 0 0 0 0 2192 2188 2189 2188 2189 2188 2189 2188 2189 0 0 0 0 0 0 0 0 0 0 0 0 0 0 0 0 0 0 0 0 0 0 0 0 0 0 0 0 0 0 0 0 0 0 0 0 0 0 0 0 0 0 0 0 0 0 0 0 0 0 0 0 0 0 0 2180 2181 2180 2181 2180 2181 2180 2181 2180 0 0 0 0 0 0 0 0 0 0 0 0 0 0 0 0 0 0 0 0 0 0 0 0 0 0 0 0 0 0 0 0 0 0 0 0 0 0 0 0 0 0 0 0 0 0 0 0 0 0 2180 2181 2180 2181 2180 2190 0 0 0 0 0 0 0 0 0 0 0 0 0 0 0 0 0 0 0 0 0 0 0 0 0 0 0 0 0 0 0 0 2192 2179 2179 2189 2179 2190 0 0 0 0 0 0 0 0 0 0 0 0 0 0 0 0 0 0 0 0 0 0 0 0 0 0 0 0 0 0 0 0 0 0 0 0 0 0 0 0 0 0 0 0 0 0 2188 2189 2188 2189 2188 2189 2188 2189 2188 2189 2188 2189 2188 2189 2188 2189 2188 2189 2188 2189 2196 2196 2196 2190 0 0 0 0 0 0 0 0 0 0 0 0 0 0 0 2185 2200 2188 2189 2188 2189 2188 2189 2179 2182 2194 0 0 0 0 0 0 0 0 0 0 0 0 0 0 2192 2179 2188 2189 2188 2189 2188 2189 2188 2189 2189 2188 2189 2188 2189 2188 2189 2188 2189 2190 0 0 0 0 0 0 0 0 0 0 0 0 0 0 0 0 0 0 0 0 0 0 0 0 0 0 0 0 0 0 0 0 0 0 0 0 0 0 0 0 0 0 0 0 0 0 0 0 0 0 0 0 0 0 0 0 0 0 0 0 0 0 0 0 0 0 0 0 0 0 0 0 0 0 0 0 0 0 0 0 0 0 0 0 0 0 0 0 0 0 0 0 0 0 0 0 0 0 0 0 0 0 0 0 0 0 0 0 0 0 0 0 0 0 0 0 0 0 0 0 0 0 0 0 0 0 0 0 0 0 0 0 0 0 0 0 0 0 0 0 0 0 0 0 0 0 0 0 0 0 0 0 0 0 0 0 0 0 0 0 0 0 0 0 0 0 0 0 0 0 0 0 0 0 0 0 0 0 0 0 0 0 0 0 0 0 0 0 0 0 0 2180 2181 2180 2181 2180 2181 2180 2181 2180 2181 2180 2181 2180 2181 2180 2181 2190 0 0 0 0 0 0 0 0 0 0 0 0 0 0 0 2192 2188 2180 2181 2181 2180 2180 2181 2181 0 0 0 0 0 0 0 0 0 0 0 0 0 0 0 0 0 0 0 0 0 0 0 0 0 0 0 0 0 0 0 0 0 0 0 0 0 0 0 0 0 0 0 0 0 0 0 0 0 0 0 0 0 0 0 2188 2189 2188 2189 2188 2189 2188 2189 2188 0 0 0 0 0 0 0 0 0 0 0 0 0 0 0 0 0 0 0 0 0 0 0 0 0 0 0 0 0 0 0 0 0 0 0 0 0 0 0 0 0 0 0 0 0 0 0 0 0 2192 2188 2189 2188 2189 2188 2190 0 0 0 0 0 0 0 0 0 0 0 0 0 0 0 0 0 0 0 0 0 0 0 0 0 0 0 0 0 0 0 0 2193 2184 2179 2179 2179 2190 0 0 0 0 0 0 0 0 0 0 0 0 0 0 0 0 0 0 0 0 0 0 0 0 0 0 0 0 0 0 0 0 0 0 0 0 0 0 0 0 0 0 0 0 0 0 2180 2181 2180 2181 2180 2181 2180 2181 2180 2181 2180 2181 2180 2181 2180 2181 2180 2181 2180 2181 2196 2179 2196 2190 0 0 0 0 0 0 0 0 0 0 0 0 0 0 0 2192 2180 2181 2180 2181 2180 2181 2179 2182 2194 0 0 0 0 0 0 0 0 0 0 0 0 0 0 2185 2200 2179 2180 2181 2180 2181 2180 2181 2180 2181 2181 2180 2181 2180 2181 2180 2181 2180 2181 2190 0 0 0 0 0 0 0 0 0 0 0 0 0 0 0 0 0 0 0 0 0 0 0 0 0 0 0 0 0 0 0 0 0 0 0 0 0 0 0 0 0 0 0 0 0 0 0 0 0 0 0 0 0 0 0 0 0 0 0 0 0 0 0 0 0 0 0 0 0 0 0 0 0 0 0 0 0 0 0 0 0 0 0 0 0 0 0 0 2180 2181 2180 2181 2180 2181 0 0 0 0 0 0 0 0 0 0 0 0 0 0 0 0 0 0 0 0 0 0 0 0 0 0 0 0 0 0 0 0 0 0 0 0 0 0 0 0 0 0 0 0 0 0 0 0 0 0 0 0 0 0 0 0 0 0 0 0 0 0 0 0 0 0 0 0 0 0 0 0 0 0 0 0 0 0 0 0 0 0 0 0 0 0 0 0 0 0 0 0 0 0 0 0 0 2188 2189 2188 2189 2188 2189 2188 2189 2188 2189 2188 2189 2188 2189 2188 2189 2190 0 0 0 0 0 0 0 0 0 0 0 0 0 0 0 2193 2184 2188 2189 2189 2188 2188 2189 2189 0 0 0 0 0 2180 2181 2180 2181 2180 2181 2180 2181 2180 2181 2180 2181 2180 2190 0 0 0 0 0 0 0 0 0 0 0 0 0 0 0 0 0 0 0 0 0 0 0 0 0 0 0 0 0 0 0 0 0 0 0 0 2180 2181 2180 2181 2180 2181 2180 2181 2180 0 0 0 0 0 0 0 0 0 0 0 0 0 0 0 0 0 0 0 0 0 0 0 0 0 0 0 0 0 0 0 0 0 0 0 0 0 0 0 0 0 0 0 0 0 0 0 0 0 2192 2180 2181 2180 2181 2182 2194 0 0 0 0 0 0 0 0 0 0 0 0 0 0 0 0 0 0 0 0 0 0 0 0 0 0 0 0 0 0 0 0 0 2192 2189 2179 2182 2194 0 0 0 0 0 0 0 0 0 0 0 0 0 0 0 0 0 0 0 0 0 0 0 0 0 0 0 0 0 0 0 0 0 0 0 0 0 0 0 0 0 0 0 0 0 0 2188 2189 2188 2189 2188 2189 2188 2189 2188 2189 2188 2189 2188 2189 2188 2189 2188 2189 2188 2189 2179 2196 2182 2194 0 0 0 0 0 0 0 0 0 0 0 0 0 0 0 2192 2188 2189 2188 2189 2188 2189 2179 2190 0 0 0 0 0 0 0 0 0 0 0 0 0 0 2185 2200 2180 2181 2188 2189 2188 2189 2188 2189 2188 2189 2189 2188 2189 2188 2189 2188 2189 2188 2189 2198 2186 0 0 0 0 0 0 0 0 0 0 0 0 0 0 0 0 0 0 0 0 0 0 0 0 0 0 0 0 0 0 0 0 0 0 0 0 0 0 0 0 0 0 0 0 0 0 0 0 0 0 0 0 0 0 0 0 0 0 0 0 0 0 0 0 0 0 0 0 0 0 0 0 0 0 0 0 0 0 0 0 0 0 0 0 0 0 0 2188 2189 2188 2189 2188 2189 2179 2190 0 0 0 0 0 0 0 0 0 0 0 0 0 0 0 0 0 0 0 0 0 0 0 0 0 0 0 0 0 0 0 0 0 0 0 0 0 0 0 0 0 0 0 0 0 0 0 0 0 0 0 0 0 0 0 0 0 0 0 0 0 2192 2180 2181 2180 2181 2180 2181 0 0 0 0 0 0 0 0 0 0 0 0 0 0 0 0 0 0 0 0 0 0 0 0 0 0 0 2180 2181 2180 2181 2180 2181 2180 2181 2180 2180 2181 2180 2181 2180 2181 2182 2194 0 0 0 0 0 0 0 0 0 0 0 0 0 0 0 0 2192 2180 2181 2180 2181 2180 2180 2181 0 0 0 0 0 2188 2189 2188 2189 2188 2189 2188 2189 2188 2189 2188 2189 2188 2190 0 0 0 0 0 0 0 0 0 0 0 0 0 0 0 0 0 0 0 0 0 0 0 0 0 0 0 0 0 0 0 0 0 0 0 0 2188 2189 2188 2189 2188 2189 2188 2189 2188 0 0 0 0 0 0 0 0 0 0 0 0 0 0 0 0 0 0 0 0 0 0 0 0 0 0 0 0 0 0 0 0 0 0 0 0 0 0 0 0 0 0 0 0 0 0 0 0 0 2193 2184 2180 2181 2182 2194 0 0 0 0 0 0 0 0 0 0 0 0 0 0 0 0 0 0 0 0 0 0 0 0 0 0 0 0 0 0 0 0 0 0 2192 2189 2179 2190 0 0 0 0 0 0 0 0 0 0 0 0 0 0 0 0 0 0 0 0 0 0 0 0 0 0 0 0 0 0 0 0 0 0 0 0 0 0 0 0 0 0 0 0 0 0 0 2180 2181 2180 2181 2180 2181 2180 2181 2180 2181 2180 2181 2180 2181 2180 2181 2180 2181 2180 2181 2179 2182 2194 0 0 0 0 0 0 0 0 0 0 0 0 0 0 0 0 0 2180 2181 2180 2181 2180 2181 2179 2190 0 0 0 0 0 0 0 0 0 0 0 0 0 0 2192 2179 2188 2189 2180 2181 2180 2181 2180 2181 2180 2181 2181 2180 2181 2180 2181 2180 2181 2180 2181 0 0 0 0 0 0 0 0 0 0 0 0 0 0 0 0 0 0 0 0 0 0 0 0 0 0 0 0 0 0 0 0 0 0 0 0 0 0 0 0 0 0 0 0 0 0 0 0 0 0 0 0 0 0 0 0 0 0 0 0 0 0 0 0 0 0 0 0 0 0 0 0 0 0 0 0 0 0 0 0 0 0 0 0 0 0 0 0 2192 2180 2181 2180 2181 2180 2181 2179 2190 0 0 0 0 0 0 0 0 0 0 0 0 0 0 0 0 0 0 0 0 0 0 0 0 0 0 0 0 0 0 0 0 0 0 0 0 0 0 0 0 0 0 0 0 0 0 0 0 0 0 0 0 0 0 0 0 0 0 0 0 0 2192 2188 2189 2188 2189 2188 2189 2196 0 0 0 0 0 0 0 0 0 0 0 0 0 0 0 0 0 0 0 0 0 0 0 0 0 0 2188 2189 2188 2189 2188 2189 2188 2189 2188 2188 2189 2188 2189 2188 2189 2190 0 0 0 0 0 0 0 0 0 0 0 0 0 0 0 0 0 2192 2188 2189 2188 2189 2188 2188 2189 0 0 0 0 0 2180 2181 2180 2181 2180 2181 2180 2181 2180 2181 2180 2181 2180 2198 2186 0 0 0 0 0 0 0 0 0 0 0 0 0 0 0 0 0 0 0 0 0 0 0 0 0 0 0 0 0 0 0 0 0 0 0 2180 2181 2180 2181 2180 2181 2180 2181 2180 2190 0 0 0 0 0 0 0 0 0 0 0 0 0 0 0 0 0 0 0 0 0 0 0 0 0 0 0 0 0 0 0 0 0 0 0 0 0 0 0 0 0 0 0 0 0 0 0 0 0 2192 2188 2189 2190 0 0 0 0 0 0 0 0 0 0 0 0 0 0 0 0 0 0 0 0 0 0 0 0 0 0 0 0 0 0 0 0 0 0 2185 2200 2189 2179 2190 0 0 0 0 0 0 0 0 0 0 0 0 0 0 0 0 0 0 0 0 0 0 0 0 0 0 0 0 0 0 0 0 0 0 0 0 0 0 0 0 0 0 0 0 0 0 0 2188 2189 2188 2189 2188 2189 2188 2189 2188 2189 2188 2189 2188 2189 2188 2189 2188 2189 2188 2189 2196 2190 0 0 0 0 0 0 0 0 0 0 0 0 0 0 0 0 0 0 2188 2189 2188 2189 2188 2189 2179 2198 2186 0 0 0 0 0 0 0 0 0 0 0 0 0 0 2179 2180 2181 2188 2189 2188 2189 2188 2189 2188 2189 2189 2188 2189 2188 2189 2188 2189 2188 2180 2181 2180 2181 2180 2181 2180 2181 0 0 0 0 0 0 0 0 0 0 0 0 0 0 0 0 0 0 0 0 0 0 0 0 0 0 0 0 0 0 0 0 0 0 0 0 0 0 0 0 0 0 0 0 0 0 0 0 0 0 0 0 0 0 0 0 0 0 0 0 0 0 0 0 0 0 0 0 0 0 0 0 0 0 0 0 0 0 0 0 0 2192 2188 2189 2188 2189 2188 2189 2182 2194 0 0 0 0 0 0 0 0 0 0 0 0 0 0 0 0 0 0 0 0 0 0 0 0 0 0 0 0 0 0 0 0 0 0 0 0 0 0 0 0 0 0 0 0 0 0 0 0 0 0 0 0 0 0 0 0 0 0 0 0 0 2192 2180 2181 2180 2181 2196 2196 2182 0 0 0 0 0 0 0 0 0 0 0 0 0 0 0 0 0 0 0 0 0 0 0 0 0 0 2180 2181 2180 2181 2180 2181 2180 2181 2180 2181 2180 2181 2180 2180 2181 2190 0 0 0 0 0 0 0 0 0 0 0 0 0 0 0 0 0 2192 2180 2181 2180 2181 2180 2180 2181 0 0 0 0 0 2188 2189 2188 2189 2188 2189 2188 2189 2188 2189 2188 2189 2188 2180 2190 0 0 0 0 0 1628 1629 0 0 0 0 0 0 0 0 0 0 0 0 0 0 0 0 0 0 0 0 0 0 0 0 0 0 0 0 2188 2189 2188 2189 2188 2189 2188 2189 2188 2190 0 0 0 0 0 0 0 0 0 0 0 0 0 0 0 0 0 0 0 0 0 0 0 0 0 0 0 0 0 0 0 0 0 0 0 0 0 0 0 0 0 0 0 0 0 0 0 0 0 2192 2180 2181 2190 0 0 0 0 0 0 0 0 0 0 0 0 0 0 0 0 0 0 0 0 0 0 0 0 0 0 0 0 0 0 0 0 0 0 2192 2179 2179 2179 2198 2186 0 0 0 0 0 0 0 0 0 0 0 0 0 0 0 0 0 0 0 0 0 0 0 0 0 0 0 0 0 0 0 0 0 0 0 0 0 0 0 0 0 0 0 0 0 0 2180 2181 2180 2181 2180 2181 2180 2181 2180 2181 2180 2181 2180 2181 2180 2181 2180 2181 2180 2181 2196 2190 0 0 0 0 0 0 0 0 0 0 0 0 0 0 0 0 0 0 0 0 0 0 0 0 0 0 0 0 0 0 0 0 0 0 0 0 0 0 0 0 0 0 2188 2189 2179 2182 2183 2183 0 0 0 2179 2181 2180 2181 2180 2181 2180 2181 2180 2188 2189 2188 2189 2188 2189 2188 2189 2179 0 0 0 0 0 0 0 0 0 0 0 0 0 0 0 0 0 0 0 0 0 0 0 0 0 0 0 0 0 0 0 0 0 0 0 0 0 0 0 0 0 0 0 0 0 0 0 0 0 0 0 0 0 0 0 0 0 0 0 0 0 0 0 0 0 0 0 0 0 0 0 0 0 0 0 0 0 0 0 0 2192 2180 2181 2180 2181 2180 2181 2190 0 0 0 0 0 0 0 0 0 0 0 0 0 0 0 0 0 0 0 0 0 0 0 0 0 0 0 0 0 0 0 0 0 0 0 0 0 0 0 0 0 0 0 0 0 0 0 0 0 0 0 0 0 0 0 0 0 0 0 0 0 2185 2200 2188 2189 2188 2189 2196 2182 2194 0 0 0 0 0 0 0 0 0 0 0 0 0 0 0 0 0 0 0 0 0 0 0 0 0 0 2188 2189 2188 2189 2188 2189 2188 2189 2188 2189 2188 2189 2188 2188 2189 2190 0 0 0 0 0 0 0 0 0 0 0 0 0 0 0 0 2185 2200 2188 2189 2188 2189 2188 2188 2189 0 0 0 0 0 2180 2181 2180 2181 2180 2181 2180 2181 2180 2181 2180 2181 2180 2188 2198 2186 0 0 0 0 1630 1631 0 0 0 0 0 0 0 0 0 0 0 0 0 0 0 0 0 0 0 0 0 0 0 0 0 0 0 2192 2180 2181 2180 2181 2180 2181 2180 2181 2180 2190 0 0 0 0 0 0 0 0 0 0 0 0 0 0 0 0 0 0 0 0 0 0 0 0 0 0 0 0 0 0 0 0 0 0 0 0 0 0 0 0 0 0 0 0 0 0 0 0 0 2192 2188 2189 2198 2186 0 0 0 0 0 0 0 0 0 0 0 0 0 0 0 0 0 0 0 0 0 0 0 0 0 0 0 0 0 0 0 0 0 2192 2179 2189 2179 2179 2190 0 0 0 0 0 0 0 0 0 0 0 0 0 0 0 0 0 0 0 0 0 0 0 0 0 0 0 0 0 0 0 0 0 0 0 0 0 0 0 0 0 0 0 0 0 0 2188 2189 2188 2189 2188 2189 2188 2189 2188 2189 2188 2189 2188 2189 2188 2189 2188 2189 2188 2189 2196 2198 2186 0 0 0 0 0 0 0 0 0 0 0 0 0 0 0 0 0 0 0 0 0 0 0 0 0 0 0 0 0 0 0 0 0 0 0 0 0 0 0 0 0 2179 2182 2183 2194 0 0 0 0 0 2179 2189 2188 2189 2188 2189 2188 2189 2188 2189 2188 2189 2188 2189 2188 2189 2188 2179 2179 0 0 0 0 0 0 0 0 0 0 0 0 0 0 0 0 0 0 0 0 0 0 0 0 0 0 0 0 0 0 0 0 0 0 0 0 0 0 0 0 0 0 0 0 0 0 0 0 0 0 0 0 0 0 0 0 0 0 0 0 0 0 0 0 0 0 0 0 0 0 0 0 0 0 0 0 0 0 2185 2200 2188 2189 2188 2189 2188 2189 2190 0 0 0 0 0 0 0 0 0 0 0 0 0 0 0 0 0 0 0 0 0 0 0 0 0 0 0 0 0 0 0 0 0 0 0 0 0 0 0 0 0 0 0 0 0 0 0 0 0 0 0 0 0 0 0 0 0 0 0 0 0 2192 2180 2181 2180 2181 2179 2196 2190 0 0 0 0 0 0 0 0 0 0 0 0 0 0 0 0 0 0 0 0 0 0 0 0 0 0 0 0 0 0 0 0 0 2180 2181 2180 2181 2180 2181 2180 2180 2181 2198 2186 0 0 0 0 0 0 0 0 0 0 0 0 0 0 0 2192 2180 2181 2179 2179 2182 2183 2183 0 0 0 0 0 0 2188 2189 2188 2189 2188 2189 2188 2189 2188 2189 2188 2189 2188 2180 2180 2190 0 0 0 0 0 0 0 0 0 0 0 0 0 0 0 0 0 0 0 0 0 0 0 0 0 0 0 0 0 0 0 0 0 2192 2180 2181 2180 2181 2180 2181 2180 2181 2182 2194 0 0 0 0 0 0 0 0 0 0 0 0 0 0 0 0 0 0 0 0 0 0 0 0 0 0 0 0 0 0 0 0 0 0 0 0 0 0 0 0 0 0 0 0 0 0 0 0 2185 2200 2180 2181 2180 2190 0 0 0 0 0 0 0 0 0 0 0 0 0 0 0 0 0 0 0 0 0 0 0 0 0 0 0 0 0 0 0 0 2185 2200 2179 2179 2189 2179 2198 2186 0 0 0 0 0 0 0 0 0 0 0 0 0 0 0 0 0 0 0 0 0 0 0 0 0 0 0 0 0 0 0 0 0 0 0 0 0 0 0 0 0 0 0 0 0 2180 2181 2180 2181 2180 2181 2180 2181 2180 2181 2180 2181 2180 2181 2180 2181 2180 2181 2180 2181 2180 2181 2198 2186 0 0 0 0 0 0 0 0 0 0 0 0 0 0 0 0 0 0 0 0 0 0 0 0 0 0 0 0 0 0 0 0 0 0 0 0 0 0 0 0 2183 2194 0 0 0 0 0 0 0 2179 2181 2180 2181 2180 2181 2180 2181 2180 2181 2180 2181 2180 2181 2180 2181 2180 2179 2179 0 0 0 0 0 0 0 0 0 0 0 0 0 0 0 0 0 0 0 0 0 0 0 0 0 0 0 0 0 0 0 0 0 0 0 0 0 0 0 0 0 0 0 0 0 0 0 0 0 0 0 0 0 0 0 0 0 0 0 0 0 0 0 0 0 0 0 0 0 0 0 0 0 0 0 0 0 0 2192 2179 2180 2181 2180 2181 2180 2181 2198 2186 0 0 0 0 0 0 0 0 0 0 0 0 0 0 0 0 0 0 0 0 0 0 0 0 0 0 0 0 0 0 0 0 0 0 0 0 0 0 0 0 0 0 0 0 0 0 0 0 0 0 0 0 0 0 0 0 0 0 0 2185 2200 2188 2189 2188 2189 2179 2182 2194 0 0 0 0 0 0 0 0 0 0 0 0 0 0 0 0 0 0 0 0 0 0 0 0 0 0 0 0 0 0 0 0 0 2188 2189 2188 2189 2188 2189 2188 2188 2189 2181 2190 0 0 0 0 0 0 0 0 0 0 0 0 0 0 0 0 2188 2189 2182 2183 2194 0 0 0 0 0 0 0 0 0 2180 2181 2180 2181 2180 2181 2180 2181 2180 2181 2180 2181 2180 2180 2190 0 0 0 0 0 0 0 0 0 0 0 0 0 0 0 0 0 0 0 0 0 0 0 0 0 0 0 0 0 0 0 0 0 2192 2188 2189 2188 2189 2188 2189 2188 2189 2190 0 0 0 0 0 0 0 0 0 0 0 0 0 0 0 0 0 0 0 0 0 0 0 0 0 0 0 0 0 0 0 0 0 0 0 0 0 0 0 0 0 0 0 0 0 0 0 0 2185 2200 2180 2188 2189 2180 0 0 0 0 0 0 0 0 0 0 0 0 0 0 0 0 0 0 0 0 0 0 0 0 0 0 0 0 0 0 0 0 0 2192 2179 2189 2179 2179 2179 2179 2198 2186 0 0 0 0 0 0 0 0 0 0 0 0 0 0 0 0 0 0 0 0 0 0 0 0 0 0 0 0 0 0 0 0 0 0 0 0 0 0 0 0 0 0 0 0 2188 2189 2188 2189 2188 2189 2188 2189 2188 2189 2188 2189 2188 0 0 0 0 2189 2188 2189 2188 2189 0 0 0 0 0 0 0 0 0 0 0 0 0 0 0 0 0 0 0 0 0 0 0 0 0 0 0 0 0 0 0 0 0 0 0 0 0 0 0 0 0 0 0 0 0 0 0 0 0 0 0 2179 2181 2180 2181 2180 2181 2180 2181 2180 2181 2180 2181 2180 2181 2180 2181 2180 2181 2179 0 0 0 0 0 0 0 0 0 0 0 0 0 0 0 0 0 0 0 0 0 0 0 0 0 0 0 0 0 0 0 0 0 0 0 0 0 0 0 0 0 0 0 0 0 0 0 0 0 0 0 0 0 0 0 0 0 0 0 0 0 0 0 0 0 0 0 0 0 0 0 0 0 0 0 0 0 0 2192 2179 2188 2189 2188 2189 2188 2189 2179 2190 0 0 0 0 0 0 0 0 0 0 0 0 0 0 0 0 0 0 0 0 0 0 0 0 0 0 0 0 0 0 0 0 0 0 0 0 0 0 0 0 0 0 0 0 0 0 0 0 0 0 0 0 0 0 0 0 0 0 0 2192 2180 2181 2180 2181 2180 2181 2190 0 0 0 0 0 0 0 0 0 0 0 0 0 0 0 0 0 0 0 0 0 0 0 0 0 0 0 0 0 0 0 0 0 2192 2188 2189 2188 2189 2188 2189 2188 2189 2188 2189 2198 2186 0 0 0 0 0 0 0 0 0 0 0 0 0 0 0 2179 2182 2194 0 0 0 0 0 0 0 0 0 0 0 2188 2189 2188 2189 2188 2189 2188 2189 2188 2189 2188 2189 2188 0 0 0 0 0 0 0 0 0 0 0 0 0 0 0 0 0 0 0 0 0 0 0 0 0 0 0 0 0 0 0 0 0 0 2185 2200 2180 2181 2180 2181 2180 2181 2180 2181 2190 0 0 0 0 0 0 0 0 0 0 0 0 0 0 0 0 0 0 0 0 0 0 0 0 0 0 0 0 0 0 0 0 0 0 0 0 0 0 0 0 0 0 0 0 0 0 0 0 2192 2180 2181 2180 2181 0 0 0 0 0 0 0 0 0 0 0 0 0 0 0 0 0 0 0 0 0 0 0 0 0 0 0 0 0 0 0 0 0 0 0 0 2179 0 2179 2179 2179 2179 2190 0 0 0 0 0 0 0 0 0 0 0 0 0 0 0 0 0 0 0 0 0 0 0 0 0 0 0 0 0 0 0 0 0 0 0 0 0 0 0 0 0 0 0 0 0 0 0 0 0 0 0 0 0 0 0 0 0 0 0 0 0 0 0 0 0 0 0 0 0 0 0 0 0 0 0 0 0 0 0 0 0 0 0 0 0 0 0 0 0 0 0 0 0 0 0 0 0 0 0 0 0 0 0 0 0 0 0 0 0 0 0 0 0 0 0 0 0 2179 2189 2188 2189 2188 2189 2188 2189 2188 2189 2188 2189 2188 2189 2188 2189 2188 2189 2179 0 0 0 0 0 0 0 0 0 0 0 0 0 0 0 0 0 0 0 0 0 0 0 0 0 0 0 0 0 0 0 0 0 0 0 0 0 0 0 0 0 0 0 0 0 0 0 0 0 0 0 0 0 0 0 0 0 0 0 0 0 0 0 0 0 0 0 0 0 0 0 0 0 0 0 0 0 2185 2200 2179 2180 2181 2180 2181 2180 2181 2182 2194 0 0 0 0 0 0 0 0 0 0 0 0 0 0 0 0 0 0 0 0 0 0 0 0 0 0 0 0 0 0 0 0 0 0 0 0 0 0 0 0 0 0 0 0 0 0 0 0 0 0 0 0 0 0 0 0 0 0 0 2192 2188 2189 2188 2189 2188 2189 2190 0 0 0 0 0 0 0 0 0 0 0 0 0 0 0 0 0 0 0 0 0 0 0 0 0 0 0 0 0 0 0 0 0 2193 2184 2180 2181 2180 2181 2180 2181 2180 2181 0 0 0 0 0 0 0 0 0 0 0 0 0 0 0 0 0 0 2183 2194 0 0 0 0 0 0 0 0 0 0 0 2192 2180 2181 2180 2181 2180 2181 2180 2181 2180 2181 2180 2181 2180 2181 2180 2181 2180 2181 2180 0 0 0 0 0 0 0 0 0 0 0 0 0 0 0 0 0 0 0 0 0 0 0 0 0 0 0 0 2192 2180 2181 2180 2181 2180 2181 2180 2181 2182 2194 0 0 0 0 0 0 0 0 0 0 0 0 0 0 0 0 0 0 0 0 0 0 0 0 0 0 0 0 0 0 0 0 0 0 0 0 0 0 0 0 0 0 0 0 0 0 0 0 0 0 0 0 0 0 0 0 0 0 0 0 0 0 0 0 0 0 0 0 0 0 0 0 0 0 0 0 0 0 0 0 0 0 0 0 0 0 0 0 0 0 0 0 0 0 0 0 0 0 0 0 0 0 0 0 0 0 0 0 0 0 0 0 0 0 0 0 0 0 0 0 0 0 0 0 0 0 0 0 0 0 0 2192 2179 0 0 0 0 0 0 0 0 0 0 0 0 0 2179 2179 2179 2179 2179 2179 2190 0 0 0 0 0 0 0 0 0 0 0 0 0 0 0 0 0 0 0 0 0 0 0 0 0 0 0 0 0 0 0 0 0 0 0 0 0 0 0 0 0 0 0 0 0 0 0 0 0 0 0 0 0 0 0 0 0 0 0 0 2179 2179 2180 2181 2180 2181 2180 2181 2180 2181 2180 2181 2180 2181 2180 2181 2180 2181 2179 0 0 0 0 0 0 0 0 0 0 0 0 0 0 0 0 0 0 0 0 0 0 0 0 0 0 0 0 0 0 0 0 0 0 0 0 0 0 0 0 0 0 0 0 0 0 0 0 0 0 0 0 0 0 0 0 0 0 0 0 0 0 0 0 0 0 0 0 0 0 0 0 0 0 0 0 0 2192 2180 2181 2188 2189 2188 2189 2188 2189 2190 0 0 0 0 0 0 0 0 0 0 0 0 0 0 0 0 0 0 0 0 0 0 0 0 0 0 0 0 0 0 0 0 0 0 0 0 0 0 0 0 0 0 0 0 0 0 0 0 0 0 0 0 0 0 0 0 0 0 0 2185 2200 2180 2181 2180 2181 2180 2181 2198 2186 0 0 0 0 0 0 0 0 0 0 0 0 0 0 0 2192 2179 2179 2179 2190 0 0 0 0 0 0 0 0 0 0 0 0 0 2192 2188 2189 2188 2189 2188 2189 2188 2189 0 0 0 0 0 0 0 0 2180 2181 2180 2181 2180 2181 2180 2181 2190 0 0 0 0 0 0 0 0 0 0 0 0 0 0 2192 2188 2189 2188 2189 2188 2189 2188 2189 2188 2189 2188 2189 2188 2189 2188 2189 2188 2189 2188 0 0 0 0 0 0 0 0 0 0 0 0 0 0 0 0 0 0 0 0 0 0 0 0 0 0 0 0 2192 2188 2189 2188 2189 2188 2189 2188 2189 2190 0 0 0 0 0 0 0 0 0 0 0 0 0 0 0 0 0 0 0 0 0 0 0 0 0 0 0 0 0 0 0 0 0 0 0 0 0 0 0 0 0 0 0 0 0 0 0 0 0 0 0 0 0 0 0 0 0 0 0 0 0 0 0 0 0 0 0 0 0 0 0 0 0 0 0 0 0 0 0 0 0 0 0 0 0 0 0 0 0 0 0 0 0 0 0 0 0 0 0 0 0 0 0 0 0 0 0 0 0 0 0 0 0 0 0 0 0 0 0 0 0 0 0 0 0 0 0 0 0 0 0 0 2192 2179 2190 0 0 0 0 0 0 0 0 0 0 0 0 2179 2179 2179 2179 2179 2179 2190 0 0 0 0 0 0 0 0 0 0 0 0 0 0 0 0 0 0 0 0 0 0 0 0 2180 2181 2180 2181 2180 2181 2180 2181 2180 2181 2180 2181 2180 2181 2180 2181 2180 2181 2180 2181 2180 2181 2179 2179 0 0 0 0 0 0 0 0 0 0 0 0 0 2179 2179 2189 2188 2189 2188 2189 2188 2189 2188 2189 2188 2189 2188 2189 2188 2189 2179 0 0 0 0 0 0 0 0 0 0 0 0 0 0 0 0 0 0 0 0 0 0 0 0 0 0 0 0 0 0 0 0 0 0 0 0 0 0 0 0 0 0 0 0 0 0 0 0 0 0 0 0 0 0 0 0 0 0 0 0 0 0 0 0 0 0 0 0 0 0 0 0 0 0 0 0 0 2192 2188 2189 2180 2181 2180 2181 2180 2181 2190 0 0 0 0 0 0 0 0 0 0 0 0 0 0 0 0 0 0 0 0 0 0 0 0 0 0 0 0 0 0 0 0 0 0 0 0 0 0 0 0 0 0 0 0 0 0 0 0 0 0 0 0 0 0 0 0 0 0 0 2192 2180 2181 2180 2188 2189 2188 2189 2181 2190 0 0 0 0 0 0 0 0 0 0 0 0 0 0 0 2193 2184 2179 2182 2194 0 0 0 0 0 0 0 0 0 0 0 0 0 2193 2184 2180 2181 2180 2181 2180 2180 2181 0 0 0 0 0 0 0 0 2188 2189 2188 2189 2188 2189 2188 2189 2190 0 0 0 0 0 0 0 0 0 0 0 0 0 0 2192 2180 2181 2180 2181 2180 2181 2180 2181 2180 2181 2180 2181 2180 2181 2180 2181 2180 2181 2180 0 0 0 0 0 0 0 0 0 0 0 0 0 0 0 0 0 0 0 0 0 0 0 0 0 0 0 0 2192 2180 2181 2180 2181 2180 2181 2180 2181 2190 0 0 0 0 0 0 0 0 0 0 0 0 0 0 0 0 0 0 0 0 0 0 0 0 0 0 0 0 0 0 0 0 0 0 0 0 0 0 0 0 0 0 0 0 0 0 0 0 0 0 0 0 0 0 0 0 0 0 0 0 0 0 0 0 0 0 0 0 0 0 0 0 0 0 0 0 0 0 0 0 0 0 0 0 0 0 0 0 0 0 0 0 0 0 0 0 0 0 0 0 0 0 0 0 0 0 0 0 0 0 0 0 0 0 0 0 0 0 0 0 0 0 0 0 0 0 0 0 0 0 0 2185 2200 2179 2190 0 0 0 0 0 0 0 0 0 0 0 2192 2179 2179 2180 2181 2179 2182 2194 0 0 0 0 0 0 0 0 0 0 0 0 0 0 0 0 0 0 0 0 0 0 0 0 2188 2189 2188 2189 2188 2189 2188 2189 2188 2189 2188 2189 2188 2189 2188 2189 2188 2189 2188 2189 2188 2189 2179 2179 0 0 0 0 0 0 0 0 0 0 0 0 0 0 2179 2179 2180 2181 2180 2181 2180 2181 2180 2181 2180 2181 2180 2181 2180 2181 2179 0 0 0 0 0 0 0 0 0 0 0 0 0 0 0 0 0 0 0 0 0 0 0 0 0 0 0 0 0 0 0 0 0 0 0 0 0 0 0 0 0 0 0 0 0 0 0 0 0 0 0 0 0 0 0 0 0 0 0 0 0 0 0 0 0 0 0 0 0 0 0 0 0 0 0 0 0 2193 2184 2179 2188 2189 2188 2189 2188 2189 2198 0 0 0 0 0 0 0 0 0 0 0 0 0 0 0 0 0 0 0 0 0 0 0 0 0 0 0 0 0 0 0 0 0 0 0 0 0 0 0 0 0 0 0 0 0 0 0 0 0 0 0 0 0 0 0 0 0 0 0 2192 2188 2189 2188 2189 2188 2189 2188 2189 2198 2186 0 0 0 0 0 0 0 0 0 0 0 0 0 0 0 2192 2179 2190 0 0 0 0 0 0 0 0 0 0 0 0 0 0 0 2192 2180 2181 2188 2189 2188 2188 2189 0 0 0 0 0 0 0 0 2180 2181 2180 2181 2180 2181 2179 2182 2194 0 0 0 0 0 0 0 0 0 0 0 0 0 2185 2200 2188 2189 2188 2189 2188 2189 2188 2189 2188 2189 2188 2189 2188 2189 2188 2189 2188 2189 2188 0 0 0 0 0 0 0 0 0 0 0 0 0 0 0 0 0 0 0 0 0 0 0 0 0 0 0 0 2192 2188 2189 2188 2189 2188 2189 2188 2189 2190 0 0 0 0 0 0 0 0 0 0 0 0 0 0 0 0 0 0 0 0 0 0 0 0 0 0 0 0 0 0 0 0 0 0 0 0 0 0 0 0 0 0 0 0 0 0 0 0 0 0 0 0 0 0 0 0 0 0 0 0 0 0 0 0 0 0 0 0 0 0 0 0 0 0 0 0 0 0 0 0 0 0 0 0 0 0 0 0 0 0 0 0 0 0 0 0 0 0 0 0 0 0 0 0 0 0 0 0 0 0 0 0 0 0 0 0 0 0 0 0 0 0 0 0 0 0 0 0 0 0 0 2192 2179 2182 2194 0 0 0 0 0 0 0 0 0 0 0 2192 2179 2179 2188 2189 2179 2190 0 0 0 0 0 0 0 0 0 0 0 0 0 0 0 0 0 0 0 0 0 0 0 0 0 2180 2181 2180 2181 2180 2181 2180 2181 2180 2181 2180 2181 2180 2181 2180 2181 2180 2181 2180 2181 2180 2181 2179 2179 0 0 0 0 0 0 0 0 0 0 0 0 0 0 0 0 2179 2179 2188 2189 2188 2189 2188 2189 2188 2189 2188 2189 2188 2189 2179 0 0 0 0 0 0 0 0 0 0 0 0 0 0 0 0 0 0 0 0 0 0 0 0 0 0 0 0 0 0 0 0 0 0 0 0 0 0 0 0 0 0 0 0 0 0 0 0 0 0 0 0 0 0 0 0 0 0 0 0 0 0 0 0 0 0 0 0 0 0 0 0 0 0 0 0 0 0 2192 2179 2180 2181 2180 2181 2180 2181 0 2186 0 0 0 0 0 0 0 0 0 0 0 0 0 0 0 0 0 0 0 0 0 0 0 0 0 0 0 0 0 0 0 0 0 0 0 0 0 0 0 0 0 0 0 0 0 0 0 0 0 0 0 0 0 0 0 0 0 0 0 0 0 0 0 2180 2181 2180 2181 2179 2198 2186 0 0 0 0 0 0 0 0 0 0 0 0 0 0 2192 2179 2190 0 0 0 0 0 0 0 0 0 0 0 0 0 0 0 2192 2188 2189 2181 2180 2181 2180 2181 0 0 0 0 0 0 0 0 2188 2189 2188 2189 2188 2189 2179 2190 0 0 0 0 0 0 0 0 0 0 0 0 2185 2199 2200 2180 2180 2181 2180 2181 2180 2181 2180 2181 2180 2181 2180 2181 2180 2181 2180 2181 2180 2181 2180 0 0 0 0 0 0 0 0 0 0 0 0 0 0 0 0 0 0 0 0 0 0 0 0 0 0 0 0 0 0 0 0 0 0 0 0 0 0 0 0 0 0 0 0 0 0 0 0 0 0 0 0 0 0 0 0 0 0 0 0 0 0 0 0 0 0 0 0 0 0 0 0 0 0 0 0 0 0 0 0 0 0 0 0 0 0 0 0 0 0 0 0 0 0 0 0 0 0 0 0 0 0 0 0 0 0 0 0 0 0 0 0 0 0 0 0 0 0 0 0 0 0 0 0 0 0 0 0 0 0 0 0 0 0 0 0 0 0 0 0 0 0 0 0 0 0 0 0 0 0 0 0 0 0 0 0 0 0 0 0 0 0 0 0 0 0 0 0 0 2192 2179 2190 0 0 0 0 0 0 0 0 0 0 0 0 2193 2184 2179 2179 2179 2182 2194 0 0 0 0 0 0 0 0 0 0 0 0 0 0 0 0 0 0 0 0 0 0 0 0 0 2188 2189 2188 2189 2188 2189 2188 2189 2188 2189 2188 2189 2188 2189 2188 2189 2188 2189 2188 2189 2188 2189 2179 2179 0 0 0 0 0 0 0 0 0 0 0 0 0 0 0 0 0 0 2179 2179 2180 2181 2180 2181 2180 2181 2180 2181 2180 2181 2179 0 0 0 0 0 0 0 0 0 0 0 0 0 0 0 0 0 0 0 0 0 0 0 0 0 0 0 0 0 0 0 0 0 0 0 0 0 0 0 0 0 0 0 0 0 0 0 0 0 0 0 0 0 0 0 0 0 0 0 0 0 0 0 0 0 0 0 0 0 0 0 0 0 0 0 0 0 0 2192 2179 2188 2189 2188 2189 2188 2189 0 0 0 0 0 0 0 0 0 0 0 0 0 0 0 0 0 0 0 0 0 0 0 0 0 0 0 0 0 0 0 0 0 0 0 0 0 0 0 0 0 0 0 0 0 0 0 0 0 0 0 0 0 0 0 0 0 0 0 0 0 0 0 0 0 2188 2189 2188 2189 2180 2181 2190 0 0 0 0 0 0 0 0 0 0 0 0 0 2185 2200 2179 2198 2186 0 0 0 0 0 0 0 0 0 0 0 0 0 0 2193 2184 2188 2189 2188 2189 2188 2189 0 0 0 0 0 0 0 0 2180 2181 2180 2181 2180 2181 2179 2198 2186 0 0 0 0 0 0 0 0 0 0 2185 2200 2180 2181 2180 2188 2189 2188 2189 2188 2189 2188 2189 2188 2189 2188 2189 2188 2189 2188 2189 2188 2189 2188 0 0 0 0 0 0 0 0 0 0 0 0 0 0 0 0 0 0 0 0 0 0 0 0 0 0 0 0 0 0 0 0 0 0 0 0 0 0 0 0 0 0 0 0 0 0 0 0 0 0 0 0 0 0 0 0 0 0 0 0 0 0 0 0 0 0 0 0 0 0 0 0 0 0 0 0 0 0 0 0 0 0 0 0 0 0 0 0 0 0 0 0 0 0 0 0 0 0 0 0 0 0 0 0 0 0 0 0 0 0 0 0 0 0 0 0 0 0 0 0 0 0 0 0 0 0 0 0 0 0 0 0 0 0 0 0 0 0 0 0 0 0 0 0 0 0 0 0 0 0 0 0 0 0 0 0 0 0 0 0 0 0 0 0 0 0 0 2185 2199 2200 2182 2194 0 0 0 0 0 0 0 0 0 0 0 0 0 2192 2180 2181 2179 2190 0 0 0 0 0 0 0 0 0 0 0 0 0 0 0 0 0 0 0 0 0 0 0 0 0 0 2180 2181 2180 2181 2180 2181 2180 2181 2180 2181 2180 2181 2180 2181 2180 2181 2180 2181 2180 2181 2180 2181 2179 2179 0 0 0 0 0 0 0 0 0 0 0 0 0 0 0 0 0 0 0 2179 2188 2189 2188 2189 2188 2189 2188 2189 2188 2189 2179 0 0 0 0 0 0 0 0 0 0 0 0 0 0 0 0 0 0 0 0 0 0 0 0 0 0 0 0 0 0 0 0 0 0 0 0 0 0 0 0 0 0 0 0 0 0 0 0 0 0 0 0 0 0 0 0 0 0 0 0 0 0 0 0 0 0 0 0 0 0 0 0 0 0 0 0 0 0 0 0 0 0 0 0 0 0 0 0 0 0 0 0 0 0 0 0 0 0 0 0 0 0 0 0 0 0 0 0 0 0 0 0 0 0 0 0 0 0 0 0 0 0 0 0 0 0 0 0 0 0 0 0 0 0 0 0 0 0 0 0 0 0 0 0 0 0 0 0 0 0 0 0 0 0 0 2188 2189 2190 0 0 0 0 0 0 0 0 0 0 0 0 0 0 0 0 0 0 0 0 0 0 0 0 0 0 0 0 0 0 0 0 0 2192 2180 2181 2180 2181 2180 2181 0 0 0 0 0 0 0 0 2188 2189 2188 2189 2188 2189 2180 2181 2190 0 0 0 0 0 0 0 0 0 0 0 2180 2181 2180 2181 2180 2181 2180 2181 2180 2181 2180 2181 2180 2181 2180 2181 2180 2181 2180 2181 2180 2181 2180 0 0 0 0 0 0 0 0 0 0 0 0 0 0 0 0 0 0 0 0 0 0 0 0 0 0 0 0 0 0 0 0 0 0 0 0 0 0 0 0 0 0 0 0 0 0 0 0 0 0 0 0 0 0 0 0 0 0 0 0 0 0 0 0 0 0 0 0 0 0 0 0 0 0 0 0 0 0 0 0 0 0 0 0 0 0 0 0 0 0 0 0 0 0 0 0 0 0 0 0 0 0 0 0 0 0 0 0 0 0 0 0 0 0 0 0 0 0 0 0 0 0 0 0 0 0 0 0 0 0 0 0 0 0 0 0 0 0 0 0 0 0 0 0 0 0 0 0 0 0 0 0 0 0 0 0 0 0 0 0 0 0 0 0 0 0 2185 2200 2182 2183 2194 0 0 0 0 0 0 0 0 0 0 0 0 0 0 2192 2188 2189 2179 2190 0 0 0 0 0 0 0 0 0 0 0 0 0 0 0 0 0 0 0 0 0 0 0 0 0 0 2188 2189 2188 2189 2188 2189 2188 2189 2182 2183 2184 2189 2188 2189 2188 2189 2188 2189 2188 2189 2188 2189 2179 2179 2190 0 0 0 0 0 0 0 0 0 0 0 0 0 0 0 0 0 0 2192 2180 2181 2180 2181 2180 2181 2180 2181 2180 2181 2179 0 0 0 0 0 0 0 0 0 0 0 0 0 0 0 0 0 0 0 0 0 0 0 0 0 0 0 0 0 0 0 0 0 0 0 0 0 0 0 0 0 0 0 0 0 0 0 0 0 0 0 0 0 0 0 0 0 0 0 0 0 0 0 0 0 0 0 0 0 0 0 0 0 0 0 0 0 0 0 0 0 0 0 0 0 0 0 0 0 0 0 0 0 0 0 0 0 0 0 0 0 0 0 0 0 0 0 0 0 0 0 0 0 0 0 0 0 0 0 0 0 0 0 0 0 0 0 0 0 0 0 0 0 0 0 0 0 0 0 0 0 0 0 0 0 0 0 0 0 0 0 0 0 0 0 0 0 0 0 0 0 0 0 0 0 0 0 0 0 0 0 0 0 0 0 0 0 0 0 0 0 0 0 0 0 0 0 0 0 0 0 0 2188 2189 2188 2189 2188 2189 0 0 0 0 0 0 0 0 2180 2181 2180 2181 2180 2181 2188 2189 2190 0 0 0 0 0 0 0 0 0 0 0 2188 2189 2188 2189 2188 2189 2188 2189 2188 2189 2188 2189 2188 2189 2188 2189 2188 2189 2188 2189 2188 2189 2188 0 0 0 0 0 0 0 0 0 0 0 0 0 0 0 0 0 0 0 0 0 0 0 0 0 0 0 0 0 0 0 0 0 0 0 0 0 0 0 0 0 0 0 0 0 0 0 0 0 0 0 0 0 0 0 0 0 0 0 0 0 0 0 0 0 0 0 0 0 0 0 0 0 0 0 0 0 0 0 0 0 0 0 0 0 0 0 0 0 0 0 0 0 0 0 0 0 0 0 0 0 0 0 0 0 0 0 0 0 0 0 0 0 0 0 0 0 0 0 0 0 0 0 0 0 0 0 0 0 0 0 0 0 0 0 0 0 0 0 0 0 0 0 0 0 0 0 0 0 0 0 0 0 0 0 0 0 0 0 0 0 0 0 0 2185 2199 2200 2182 2194 0 0 0 0 0 0 0 0 0 0 0 0 0 0 0 2185 2200 2179 2179 2182 2194 0 0 0 0 0 0 0 0 0 0 0 0 0 0 0 0 0 0 0 0 0 0 0 0 0 0 2180 2181 2180 2181 2180 2181 2180 2181 2190 0 2193 2184 2180 2181 2180 2181 2180 2181 2180 2181 2180 2181 2179 2179 2190 0 0 0 0 0 0 0 0 0 0 0 0 0 0 0 0 0 0 2192 2188 2189 2188 2189 2188 2189 2188 2189 2188 2189 2179 0 0 0 0 0 0 0 0 0 0 0 0 0 0 0 0 0 0 0 0 0 0 0 0 0 0 0 0 0 0 0 0 0 0 0 0 0 0 0 0 0 0 0 0 0 0 0 0 0 0 0 0 0 0 0 0 0 0 0 0 0 0 0 0 0 0 0 0 0 0 0 0 0 0 0 0 0 0 0 0 0 0 0 0 0 0 0 0 0 0 0 0 0 0 0 0 0 0 0 0 0 0 0 0 0 0 0 0 0 0 0 0 0 0 0 0 0 0 0 0 0 0 0 0 0 0 0 0 0 0 0 0 0 0 0 0 0 0 0 0 0 0 0 0 0 0 0 0 0 0 0 0 0 0 0 0 0 0 0 0 0 0 0 0 0 0 0 0 0 0 0 0 0 0 0 0 0 0 0 0 0 0 0 0 0 0 0 0 0 0 0 0 2180 2181 2180 2181 2180 2181 0 0 0 0 0 0 0 0 2188 2189 2188 2189 2188 2189 0 0 0 0 0 0 0 0 0 0 0 0 0 0 2180 2181 2180 2181 2180 2181 2180 2181 2180 2181 2180 2181 2180 2181 2180 2181 2180 2181 2180 2181 2180 2181 2180 0 0 0 0 0 0 0 0 0 0 0 0 0 0 0 0 0 0 0 0 0 0 0 0 0 0 0 0 0 0 0 0 0 0 0 0 0 0 0 0 0 0 0 0 0 0 0 0 0 0 0 0 0 0 0 0 0 0 0 0 0 0 0 0 0 0 0 0 0 0 0 0 0 0 0 0 0 0 0 0 0 0 0 0 0 0 0 0 0 0 0 0 0 0 0 0 0 0 0 0 0 0 0 0 0 0 0 0 0 0 0 0 0 0 0 0 0 0 0 0 0 0 0 0 0 0 0 0 0 0 0 0 0 0 0 0 0 0 0 0 0 0 0 0 0 0 0 0 0 0 0 0 0 0 0 0 0 2184 2179 2179 2179 2182 0 0 0 2183 2183 2194 0 0 0 0 0 0 0 0 0 0 0 0 0 0 0 0 2192 2179 2179 2179 2190 0 0 0 0 0 0 0 0 0 0 0 0 0 0 0 0 0 0 0 0 0 0 0 0 0 0 0 2188 2189 2188 2189 2188 2189 2188 2189 2190 0 2185 2200 2188 2189 2188 2189 2188 2189 2188 2189 2188 2189 2179 2182 2194 0 0 0 0 0 0 0 0 0 0 0 0 0 0 0 0 0 0 2193 2184 2181 2180 2181 2180 2181 2180 2181 2180 2181 2179 0 0 0 0 0 0 0 0 0 0 0 0 0 0 0 0 0 0 0 0 0 0 0 0 0 0 0 0 0 0 0 0 0 0 0 0 0 0 0 0 0 0 0 0 0 0 0 0 0 0 0 0 0 0 0 0 0 0 0 0 0 0 0 0 0 0 0 0 0 0 0 0 0 0 0 0 0 0 0 0 0 0 0 0 0 0 0 0 0 0 0 0 0 0 0 0 0 0 0 0 0 0 0 0 0 0 0 0 0 0 0 0 0 0 0 0 0 0 0 0 0 0 0 0 0 0 0 0 0 0 0 0 0 0 0 0 0 0 0 0 0 0 0 0 0 0 0 0 0 0 0 0 0 0 0 0 0 0 0 0 0 0 0 0 0 0 0 0 0 0 0 0 0 0 0 0 0 0 0 0 0 0 0 0 0 0 0 0 0 0 0 0 2188 2189 2188 2189 2188 2189 0 0 0 0 0 0 0 0 0 0 0 0 0 0 0 0 0 0 0 0 0 0 0 0 0 0 0 0 2188 2189 2188 2189 2188 2189 2188 2189 2188 2189 2188 2189 2188 2189 2188 2189 2188 2189 2188 2189 2188 2189 2188 0 0 0 0 0 0 0 0 0 0 0 0 0 0 0 0 0 0 0 0 0 0 0 0 0 0 0 0 0 0 0 0 0 0 0 0 0 0 0 0 0 0 0 0 0 0 0 0 0 0 0 0 0 0 0 0 0 0 0 0 0 0 0 0 0 0 0 0 0 0 0 0 0 0 0 0 0 0 0 0 0 0 0 0 0 0 0 0 0 0 0 0 0 0 0 0 0 0 0 0 0 0 0 0 0 0 0 0 0 0 0 0 0 0 0 0 0 0 0 0 0 0 0 0 0 0 0 0 0 0 0 0 0 0 0 0 0 0 0 0 0 0 0 0 0 0 0 0 0 0 0 0 2185 2186 0 0 0 2193 2184 2179 2182 2194 0 0 0 0 0 0 0 0 0 0 0 0 0 0 0 0 0 0 0 0 0 0 0 2192 2179 2179 2190 0 0 0 0 0 0 0 0 0 0 0 0 0 0 0 0 0 0 0 0 0 0 0 0 0 0 0 2180 2181 2180 2181 2180 2181 2180 2181 2198 2199 2200 2181 2180 2181 2180 2181 2180 2181 2180 2181 2180 2181 2179 2190 0 0 0 0 0 0 0 0 0 0 0 0 0 0 0 0 0 0 0 0 2193 2184 2188 2189 2188 2189 2188 2189 2188 2189 2179 0 0 0 0 0 0 0 0 0 0 0 0 0 0 0 0 0 0 0 0 0 0 0 0 0 0 0 0 0 0 0 0 0 0 0 0 0 0 0 0 0 0 0 0 0 0 0 0 0 0 0 0 0 0 0 0 0 0 0 0 0 0 0 0 0 0 0 0 0 0 0 0 0 0 0 0 0 0 0 0 0 0 0 0 0 0 0 0 0 0 0 0 0 0 0 0 0 0 0 0 0 0 0 0 0 0 0 0 0 0 0 0 0 0 0 0 0 0 0 0 0 0 0 0 0 0 0 0 0 0 0 0 0 0 0 0 0 0 0 0 0 0 0 0 0 0 0 0 0 0 0 0 0 0 0 0 0 0 0 0 0 0 0 0 0 0 0 0 0 0 0 0 0 0 0 0 0 0 0 0 0 0 0 0 0 0 0 0 0 0 0 0 0 0 0 0 0 0 0 0 0 0 0 0 0 0 0 0 0 0 0 0 0 0 0 0 0 0 0 0 0 0 0 0 0 0 2180 2181 2180 2181 2180 2181 2180 2181 2180 2181 2180 2181 2180 2181 2180 2181 2180 2181 2180 2181 2180 2181 2180 0 0 0 0 0 0 0 0 0 0 0 0 0 0 0 0 0 0 0 0 0 0 0 0 0 0 0 0 0 0 0 0 0 0 0 0 0 0 0 0 0 0 0 0 0 0 0 0 0 0 0 0 0 0 0 0 0 0 0 0 0 0 0 0 0 0 0 0 0 0 0 0 0 0 0 0 0 0 0 0 0 0 0 0 0 0 0 0 0 0 0 0 0 0 0 0 0 0 0 0 0 0 0 0 0 0 0 0 0 0 0 0 0 0 0 0 0 0 0 0 0 0 0 0 0 0 0 0 0 0 0 0 0 0 0 0 0 0 0 0 0 0 0 0 0 0 0 0 2185 2186 0 0 2192 2190 0 0 0 0 2192 2179 2190 0 0 0 0 0 0 0 0 0 0 0 0 0 0 0 0 0 0 0 0 0 0 0 0 0 0 2179 0 0 0 0 0 0 0 0 0 0 0 0 0 0 0 0 0 0 0 0 0 0 0 0 0 0 0 0 2188 2189 2188 2189 2188 2189 2188 2189 2188 2189 2188 2189 2188 2189 2188 2189 2188 2189 2188 2189 2188 2189 2179 2190 0 0 0 0 0 0 0 0 0 0 0 0 0 0 0 0 0 0 0 0 0 2192 2188 2189 2188 2189 2188 2189 2188 2189 2179 2179 0 0 0 0 0 0 0 0 0 0 0 0 0 0 0 0 0 0 0 0 0 0 0 0 0 0 0 0 0 0 0 0 0 0 0 0 0 0 0 0 0 0 0 0 0 0 0 0 0 0 0 0 0 0 0 0 0 0 0 0 0 0 0 0 0 0 0 0 0 0 0 0 0 0 0 0 0 0 0 0 0 0 0 0 0 0 0 0 0 0 0 0 0 0 0 0 0 0 0 0 0 0 0 0 0 0 0 0 0 0 0 0 0 0 0 0 0 0 0 0 0 0 0 0 0 0 0 0 0 0 0 0 0 0 0 0 0 0 0 0 0 0 0 0 0 0 0 0 0 0 0 0 0 0 0 0 0 0 0 0 0 0 0 0 0 0 0 0 0 0 0 0 0 0 0 0 0 0 0 0 0 0 0 0 0 0 0 0 0 0 0 0 0 0 0 0 0 0 0 0 0 0 0 0 0 0 0 0 0 0 0 0 0 0 0 0 0 0 0 0 0 0 0 0 0 2188 2189 2188 2189 2188 2189 2188 2189 2188 2189 2188 2189 2188 2189 2188 2189 2188 2189 2188 2189 2188 2189 2188 0 0 0 0 0 0 0 0 0 0 0 0 0 0 0 0 0 0 0 0 0 0 0 0 0 0 0 0 0 0 0 0 0 0 0 0 0 0 0 0 0 0 0 0 0 0 0 0 0 0 0 0 0 0 0 0 0 0 0 0 0 0 0 0 0 0 0 0 0 0 0 0 0 0 0 0 0 0 0 0 0 0 0 0 0 0 0 0 0 0 0 0 0 0 0 0 0 0 0 0 0 0 0 0 0 0 0 0 0 0 0 0 0 0 0 0 0 0 0 0 0 0 0 0 0 0 0 0 0 0 0 0 0 0 0 0 0 0 0 0 0 0 0 0 0 0 0 0 2192 2198 2186 2185 2200 2190 0 0 0 2185 2200 2182 2194 0 0 0 0 0 0 0 0 0 0 0 0 0 0 0 0 0 0 0 0 0 0 0 0 0 0 0 0 0 0 0 0 0 0 0 0 0 0 0 0 0 0 0 0 0 0 0 0 0 0 0 0 0 0 0 2180 2181 2180 2181 2180 2181 2180 2181 2180 2181 2180 2181 2180 2181 2180 2181 2180 2181 2180 2181 2180 2181 2179 2190 0 0 0 0 0 0 0 0 0 0 0 0 0 0 0 0 0 0 0 0 0 2192 2180 2181 2180 2181 2180 2181 2180 2181 2179 2179 0 0 0 0 0 0 0 0 0 0 0 0 0 0 0 0 0 0 0 0 0 0 0 0 0 0 0 0 0 0 0 0 0 0 0 0 0 0 0 0 0 0 0 0 0 0 0 0 0 0 0 0 0 0 0 0 0 0 0 0 0 0 0 0 0 0 0 0 0 0 0 0 0 0 0 0 0 0 0 0 0 0 0 0 0 0 0 0 0 0 0 0 0 0 0 0 0 0 0 0 0 0 0 0 0 0 0 0 0 0 0 0 0 0 0 0 0 0 0 0 0 0 0 0 0 0 0 0 0 0 0 0 0 0 0 0 0 0 0 0 0 0 0 0 0 0 0 0 0 0 0 0 0 0 0 0 0 0 0 0 0 0 0 0 0 0 0 0 0 0 0 0 0 0 0 0 0 0 0 0 0 0 0 0 0 0 0 0 0 0 0 0 0 0 0 0 0 0 0 0 0 0 0 0 0 0 0 0 0 0 0 0 0 0 0 0 0 0 0 0 0 0 0 0 0 2180 2181 2180 2181 2180 2181 2180 2181 2180 2181 2180 2181 2180 2181 2180 2181 2180 2181 2180 2181 2180 2181 2180 0 0 0 0 0 0 0 0 0 0 0 0 0 0 0 0 0 0 0 0 0 0 0 0 0 0 0 0 0 0 0 0 0 0 0 0 0 0 0 0 0 0 0 0 0 0 0 0 0 0 0 0 0 0 0 0 0 0 0 0 0 0 0 0 0 0 0 0 0 0 0 0 0 0 0 0 0 0 0 0 0 0 0 0 0 0 0 0 0 0 0 0 0 0 0 0 0 0 0 0 0 0 0 0 0 0 0 0 0 0 0 0 0 0 0 0 0 0 0 0 0 0 0 0 0 0 0 0 0 0 0 0 0 0 0 0 0 0 0 0 0 0 0 0 0 0 0 0 2193 2184 2198 2200 2182 2194 0 0 0 2192 2182 2194 0 0 0 0 0 0 0 0 0 0 0 0 0 0 0 0 0 0 0 0 0 0 0 0 0 0 0 0 0 0 0 0 0 0 0 0 0 0 0 0 0 0 0 0 0 0 0 0 0 0 0 0 0 0 0 0 2188 2189 2188 2189 2188 2189 2188 2189 2188 2189 2188 2189 2188 2189 2188 2189 2188 2189 2188 2189 2188 2189 2179 2198 2186 0 0 0 0 0 0 0 0 0 0 0 0 0 0 0 0 0 0 0 2185 2200 2188 2189 2188 2189 2188 2189 2188 2189 2179 0 0 0 0 0 0 0 0 0 0 0 0 0 0 0 0 0 0 0 0 0 0 0 0 0 0 0 0 0 0 0 0 0 0 0 0 0 0 0 0 0 0 0 0 0 0 0 0 0 0 0 0 0 0 0 0 0 0 0 0 0 0 0 0 0 0 0 0 0 0 0 0 0 0 0 0 0 0 0 0 0 0 0 0 0 0 0 0 0 0 0 0 0 0 0 0 0 0 0 0 0 0 0 0 0 0 0 0 0 0 0 0 0 0 0 0 0 0 0 0 0 0 0 0 0 0 0 0 0 0 0 0 0 0 0 0 0 0 0 0 0 0 0 0 0 0 0 0 0 0 0 0 0 0 0 0 0 0 0 0 0 0 0 0 0 0 0 0 0 0 0 0 0 0 0 0 0 0 0 0 0 0 0 0 0 0 0 0 0 0 0 0 0 0 0 0 0 0 0 0 0 0 0 0 0 0 0 0 0 0 0 0 0 0 0 0 0 0 0 0 0 0 0 0 0 0 2188 2189 2188 2189 2188 2189 2188 2189 2188 2189 2188 2189 2180 2181 2180 2181 2180 2181 2180 2181 2180 2181 2180 0 0 0 0 0 0 0 0 0 0 0 0 0 0 0 0 0 0 0 0 0 0 0 0 0 0 0 0 0 0 0 0 0 0 0 0 0 0 0 0 0 0 0 0 0 0 0 0 0 0 0 0 0 0 0 0 0 0 0 0 0 0 0 0 0 0 0 0 0 0 0 0 0 0 0 0 0 0 0 0 0 0 0 0 0 0 0 0 0 0 0 0 0 0 0 0 0 0 0 0 0 0 0 0 0 0 0 0 0 0 0 0 0 0 0 0 0 0 0 0 0 0 0 0 0 0 0 0 0 0 0 0 0 0 0 0 0 0 0 0 0 0 0 0 0 0 0 0 0 2193 2184 2179 2190 0 0 0 2185 2200 2190 0 0 0 0 0 0 0 0 0 0 0 0 0 0 0 0 0 0 0 0 0 0 0 0 0 0 0 0 0 0 0 0 0 0 0 0 0 0 0 0 0 0 0 0 0 0 0 0 0 0 0 0 0 0 0 0 0 2180 2181 2180 2181 2180 2181 2180 2181 2180 2181 2180 2181 2180 2181 2180 2181 2180 2181 2180 2181 2180 2181 2179 2179 2179 0 0 0 0 0 0 0 0 0 0 0 0 0 0 0 0 0 0 0 0 2179 2180 2181 2180 2181 2180 2181 2180 2181 2179 0 0 0 0 0 0 0 0 0 0 0 0 0 0 0 0 0 0 0 0 0 0 0 0 0 0 0 0 0 0 0 0 0 0 0 0 0 0 0 0 0 0 0 0 0 0 0 0 0 0 0 0 0 0 0 0 0 0 0 0 0 0 0 0 0 0 0 0 0 0 0 0 0 0 0 0 0 0 0 0 0 0 0 0 0 0 0 0 0 0 0 0 0 0 0 0 0 0 0 0 0 0 0 0 0 0 0 0 0 0 0 0 0 0 0 0 0 0 0 0 0 0 0 0 0 0 0 0 0 0 0 0 0 0 0 0 0 0 0 0 0 0 0 0 0 0 0 0 0 0 0 0 0 0 0 0 0 0 0 0 0 0 0 0 0 0 0 0 0 0 0 0 0 0 0 0 0 0 0 0 0 0 0 0 0 0 0 0 0 0 0 0 0 0 0 0 0 0 0 0 0 0 0 0 0 0 0 0 0 0 0 0 0 0 0 0 0 0 0 0 0 0 0 0 0 0 2180 2181 2180 2181 2180 2181 2180 2181 2180 2181 2180 2181 2188 2189 2188 2189 2188 2189 2188 2189 2188 2189 2188 0 0 0 0 0 0 0 0 0 0 0 0 0 0 0 0 0 0 0 0 0 0 0 0 0 0 0 0 0 0 0 0 0 0 0 0 0 0 0 0 0 0 0 0 0 0 0 0 0 0 0 0 0 0 0 0 0 0 0 0 0 0 0 0 0 0 0 0 0 0 0 0 0 0 0 0 0 0 0 0 0 0 0 0 0 0 0 0 0 0 0 0 0 0 0 0 0 0 0 0 0 0 0 0 0 0 0 0 0 0 0 0 0 0 0 0 0 0 0 0 0 0 0 0 0 0 0 0 0 0 0 0 0 0 0 0 0 0 0 0 0 0 0 0 0 0 0 0 0 0 2192 2179 2190 0 0 0 2192 2182 2194 0 0 0 0 0 0 0 0 0 0 0 0 0 0 0 0 0 0 0 0 0 0 0 0 0 0 0 0 0 0 0 0 0 0 0 0 0 0 0 0 0 0 0 0 0 0 0 0 0 0 0 0 0 0 0 0 0 2188 2189 2188 2189 2188 2189 2188 2189 2188 2189 2188 2189 2188 2189 2188 2189 2188 2189 2188 2189 2188 2189 0 0 0 0 0 0 0 0 0 0 0 0 0 0 0 0 0 0 0 0 0 0 0 2179 2188 2189 2188 2189 2188 2189 2188 2189 2179 0 0 0 0 0 0 0 0 0 0 0 0 0 0 0 0 0 0 0 0 0 0 0 0 0 0 0 0 0 0 0 0 0 0 0 0 0 0 0 0 0 0 0 0 0 0 0 0 0 0 0 0 0 0 0 0 0 0 0 0 0 0 0 0 0 0 0 0 0 0 0 0 0 0 0 0 0 0 0 0 0 0 0 0 0 0 0 0 0 0 0 0 0 0 0 0 0 0 0 0 0 0 0 0 0 0 0 0 0 0 0 0 0 0 0 0 0 0 0 0 0 0 0 0 0 0 0 0 0 0 0 0 0 0 0 0 0 0 0 0 0 0 0 0 0 0 0 0 0 0 0 0 0 0 0 0 0 0 0 0 0 0 0 0 0 0 0 0 0 0 0 0 0 0 0 0 0 0 0 0 0 0 0 0 0 0 0 0 0 0 0 0 0 0 0 0 0 0 0 0 0 0 0 0 0 0 0 0 0 0 0 0 0 0 0 0 0 0 0 0 0 0 0 0 0 0 2188 2189 2188 2189 2188 2189 2188 2189 2188 2189 2188 2189 2180 2181 2180 2181 2180 2181 2180 2181 2180 2181 2180 0 0 0 0 0 0 0 0 0 0 0 0 0 0 0 0 0 0 0 0 0 0 0 0 0 0 0 0 0 0 0 0 0 0 0 0 0 0 0 0 0 0 0 0 0 0 0 0 0 0 0 0 0 0 0 0 0 0 0 0 0 0 0 0 0 0 0 0 0 0 0 0 0 0 0 0 0 0 0 0 0 0 0 0 0 0 0 0 0 0 0 0 0 0 0 0 0 0 0 0 0 0 0 0 0 0 0 0 0 0 0 0 0 0 0 0 0 0 0 0 0 0 0 0 0 0 0 0 0 0 0 0 0 0 0 0 0 0 0 0 0 0 0 0 0 0 0 0 0 0 2192 2179 2198 2199 2199 2199 2200 2190 0 0 0 0 0 0 0 0 0 0 0 0 0 0 0 0 0 0 0 0 0 0 0 0 0 0 0 0 0 0 0 0 0 0 0 0 0 0 0 0 0 0 0 0 0 0 0 0 0 0 0 0 0 0 0 0 0 0 0 0 2180 2181 2180 2181 2180 2181 2180 2181 2180 2181 2180 2181 2180 2181 2180 2181 2180 2181 2180 2181 0 0 0 0 0 0 0 0 0 0 0 0 0 0 0 0 0 0 0 0 0 0 0 2179 2179 2179 2179 2179 2179 2179 2179 2179 2179 0 0 0 0 0 0 0 0 0 0 0 0 0 0 0 0 0 0 0 0 0 0 0 0 0 0 0 0 0 0 0 0 0 0 0 0 0 0 0 0 0 0 0 0 0 0 0 0 0 0 0 0 0 0 0 0 0 0 0 0 0 0 0 0 0 0 0 0 0 0 0 0 0 0 0 0 0 0 0 0 0 0 0 0 0 0 0 0 0 0 0 0 0 0 0 0 0 0 0 0 0 0 0 0 0 0 0 0 0 0 0 0 0 0 0 0 0 0 0 0 0 0 0 0 0 0 0 0 0 0 0 0 0 0 0 0 0 0 0 0 0 0 0 0 0 0 0 0 0 0 0 0 0 0 0 0 0 0 0 0 0 0 0 0 0 0 0 0 0 0 0 0 0 0 0 0 0 0 0 0 0 0 0 0 0 0 0 0 0 0 0 0 0 0 0 0 0 0 0 0 0 0 0 0 0 0 0 0 0 0 0 0 0 0 0 0 0 0 0 0 0 0 0 0 0 0 2180 2181 2180 2181 2180 2181 2180 2181 2180 2181 2180 2181 2188 2189 2188 2189 2188 2189 2188 2189 2188 2189 2188 0 0 0 0 0 0 0 0 0 0 0 0 0 0 0 0 0 0 0 0 0 0 0 0 0 0 0 0 0 0 0 0 0 0 0 0 0 0 0 0 0 0 0 0 0 0 0 0 0 0 0 0 0 0 0 0 0 0 0 0 0 0 0 0 0 0 0 0 0 0 0 0 0 0 0 0 0 0 0 0 0 0 0 0 0 0 0 0 0 0 0 0 0 0 0 0 0 0 0 0 0 0 0 0 0 0 0 0 0 0 0 0 0 0 0 0 0 0 0 0 0 0 0 0 0 0 0 0 0 0 0 0 0 0 0 0 0 0 0 0 0 0 0 0 0 0 0 0 0 0 2193 2184 2179 2179 2179 2179 2179 2190 0 0 0 0 0 0 0 0 0 0 0 0 0 0 0 0 0 0 0 0 0 0 0 0 0 0 0 0 0 0 0 0 0 0 0 0 0 0 0 0 0 0 0 0 0 0 0 0 0 0 0 0 0 0 0 0 0 0 0 0 0 0 0 0 0 0 0 0 0 0 0 0 0 0 0 0 0 0 0 0 0 0 0 0 0 0 0 0 0 0 0 0 0 0 0 0 0 0 0 0 0 0 0 0 0 0 0 0 0 0 0 0 0 0 0 0 0 0 0 0 0 0 0 0 0 0 0 0 0 0 0 0 0 0 0 0 0 0 0 0 0 0 0 0 0 0 0 0 0 0 0 0 0 0 0 0 0 0 0 0 0 0 0 0 0 0 0 0 0 0 0 0 0 0 0 0 0 0 0 0 0 0 0 0 0 0 0 0 0 0 0 0 0 0 0 0 0 0 0 0 0 0 0 0 0 0 0 0 0 0 0 0 0 0 0 0 0 0 0 0 0 0 0 0 0 0 0 0 0 0 0 0 0 0 0 0 0 0 0 0 0 0 0 0 0 0 0 0 0 0 0 0 0 0 0 0 0 0 0 0 0 0 0 0 0 0 0 0 0 0 0 0 0 0 0 0 0 0 0 0 0 0 0 0 0 0 0 0 0 0 0 0 0 0 0 0 0 0 0 0 0 0 0 0 0 0 0 0 0 0 0 0 0 0 0 0 0 0 0 0 0 0 0 0 0 0 0 0 0 0 0 0 0 0 0 0 0 0 0 2180 2181 2180 2181 2180 2181 2180 2181 2180 2181 2180 2181 2180 2181 2180 2181 2180 2181 2180 2181 2180 2181 2180 0 0 0 0 0 0 0 0 0 0 0 0 0 0 0 0 0 0 0 0 0 0 0 0 0 0 0 0 0 0 0 0 0 0 0 0 0 0 0 0 0 0 0 0 0 0 0 0 0 0 0 0 0 0 0 0 0 0 0 0 0 0 0 0 0 0 0 0 0 0 0 0 0 0 0 0 0 0 0 0 0 0 0 0 0 0 0 0 0 0 0 0 0 0 0 0 0 0 0 0 0 0 0 0 0 0 0 0 0 0 0 0 0)
    )
    (sspiky
      (x 1280)
      (y 544)
      (direction "left")
    )
    (mriceblock
      (x 1552)
      (y 800)
      (direction "left")
    )
    (mriceblock
      (x 1120)
      (y 544)
      (direction "left")
    )
    (flyingsnowball
      (x 1792)
      (y 896)
      (direction "left")
    )
    (flyingsnowball
      (x 2048)
      (y 896)
      (direction "left")
    )
    (stalactite
      (x 1920)
      (y 672)
      (direction "left")
    )
    (stalactite
      (x 1248)
      (y 608)
      (direction "left")
    )
    (stalactite
      (x 1120)
      (y 608)
      (direction "left")
    )
    (stalactite
      (x 576)
      (y 256)
      (direction "left")
    )
    (stalactite
      (x 480)
      (y 256)
      (direction "left")
    )
    (jumpy
      (x 2688)
      (y 800)
      (direction "left")
    )
    (jumpy
      (x 2464)
      (y 800)
      (direction "left")
    )
    (weak_block
      (linked #t)
      (x 2336)
      (y 288)
      (sprite "images/objects/weak_block/meltbox.sprite")
    )
    (weak_block
      (linked #t)
      (x 2336)
      (y 320)
      (sprite "images/objects/weak_block/meltbox.sprite")
    )
    (weak_block
      (linked #t)
      (x 992)
      (y 928)
      (sprite "images/objects/weak_block/meltbox.sprite")
    )
    (weak_block
      (linked #t)
      (x 2336)
      (y 384)
      (sprite "images/objects/weak_block/meltbox.sprite")
    )
    (weak_block
      (linked #t)
      (x 2336)
      (y 416)
      (sprite "images/objects/weak_block/meltbox.sprite")
    )
    (icecrusher
      (x 2560)
      (y 544)
    )
    (stalactite
      (x 2368)
      (y 640)
      (direction "left")
    )
    (stalactite
      (x 2784)
      (y 608)
      (direction "left")
    )
    (icecrusher
      (x 2560)
      (y 192)
    )
    (mrbomb
      (x 2816)
      (y 480)
      (direction "left")
    )
    (mrbomb
      (x 2496)
      (y 448)
      (direction "left")
    )
    (platform
      (x 3040)
      (y 800)
      (sprite "images/objects/platforms/wood-fivetiles.sprite")
      (running #t)
      (path
        (mode "circular")
        (node
          (x 3040)
          (y 800)
          (time 6)
        )
        (node
          (x 3040)
          (y 416)
          (time 3)
        )
        (node
          (x 3040)
          (y 416)
          (time 6)
        )
        (node
          (x 3040)
          (y 800)
          (time 3)
        )
      )
    )
    (stalactite
      (x 3424)
      (y 128)
      (direction "left")
    )
    (stalactite
      (x 3776)
      (y 224)
      (direction "left")
    )
    (stalactite
      (x 3584)
      (y 192)
      (direction "left")
    )
    (icecrusher
      (x 4240)
      (y 128)
    )
    (weak_block
      (linked #t)
      (x 4384)
      (y 352)
      (sprite "images/objects/weak_block/meltbox.sprite")
    )
    (weak_block
      (linked #t)
      (x 4352)
      (y 352)
      (sprite "images/objects/weak_block/meltbox.sprite")
    )
    (weak_block
      (linked #t)
      (x 4384)
      (y 320)
      (sprite "images/objects/weak_block/meltbox.sprite")
    )
    (sspiky
      (x 4064)
      (y 352)
      (direction "left")
    )
    (stalactite
      (x 2656)
      (y 256)
      (direction "left")
    )
    (stalactite
      (x 2496)
      (y 256)
      (direction "left")
    )
    (stalactite
      (x 3104)
      (y 160)
      (direction "left")
    )
    (stalactite
      (x 4096)
      (y 800)
      (direction "left")
    )
    (stalactite
      (x 4064)
      (y 800)
      (direction "left")
    )
    (stalactite
      (x 3456)
      (y 768)
      (direction "left")
    )
    (icecrusher
      (x 3792)
      (y 640)
    )
    (mriceblock
      (x 3808)
      (y 992)
      (direction "left")
    )
    (mriceblock
      (x 3648)
      (y 992)
      (direction "left")
    )
    (mriceblock
      (x 3488)
      (y 992)
      (direction "left")
    )
    (weak_block
      (linked #t)
      (x 3360)
      (y 960)
      (sprite "images/objects/weak_block/meltbox.sprite")
    )
    (weak_block
      (linked #t)
      (x 3392)
      (y 960)
      (sprite "images/objects/weak_block/meltbox.sprite")
    )
    (weak_block
      (linked #t)
      (x 3392)
      (y 992)
      (sprite "images/objects/weak_block/meltbox.sprite")
    )
    (weak_block
      (linked #t)
      (x 3424)
      (y 992)
      (sprite "images/objects/weak_block/meltbox.sprite")
    )
    (icecrusher
      (x 4912)
      (y 416)
    )
    (jumpy
      (x 4672)
      (y 896)
      (direction "left")
    )
    (jumpy
      (x 4512)
      (y 896)
      (direction "left")
    )
    (stalactite
      (x 4576)
      (y 800)
      (direction "left")
    )
    (stalactite
      (x 4608)
      (y 800)
      (direction "left")
    )
    (stalactite
      (x 4416)
      (y 800)
      (direction "left")
    )
    (stalactite
      (x 4768)
      (y 800)
      (direction "left")
    )
    (jumpy
      (x 4656)
      (y 384)
      (direction "left")
    )
    (stalactite
      (x 4992)
      (y 864)
      (direction "left")
    )
    (stalactite
      (x 4864)
      (y 768)
      (direction "left")
    )
    (stalactite
      (x 4992)
      (y 640)
      (direction "left")
    )
    (stalactite
      (x 4704)
      (y 160)
      (direction "left")
    )
    (stalactite
      (x 4608)
      (y 192)
      (direction "left")
    )
    (stalactite
      (x 5312)
      (y 160)
      (direction "left")
    )
    (stalactite
      (x 5312)
      (y 576)
      (direction "left")
    )
    (weak_block
      (linked #t)
      (x 2336)
      (y 352)
      (sprite "images/objects/weak_block/meltbox.sprite")
    )
    (weak_block
      (linked #t)
      (x 960)
      (y 928)
      (sprite "images/objects/weak_block/meltbox.sprite")
    )
    (weak_block
      (linked #t)
      (x 896)
      (y 928)
      (sprite "images/objects/weak_block/meltbox.sprite")
    )
    (weak_block
      (linked #t)
      (x 928)
      (y 928)
      (sprite "images/objects/weak_block/meltbox.sprite")
    )
    (weak_block
      (linked #t)
      (x 832)
      (y 928)
      (sprite "images/objects/weak_block/meltbox.sprite")
    )
    (weak_block
      (linked #t)
      (x 864)
      (y 928)
      (sprite "images/objects/weak_block/meltbox.sprite")
    )
    (weak_block
      (linked #t)
      (x 800)
      (y 928)
      (sprite "images/objects/weak_block/meltbox.sprite")
    )
    (weak_block
      (linked #t)
      (x 768)
      (y 928)
      (sprite "images/objects/weak_block/meltbox.sprite")
    )
    (weak_block
      (linked #t)
      (x 736)
      (y 928)
      (sprite "images/objects/weak_block/meltbox.sprite")
    )
    (weak_block
      (linked #t)
      (x 704)
      (y 928)
      (sprite "images/objects/weak_block/meltbox.sprite")
    )
    (mrbomb
      (x 928)
      (y 896)
      (direction "left")
    )
    (flyingsnowball
      (x 5856)
      (y 640)
      (direction "left")
    )
    (flyingsnowball
      (x 7136)
      (y 640)
      (direction "left")
    )
    (flyingsnowball
      (x 6304)
      (y 640)
      (direction "left")
    )
    (flyingsnowball
      (x 6688)
      (y 640)
      (direction "left")
    )
    (flyingsnowball
      (x 6912)
      (y 640)
      (direction "left")
    )
    (flyingsnowball
      (x 6080)
      (y 640)
      (direction "left")
    )
    (platform
      (x 5952)
      (y 736)
      (sprite "images/objects/platforms/wood-fivetiles.sprite")
      (running #t)
      (path
        (mode "circular")
        (node
          (x 5952)
          (y 736)
          (time 2)
        )
        (node
          (x 6272)
          (y 736)
          (time 1)
        )
        (node
          (x 6272)
          (y 736)
          (time 2)
        )
        (node
          (x 5952)
          (y 736)
          (time 1)
        )
      )
    )
    (platform
      (x 6912)
      (y 736)
      (sprite "images/objects/platforms/wood-fivetiles.sprite")
      (running #t)
      (path
        (mode "circular")
        (node
          (x 6912)
          (y 736)
          (time 2)
        )
        (node
          (x 6592)
          (y 736)
          (time 1)
        )
        (node
          (x 6592)
          (y 736)
          (time 2)
        )
        (node
          (x 6912)
          (y 736)
          (time 1)
        )
      )
    )
    (stalactite
      (x 5888)
      (y 768)
      (direction "left")
    )
    (stalactite
      (x 5728)
      (y 768)
      (direction "left")
    )
    (stalactite
      (x 7104)
      (y 768)
      (direction "left")
    )
    (stalactite
      (x 7264)
      (y 768)
      (direction "left")
    )
    (weak_block
      (linked #t)
      (x 8000)
      (y 544)
      (sprite "images/objects/weak_block/meltbox.sprite")
    )
    (weak_block
      (linked #t)
      (x 8064)
      (y 544)
      (sprite "images/objects/weak_block/meltbox.sprite")
    )
    (weak_block
      (linked #t)
      (x 8032)
      (y 544)
      (sprite "images/objects/weak_block/meltbox.sprite")
    )
    (weak_block
      (linked #t)
      (x 8096)
      (y 544)
      (sprite "images/objects/weak_block/meltbox.sprite")
    )
    (weak_block
      (linked #t)
      (x 8128)
      (y 544)
      (sprite "images/objects/weak_block/meltbox.sprite")
    )
    (weak_block
      (linked #t)
      (x 8160)
      (y 544)
      (sprite "images/objects/weak_block/meltbox.sprite")
    )
    (weak_block
      (linked #t)
      (x 8192)
      (y 544)
      (sprite "images/objects/weak_block/meltbox.sprite")
    )
    (weak_block
      (linked #t)
      (x 8224)
      (y 544)
      (sprite "images/objects/weak_block/meltbox.sprite")
    )
    (weak_block
      (linked #t)
      (x 8736)
      (y 512)
      (sprite "images/objects/weak_block/meltbox.sprite")
    )
    (weak_block
      (linked #t)
      (x 8768)
      (y 512)
      (sprite "images/objects/weak_block/meltbox.sprite")
    )
    (weak_block
      (linked #t)
      (x 8800)
      (y 512)
      (sprite "images/objects/weak_block/meltbox.sprite")
    )
    (weak_block
      (linked #t)
      (x 8832)
      (y 512)
      (sprite "images/objects/weak_block/meltbox.sprite")
    )
    (weak_block
      (linked #t)
      (x 8864)
      (y 512)
      (sprite "images/objects/weak_block/meltbox.sprite")
    )
    (weak_block
      (linked #t)
      (x 8896)
      (y 512)
      (sprite "images/objects/weak_block/meltbox.sprite")
    )
    (weak_block
      (linked #t)
      (x 8928)
      (y 512)
      (sprite "images/objects/weak_block/meltbox.sprite")
    )
    (weak_block
      (linked #t)
      (x 8960)
      (y 512)
      (sprite "images/objects/weak_block/meltbox.sprite")
    )
    (weak_block
      (linked #t)
      (x 8992)
      (y 512)
      (sprite "images/objects/weak_block/meltbox.sprite")
    )
    (weak_block
      (linked #t)
      (x 9024)
      (y 512)
      (sprite "images/objects/weak_block/meltbox.sprite")
    )
    (weak_block
      (linked #t)
      (x 9504)
      (y 544)
      (sprite "images/objects/weak_block/meltbox.sprite")
    )
    (weak_block
      (linked #t)
      (x 9536)
      (y 544)
      (sprite "images/objects/weak_block/meltbox.sprite")
    )
    (weak_block
      (linked #t)
      (x 9568)
      (y 544)
      (sprite "images/objects/weak_block/meltbox.sprite")
    )
    (weak_block
      (linked #t)
      (x 9600)
      (y 544)
      (sprite "images/objects/weak_block/meltbox.sprite")
    )
    (weak_block
      (linked #t)
      (x 9632)
      (y 544)
      (sprite "images/objects/weak_block/meltbox.sprite")
    )
    (weak_block
      (linked #t)
      (x 9664)
      (y 544)
      (sprite "images/objects/weak_block/meltbox.sprite")
    )
    (weak_block
      (linked #t)
      (x 9728)
      (y 544)
      (sprite "images/objects/weak_block/meltbox.sprite")
    )
    (weak_block
      (linked #t)
      (x 9696)
      (y 544)
      (sprite "images/objects/weak_block/meltbox.sprite")
    )
    (mrbomb
      (x 8960)
      (y 480)
      (direction "left")
    )
    (mrbomb
      (x 8800)
      (y 480)
      (direction "left")
    )
    (jumpy
      (x 8288)
      (y 544)
      (direction "left")
    )
    (jumpy
      (x 7936)
      (y 544)
      (direction "left")
    )
    (weak_block
      (linked #t)
      (x 7680)
      (y 672)
      (sprite "images/objects/weak_block/meltbox.sprite")
    )
    (weak_block
      (linked #t)
      (x 7648)
      (y 672)
      (sprite "images/objects/weak_block/meltbox.sprite")
    )
    (sspiky
      (x 10592)
      (y 704)
      (direction "left")
    )
    (icecrusher
      (x 7648)
      (y 320)
    )
    (icecrusher
      (x 8416)
      (y 160)
    )
    (icecrusher
      (x 8864)
      (y 128)
    )
    (icecrusher
      (x 9408)
      (y 192)
    )
    (icecrusher
      (x 10208)
      (y 416)
    )
    (stalactite
      (x 10592)
      (y 608)
      (direction "left")
    )
    (stalactite
      (x 9728)
      (y 320)
      (direction "left")
    )
    (stalactite
      (x 9504)
      (y 256)
      (direction "left")
    )
    (stalactite
      (x 9664)
      (y 288)
      (direction "left")
    )
    (stalactite
      (x 9568)
      (y 288)
      (direction "left")
    )
    (stalactite
      (x 8992)
      (y 224)
      (direction "left")
    )
    (stalactite
      (x 8768)
      (y 192)
      (direction "left")
    )
    (stalactite
      (x 9024)
      (y 224)
      (direction "left")
    )
    (stalactite
      (x 8736)
      (y 224)
      (direction "left")
    )
    (stalactite
      (x 8512)
      (y 256)
      (direction "left")
    )
    (stalactite
      (x 8352)
      (y 256)
      (direction "left")
    )
    (stalactite
      (x 8608)
      (y 256)
      (direction "left")
    )
    (stalactite
      (x 8256)
      (y 256)
      (direction "left")
    )
    (stalactite
      (x 7968)
      (y 320)
      (direction "left")
    )
    (stalactite
      (x 7744)
      (y 384)
      (direction "left")
    )
    (stalactite
      (x 7584)
      (y 384)
      (direction "left")
    )
    (mriceblock
      (x 9760)
      (y 640)
      (direction "left")
    )
    (mriceblock
      (x 9664)
      (y 640)
      (direction "left")
    )
    (mriceblock
      (x 9568)
      (y 640)
      (direction "left")
    )
    (mrbomb
      (x 9440)
      (y 640)
      (direction "left")
    )
    (mrbomb
      (x 10304)
      (y 736)
      (direction "left")
    )
    (mrbomb
      (x 10080)
      (y 736)
      (direction "left")
    )
    (spiky
      (x 10176)
      (y 736)
      (direction "left")
    )
    (stalactite
      (x 11072)
      (y 544)
      (direction "left")
    )
    (stalactite
      (x 11008)
      (y 544)
      (direction "left")
    )
    (stalactite
      (x 10944)
      (y 544)
      (direction "left")
    )
    (stalactite
      (x 10880)
      (y 544)
      (direction "left")
    )
    (stalactite
      (x 10816)
      (y 544)
      (direction "left")
    )
    (firefly
      (x 5728)
      (y 672)
    )
    (icecrusher
      (x 11232)
      (y 96)
      (sprite "images/creatures/icecrusher/krosh.sprite")
    )
    (weak_block
      (linked #t)
      (x 11040)
      (y 352)
      (sprite "images/objects/weak_block/meltbox.sprite")
    )
    (weak_block
      (linked #t)
      (x 11072)
      (y 352)
      (sprite "images/objects/weak_block/meltbox.sprite")
    )
    (weak_block
      (linked #t)
      (x 11008)
      (y 352)
      (sprite "images/objects/weak_block/meltbox.sprite")
    )
    (weak_block
      (linked #t)
      (x 11104)
      (y 352)
      (sprite "images/objects/weak_block/meltbox.sprite")
    )
    (weak_block
      (linked #t)
      (x 11040)
      (y 320)
      (sprite "images/objects/weak_block/meltbox.sprite")
    )
    (weak_block
      (linked #t)
      (x 11072)
      (y 320)
      (sprite "images/objects/weak_block/meltbox.sprite")
    )
    (stalactite
      (x 11104)
      (y 224)
      (direction "left")
    )
    (stalactite
      (x 11008)
      (y 224)
      (direction "left")
    )
    (jumpy
      (x 15360)
      (y 512)
      (direction "left")
    )
    (sspiky
      (x 16096)
      (y 448)
      (direction "left")
    )
    (mrbomb
      (x 14496)
      (y 544)
      (direction "left")
    )
    (mriceblock
      (x 13696)
      (y 704)
      (direction "left")
    )
    (mriceblock
      (x 13376)
      (y 768)
      (direction "left")
    )
    (weak_block
      (linked #t)
      (x 12928)
      (y 736)
      (sprite "images/objects/weak_block/meltbox.sprite")
    )
    (weak_block
      (linked #t)
      (x 12896)
      (y 736)
      (sprite "images/objects/weak_block/meltbox.sprite")
    )
    (weak_block
      (linked #t)
      (x 12832)
      (y 736)
      (sprite "images/objects/weak_block/meltbox.sprite")
    )
    (weak_block
      (linked #t)
      (x 12864)
      (y 736)
      (sprite "images/objects/weak_block/meltbox.sprite")
    )
    (weak_block
      (linked #t)
      (x 12800)
      (y 736)
      (sprite "images/objects/weak_block/meltbox.sprite")
    )
    (weak_block
      (linked #t)
      (x 12768)
      (y 736)
      (sprite "images/objects/weak_block/meltbox.sprite")
    )
    (weak_block
      (linked #t)
      (x 12736)
      (y 736)
      (sprite "images/objects/weak_block/meltbox.sprite")
    )
    (weak_block
      (linked #t)
      (x 12704)
      (y 736)
      (sprite "images/objects/weak_block/meltbox.sprite")
    )
    (weak_block
      (linked #t)
      (x 12672)
      (y 736)
      (sprite "images/objects/weak_block/meltbox.sprite")
    )
    (weak_block
      (linked #t)
      (x 12640)
      (y 736)
      (sprite "images/objects/weak_block/meltbox.sprite")
    )
    (weak_block
      (linked #t)
      (x 12608)
      (y 736)
      (sprite "images/objects/weak_block/meltbox.sprite")
    )
    (weak_block
      (linked #t)
      (x 12576)
      (y 736)
      (sprite "images/objects/weak_block/meltbox.sprite")
    )
    (weak_block
      (linked #t)
      (x 12544)
      (y 736)
      (sprite "images/objects/weak_block/meltbox.sprite")
    )
    (weak_block
      (linked #t)
      (x 12512)
      (y 736)
      (sprite "images/objects/weak_block/meltbox.sprite")
    )
    (weak_block
      (linked #t)
      (x 12480)
      (y 736)
      (sprite "images/objects/weak_block/meltbox.sprite")
    )
    (weak_block
      (linked #t)
      (x 12448)
      (y 736)
      (sprite "images/objects/weak_block/meltbox.sprite")
    )
    (weak_block
      (linked #t)
      (x 12416)
      (y 736)
      (sprite "images/objects/weak_block/meltbox.sprite")
    )
    (weak_block
      (linked #t)
      (x 12384)
      (y 736)
      (sprite "images/objects/weak_block/meltbox.sprite")
    )
    (weak_block
      (linked #t)
      (x 12352)
      (y 736)
      (sprite "images/objects/weak_block/meltbox.sprite")
    )
    (weak_block
      (linked #t)
      (x 12320)
      (y 736)
      (sprite "images/objects/weak_block/meltbox.sprite")
    )
    (mrbomb
      (x 12832)
      (y 704)
      (direction "left")
    )
    (mrbomb
      (x 12384)
      (y 704)
      (direction "left")
    )
    (mriceblock
      (x 12672)
      (y 704)
      (direction "left")
    )
    (mriceblock
      (x 12544)
      (y 704)
      (direction "left")
    )
    (icecrusher
      (x 12608)
      (y 512)
    )
    (flyingsnowball
      (x 14240)
      (y 640)
      (direction "left")
    )
    (flyingsnowball
      (x 13984)
      (y 640)
      (direction "left")
    )
    (flyingsnowball
      (x 14720)
      (y 640)
      (direction "left")
    )
    (flyingsnowball
      (x 14976)
      (y 640)
      (direction "left")
    )
    (weak_block
      (linked #t)
      (x 11776)
      (y 672)
      (sprite "images/objects/weak_block/meltbox.sprite")
    )
    (weak_block
      (linked #t)
      (x 11776)
      (y 640)
      (sprite "images/objects/weak_block/meltbox.sprite")
    )
    (weak_block
      (linked #t)
      (x 11776)
      (y 704)
      (sprite "images/objects/weak_block/meltbox.sprite")
    )
    (weak_block
      (linked #t)
      (x 11776)
      (y 736)
      (sprite "images/objects/weak_block/meltbox.sprite")
    )
    (weak_block
      (linked #t)
      (x 11776)
      (y 768)
      (sprite "images/objects/weak_block/meltbox.sprite")
    )
    (icecrusher
      (x 14752)
      (y 256)
    )
    (icecrusher
      (x 14912)
      (y 256)
    )
    (icecrusher
      (x 14176)
      (y 256)
    )
    (icecrusher
      (x 14016)
      (y 256)
    )
    (icecrusher
      (x 13664)
      (y 352)
    )
    (icecrusher
      (x 13344)
      (y 256)
    )
    (stalactite
      (x 12672)
      (y 320)
      (direction "left")
    )
    (stalactite
      (x 12576)
      (y 320)
      (direction "left")
    )
    (stalactite
      (x 12512)
      (y 320)
      (direction "left")
    )
    (stalactite
      (x 12448)
      (y 320)
      (direction "left")
    )
    (stalactite
      (x 12736)
      (y 320)
      (direction "left")
    )
    (stalactite
      (x 12800)
      (y 320)
      (direction "left")
    )
    (stalactite
      (x 13216)
      (y 672)
      (direction "left")
    )
    (stalactite
      (x 13184)
      (y 672)
      (direction "left")
    )
    (stalactite
      (x 14112)
      (y 448)
      (direction "left")
    )
    (stalactite
      (x 14848)
      (y 352)
      (direction "left")
    )
    (stalactite
      (x 15360)
      (y 256)
      (direction "left")
    )
    (stalactite
      (x 15424)
      (y 288)
      (direction "left")
    )
    (stalactite
      (x 15520)
      (y 288)
      (direction "left")
    )
    (stalactite
      (x 15456)
      (y 288)
      (direction "left")
    )
    (stalactite
      (x 15296)
      (y 256)
      (direction "left")
    )
    (stalactite
      (x 15264)
      (y 256)
      (direction "left")
    )
    (stalactite
      (x 15200)
      (y 256)
      (direction "left")
    )
    (stalactite
      (x 15136)
      (y 288)
      (direction "left")
    )
    (stalactite
      (x 15104)
      (y 288)
      (direction "left")
    )
    (stalactite
      (x 15616)
      (y 320)
      (direction "left")
    )
    (stalactite
      (x 15584)
      (y 320)
      (direction "left")
    )
    (jumpy
      (x 12128)
      (y 576)
      (direction "left")
    )
    (weak_block
      (linked #t)
      (x 11872)
      (y 480)
      (sprite "images/objects/weak_block/meltbox.sprite")
    )
    (weak_block
      (linked #t)
      (x 11904)
      (y 480)
      (sprite "images/objects/weak_block/meltbox.sprite")
    )
    (weak_block
      (linked #t)
      (x 11808)
      (y 480)
      (sprite "images/objects/weak_block/meltbox.sprite")
    )
    (weak_block
      (linked #t)
      (x 11840)
      (y 480)
      (sprite "images/objects/weak_block/meltbox.sprite")
    )
    (weak_block
      (linked #t)
      (x 11776)
      (y 480)
      (sprite "images/objects/weak_block/meltbox.sprite")
    )
    (stalactite
      (x 11840)
      (y 256)
      (direction "left")
    )
    (stalactite
      (x 11904)
      (y 256)
      (direction "left")
    )
    (stalactite
      (x 11776)
      (y 288)
      (direction "left")
    )
    (sspiky
      (x 11840)
      (y 448)
      (direction "left")
    )
    (infoblock
      (message "-WARNING
#Some of the icicles in this tunnel are not visible, so be able to hear them when they fall!")
      (x 768)
      (y 448)
    )
    (secretarea
      (width 128)
      (height 160)
      (message "")
      (x 2208)
      (y 288)
    )
  )
  (sector
    (name "main")
    (ambient-light 0.6999999881 0.8000000119 1 1)
    (music "/music/forest/wisphunt.music")
    (gravity 10)
    (background
      (z-pos -300)
      (scroll-offset-x 0)
      (scroll-offset-y 0)
      (scroll-speed-x 0)
      (scroll-speed-y 0)
      (speed 0.200000003)
      (image-top "/images/background/semi_arctic.jpg")
      (image "/images/background/semi_arctic.jpg")
      (image-bottom "/images/background/semi_arctic.jpg")
    )
    (gradient
      (layer -299)
      (top_color 0.8000000119 0.9000002146 1 0.1000000015)
      (bottom_color 1 1 1 1)
    )
    (tilemap
      (draw-target "normal")
      (width 100)
      (height 35)
      (speed 1)
      (solid #f)
      (z-pos -100)
      (tint 1 1 1 1)
      (tiles 0 0 0 0 0 0 0 0 0 0 0 0 0 0 0 0 0 0 0 0 0 0 0 0 0 0 0 0 0 0 0 0 0 0 0 0 0 0 0 0 0 0 0 0 0 0 0 0 0 0 0 0 0 0 0 0 0 0 0 0 0 0 0 0 0 0 0 0 0 0 0 0 0 0 0 0 0 0 0 0 0 0 0 0 0 0 0 0 0 0 0 0 0 0 0 0 0 0 0 0 0 0 0 0 0 0 0 0 0 0 0 0 0 0 0 0 0 0 0 0 0 0 0 0 0 0 0 0 0 0 0 0 0 0 0 0 0 0 0 0 0 0 0 0 0 0 0 0 0 0 0 0 0 0 0 0 0 0 0 0 0 0 0 0 0 0 0 0 0 0 0 0 0 0 0 0 0 0 0 0 0 0 0 0 0 0 0 0 0 0 0 0 0 0 0 0 0 0 0 0 0 0 0 0 0 0 0 0 0 0 0 0 0 0 0 0 0 0 0 0 0 0 0 0 0 0 0 0 0 0 0 0 0 0 0 0 0 0 0 0 0 0 0 0 0 0 0 0 0 0 0 0 0 0 0 0 0 0 0 0 0 0 0 0 0 0 0 0 0 0 0 0 0 0 0 0 0 0 0 0 0 0 0 0 0 0 0 0 0 0 0 0 0 0 0 0 0 0 0 0 0 0 0 0 0 0 0 0 0 0 0 0 0 0 0 0 0 0 0 0 0 0 0 0 0 0 0 0 0 0 0 0 0 0 0 0 0 0 0 0 0 0 0 0 0 0 0 0 0 0 0 0 0 0 0 0 0 0 0 0 0 0 0 0 0 0 0 0 0 0 0 0 0 0 0 0 0 0 0 0 0 0 0 0 0 0 0 0 0 0 0 0 0 0 0 0 0 0 0 0 0 0 0 0 0 0 0 0 0 0 0 0 0 0 0 0 0 0 0 0 0 0 0 0 0 0 0 0 0 0 0 0 0 0 0 0 0 0 0 0 0 0 0 0 0 0 0 0 0 0 0 0 0 0 0 0 0 0 0 0 0 0 0 0 0 0 0 0 0 0 0 0 0 0 0 0 0 0 0 0 0 0 0 0 0 0 0 0 0 0 0 0 0 0 0 0 0 0 0 0 0 0 0 0 0 0 0 0 0 0 0 0 0 0 0 0 0 0 0 0 0 0 0 0 0 0 0 0 0 0 0 0 0 0 0 0 0 0 0 0 0 0 0 0 0 0 0 0 0 0 0 0 0 0 0 0 0 0 0 0 0 0 0 0 0 0 0 0 0 0 0 0 0 0 0 0 0 0 0 0 0 0 0 0 0 0 0 0 0 0 0 0 0 0 0 0 0 0 0 0 0 0 0 0 0 0 0 0 0 0 0 0 0 0 0 0 0 0 0 0 0 0 0 0 0 0 0 0 0 0 0 0 0 0 0 0 0 0 0 0 0 0 0 0 0 0 0 0 0 0 0 0 0 0 0 0 0 0 0 0 0 0 0 0 0 0 0 0 0 0 0 0 0 0 0 0 0 0 0 0 0 0 0 0 0 0 0 0 0 0 0 0 0 0 0 0 0 0 0 0 0 0 0 0 0 0 0 0 0 0 0 0 0 0 0 0 0 0 0 0 0 0 0 0 0 0 0 0 0 0 0 0 0 0 0 0 0 0 0 0 0 0 0 0 0 0 0 0 0 0 0 0 0 0 0 0 0 0 0 0 0 0 0 0 0 0 0 0 0 0 0 0 0 0 0 0 0 0 0 0 0 0 0 0 0 0 0 0 0 0 0 0 0 0 0 0 0 0 0 0 0 0 3625 3625 3626 3627 3628 0 0 0 0 0 0 0 0 0 0 0 0 0 0 0 0 0 0 0 0 0 0 0 0 0 0 0 0 0 0 0 0 0 0 0 0 0 0 0 0 0 0 0 0 0 0 0 0 0 0 0 0 0 0 0 0 0 0 0 0 0 0 0 0 0 0 0 0 0 0 0 0 0 0 0 0 0 0 0 0 0 0 0 0 0 0 0 0 0 0 0 0 0 0 0 3629 3629 3630 3631 3632 0 0 0 0 0 0 0 0 0 0 0 0 0 0 0 0 0 0 0 0 0 0 0 0 0 0 0 0 0 0 0 0 0 0 0 0 0 0 0 0 0 0 0 0 0 0 0 0 0 0 0 0 0 0 0 0 0 0 0 0 0 0 0 0 0 0 0 0 0 0 0 0 0 0 0 0 0 0 0 0 0 0 0 0 0 0 0 0 0 0 0 0 0 0 0 3633 3633 3634 3635 3636 0 0 0 0 0 0 0 0 0 0 0 0 0 0 0 0 0 0 0 0 0 0 0 0 0 0 0 0 0 0 0 0 0 0 0 0 0 0 0 0 0 0 0 0 0 0 0 0 0 1321 1322 1323 1324 0 0 0 0 1321 1322 1323 1324 0 0 0 0 0 0 0 0 0 0 0 0 0 0 0 0 0 0 0 0 0 0 0 0 0 0 0 0 0 0 0 0 0 0 3633 3633 3634 3635 3636 3627 3628 0 0 0 0 0 0 0 0 0 0 0 0 0 0 0 0 0 0 0 0 0 0 0 0 0 0 0 0 0 0 0 0 0 0 0 0 0 0 0 0 0 0 0 0 0 0 0 1325 1326 1327 1328 0 0 0 0 1325 1326 1327 1328 0 0 0 0 0 0 0 0 0 0 0 0 0 0 0 0 0 0 0 0 0 0 0 0 0 0 0 0 0 0 0 0 0 0 3633 3633 3634 3635 3625 3626 3627 3628 0 0 0 0 0 0 0 0 0 0 0 0 0 0 0 0 0 0 0 0 0 0 0 0 0 0 0 0 0 0 0 0 0 0 0 0 0 0 0 0 0 0 106 107 108 0 1329 1330 1331 1332 0 106 107 108 1329 1330 1331 1332 0 0 0 0 0 0 0 0 0 0 0 0 0 0 0 0 0 0 0 0 0 0 0 0 0 0 0 0 0 0 0 0 3625 3626 3627 3633 3634 3635 3629 3630 3631 3632 0 0 0 0 0 0 0 0 0 0 0 0 0 0 0 0 0 0 0 0 0 0 0 0 0 0 0 0 0 0 0 0 0 0 0 0 0 0 0 0 0 0 109 110 111 0 1333 1334 1335 1336 0 109 110 111 1333 1334 1335 1336 0 0 0 0 0 0 0 0 0 0 0 0 0 0 0 0 0 0 0 0 0 0 0 0 0 0 0 0 0 0 0 0 3629 3630 3631 3633 3634 3635 3633 3634 3635 3636 0 0 0 0 0 0 0 0 0 0 0 0 0 0 0 0 0 0 0 0 0 0 0 0 0 0 0 0 0 0 0 0 0 0 0 0 0 0 0 0 0 0 0 0 0 0 0 0 0 0 0 0 0 0 0 0 0 0 0 0 0 0 0 0 0 0 0 0 0 0 0 0 0 0 0 0 0 0 0 0 0 0 0 0 0 0 0 0 0 0 3633 3634 3635 3633 3634 3635 3633 3634 3635 3636 0 0 0 0 0 0 0 0 0 0 0 0 0 0 0 0 0 0 0 0 0 0 0 0 0 0 0 0 0 0 0 0 0 0 0 0 0 0 0 0 0 0 0 0 0 0 0 0 0 0 0 0 0 0 0 0 0 0 0 0 0 0 0 0 0 0 0 0 0 0 0 0 0 0 0 0 0 0 0 0 0 0 0 0 0 0 0 0 0 0 3633 3634 3635 3636 3635 3636 0 0 0 3636 0 0 0 0 0 0 0 0 0 0 0 0 0 0 0 0 0 0 0 0 0 0 0 0 0 0 0 0 0 0 0 0 0 0 0 0 0 0 0 0 0 0 0 0 0 0 0 0 0 0 0 0 0 0 0 0 0 0 0 0 0 0 0 0 0 0 0 0 0 0 0 0 0 0 0 0 0 0 0 0 0 0 0 0 0 0 0 0 0 0 0 0 0 0 0 0 0 0 0 3636 0 0 0 0 0 0 0 0 0 0 0 0 0 0 0 0 0 0 0 0 0 0 0 0 0 0 0 0 0 0 0 0 0 0 0 0 0 0 0 0 0 0 0 0 0 0 0 0 0 0 0 0 0 0 0 0 0 0 0 0 0 0 0 0 0 0 0 0 0 0 0 0 0 0 0 0 0 0 0 0 0 0 0 0 0 0 0 0 0 0 0 0 0 0 0 0 0 0 0 0 0 0 0 0 0 0 0 0 0 0 0 0 0 0 0 0 0 0 0 0 0 0 0 0 0 0 0 0 0 0 0 0 0 0 0 0 0 0 0 0 0 0 0 0 0 0 0 0 0 0 0 0 0 0 0 0 0 0 0 0 0 0 0 0 0 0 0 0 0 0 0 0 0 0 0 0 0 0 0 0 0 0 0 0 0 0 0 0 0 0 0 0 0 0 0 0 0 0 0 0 0 0 0 0 0 0 0 0 0 0 0 0 0 0 0 0 0 0 0 0 0 0 0 0 0 0 0 0 0 0 0 0 0 0 0 0 0 0 0 0 0 0 0 0 0 0 0 0 0 0 0 0 0 0 0 0 0 0 0 0 0 0 0 0 130 0 0 0 0 0 0 0 0 0 0 0 0 0 0 0 0 0 0 0 0 0 0 0 0 0 0 0 0 0 0 0 0 0 0 3625 3626 3627 3628 0 0 0 0 0 0 0 0 0 0 0 0 0 0 0 0 0 0 0 0 0 0 0 0 0 0 0 0 0 0 0 0 3625 3626 3627 3628 0 0 0 0 0 0 0 0 0 0 0 0 0 0 0 0 0 0 0 0 0 0 0 0 0 129 0 0 0 0 0 0 0 0 0 0 0 0 0 0 0 0 0 0 0 0 0 0 0 0 0 0 0 0 0 0 0 0 0 0 3629 3630 3631 3632 0 3625 3626 3627 0 0 0 0 0 0 0 0 0 0 0 0 0 0 0 0 0 0 0 0 0 0 0 0 0 0 0 0 3629 3630 3631 3632 0 0 0 0 0 0 0 0 0 0 0 0 0 0 0 0 0 0 0 0 0 0 0 0 0 129 0 0 0 0 0 0 0 0 0 0 0 0 0 0 0 0 0 0 0 0 0 0 0 0 0 0 0 0 0 0 0 0 0 0 3633 3634 3635 106 107 108 3630 3631 0 0 0 0 0 0 0 0 0 0 0 0 0 0 0 0 0 0 0 3625 3626 3627 0 0 0 0 0 0 3633 3634 3635 3636 0 0 0 0 0 0 0 0 0 0 0 0 0 0 0 0 0 0 0 0 0 0 0 0 0 129 0 0 0 0 0 0 0 0 0 0 0 0 0 0 0 0 0 0 0 0 0 0 0 0 0 0 0 0 0 0 0 0 0 0 3637 3638 3639 109 110 111 3634 3635 0 0 0 0 0 0 3625 3626 3627 0 0 0 0 0 0 0 0 3625 3626 3627 3630 3631 106 107 108 3625 3626 3627 3633 3634 3635 3636 0 0 0 0 0 0 0 0 0 0 0 0 0 0 0 0 0 0 0 0 0 0 0 0 0 129 0 0 0 0 0 0 0 1321 1322 1323 1324 0 0 0 0 0 0 0 0 0 0 0 0 0 0 0 0 0 0 0 0 0 0 0 3637 3638 3639 3640 0 3633 3634 3635 0 0 106 107 108 3625 3629 3630 3631 3625 3626 3627 0 0 0 0 3625 3629 3630 3631 3634 3635 109 110 111 3629 3630 3631 3633 3634 3635 3636 0 0 0 0 0 0 0 0 0 0 0 0 0 0 0 0 0 0 0 0 0 0 0 0 0 129 0 0 0 0 0 0 0 1325 1326 1327 1328 0 0 0 0 0 0 0 0 0 0 0 0 0 0 0 0 0 0 0 0 0 0 0 0 0 0 0 0 3633 3634 3635 0 0 109 110 111 3629 3633 3634 3635 3629 3630 3631 0 0 0 0 3629 3633 3634 3635 3634 3635 0 0 0 3633 3634 3635 3633 3634 3635 3636 3628 0 0 0 0 0 0 0 0 0 0 0 0 0 0 0 0 0 0 0 0 0 106 107 108 129 0 0 0 0 106 107 108 1329 1330 1331 1332 0 106 107 108 0 0 0 0 0 0 0 0 0 0 0 0 0 0 0 0 0 0 0 0 0 0 0 0 0 0 0 0 0 0 0 0 3633 3633 3634 3635 3633 3634 3635 0 0 0 0 3633 3634 3635 3634 3635 0 0 0 0 3633 3634 3635 3633 3634 3635 3636 3632 0 0 0 0 0 0 0 0 0 0 0 0 0 0 2179 2186 0 0 0 0 0 109 110 111 129 2068 2068 0 24 109 110 111 1333 1334 1335 1336 0 109 110 111 0 0 0 0 0 0 0 0 0 0 0 0 0 0 0 0 0 0 0 0 0 0 0 0 0 0 0 0 0 0 0 0 0 0 0 0 0 0 0 0 0 0 0 0 0 0 0 0 0 0 0 0 3633 3634 3635 3633 3634 3635 3636 3636 0 0 0 0 0 0 0 0 0 0 0 0 0 0 2179 2198 2186 0 0 2185 2179 0 0 0 0 0 0 0 0 0 0 0 0 0 0 0 0 0 0 0 0 0 0 0 0 0 0 0 0 0 0 0 0 0 0 0 0 0 0 0 0 0 0 0 0 0 0 0 0 0 0 0 0 0 0 0 0 0 0 0 0 0 0 0 0 0 0 0 0 0 0 0 0 0 0 0 0 0 0 0 0 2186 0 0 0 0 0 0 0 0 0 0 0 0 2179 2179 2198 2199 2199 2200 2179 0 0 0 0 0 0 0 0 0 0 0 0 0 0 0 0 0 0 0 0 0 0 0 0 0 0 0 0 0 0 0 0 0 0 0 0 0 0 0 0 0 0 0 0 0 0 0 0 0 0 0 0 0 0 0 0 0 0 0 0 0 0 0 0 0 0 0 0 0 0 0 0 0 0 0 0 0 0 0 2179 2198 2186 0 0 2185 2179 0 0 0 0 0 0 0 2179 2179 2179 2179 2179 2179 2179 0 0 0 0 0 0 0 0 0 0 0 0 0 0 0 0 0 0 0 0 0 0 0 0 0 0 0 0 0 0 0 0 0 0 0 0 0 0 0 0 0 0 0 0 0 0 0 0 0 0 0 0 0 0 0 0 0 0 0 0 0 0 0 0 0 0 0 0 0 0 0 0 0 0 0 0 0 0 0 2179 2179 2198 2199 2199 2200 2179 0 0 0 0 0 0 0 2179 2179 2179 2179 2179 2179 2179 0 0 0 0 0 0 0 0 0 0 0 0 0 0 0 0 0 0 0 0 0 0 0 0 0 0 0 0 0 0 0 0 0 0 0 0 0 0 0 0 0 0 0 0 0 0 0 0 0 0 0 0 0 0 0 0 0 0 0 0 0 0 0 0 0 0 0 0 0 0 0 0 0 0 0 0 0 0 0 2179 2179 2179 2179 2179 2179 2179 0 0 0 0 0 0 0 2179 2179 2179 2179 2179 2179 2179 0 0 0 0 0 0 0 0 0 0 0 0 0 0 0 0 0 0 0 0 0 0 0 0 0 0 0 0 0 0 0 0 0 0 0 0 0 0 0 0 0 0 0 0 0 0 0 0 0 0 0 0 0 0 0 0 0 0 0 0 0 0 0 0 0 0 0 0 0 0 0 0 0 0 0 0 0 0 0 2179 2179 2179 2179 2179 2179 2179 0 0 0 0 0 0 0 2179 2179 2179 2179 2179 2179 2179 0 0 0 0 0 0 0 0 0 0 0 0 0 0 0 0 0 0 0 0 0 0 0 0 0 0 0 0 0 0 0 0 0 0 0 0 0 0 0 0 0 0 0 0 0 0 0 0 0 0 0 0 0 0 0 0 0 0 0 0 0 0 0 0 0 0 0 0 0 0 0 0 0 0 0 0 0 0 0 2179 2179 2179 2179 2179 2179 2179 0 0 0 0 0 0 0 2179 2179 2179 2179 2179 2179 2179 0 0 0 0 0 0 0 0 0 0 0 0 0 0 0 0 0 0 0 0 0 0 0 0 0 0 0 0 0 0 0 0 0 0 0 0 0 0 0 0 0 0 0 0 0 0 0 0 0 0 0 0 0 0 0 0 0 0 0 0 0 0 0 0 0 0 0 0 0 0 0 0 0 0 0 0 0 0 0 2179 2179 2179 2179 2179 2179 2179 0 0 0 0 0 0 0 2179 2179 2179 2179 2179 2179 2179 0 0 0 0 0 0 0 0 0 0 0 0 0 0 0 0 0 0 0 0 0 0 0 0 0 0 0 0 0)
    )
    (tilemap
      (name "crystal")
      (draw-target "normal")
      (width 100)
      (height 35)
      (speed 1)
      (solid #f)
      (z-pos 51)
      (tint 1 1 1 1)
      (tiles 0 0 0 0 0 0 0 0 0 0 0 0 0 0 0 0 0 0 0 0 0 0 0 0 0 0 0 0 0 0 0 0 0 0 0 0 0 0 0 0 0 0 0 0 0 0 0 0 0 0 0 0 0 0 0 0 0 0 0 0 0 0 0 0 0 0 0 0 0 0 0 0 0 0 0 0 0 0 0 0 0 0 0 0 0 0 0 0 0 0 0 0 0 0 0 0 0 0 0 0 0 0 0 0 0 0 0 0 0 0 0 0 0 0 0 0 0 0 0 0 0 0 0 0 0 0 0 0 0 0 0 0 0 0 0 0 0 0 0 0 0 0 0 0 0 0 0 0 0 0 0 0 0 0 0 0 0 0 0 0 0 0 0 0 0 0 0 0 0 0 0 0 0 0 0 0 0 0 0 0 0 0 0 0 0 0 0 0 0 0 0 0 0 0 0 0 0 0 0 0 0 0 0 0 0 0 0 0 0 0 0 0 0 0 0 0 0 0 0 0 0 0 0 0 0 0 0 0 0 0 0 0 0 0 0 0 0 0 0 0 0 0 0 0 0 0 0 0 0 0 0 0 0 0 0 0 0 0 0 0 0 0 0 0 0 0 0 0 0 0 0 0 0 0 0 0 0 0 0 0 0 0 0 0 0 0 0 0 0 0 0 0 0 0 0 0 0 0 0 0 0 0 0 0 0 0 0 0 0 0 0 0 0 0 0 0 0 0 0 0 0 0 0 0 0 0 0 0 0 0 0 0 0 0 0 0 0 0 0 0 0 0 0 0 0 0 0 0 0 0 0 0 0 0 0 0 0 0 0 0 0 0 0 0 0 0 0 0 0 0 0 0 0 0 0 0 0 0 0 0 0 0 0 0 0 0 0 0 0 0 0 0 0 0 0 0 0 0 0 0 0 0 0 0 0 0 0 0 0 0 0 0 0 0 0 0 0 0 0 0 0 0 0 0 0 0 0 0 0 0 0 0 0 0 0 0 0 0 0 0 0 0 0 0 0 0 0 0 0 0 0 0 0 0 0 0 0 0 0 0 0 0 0 0 0 0 0 0 0 0 0 0 0 0 0 0 0 0 0 0 0 0 0 0 0 0 0 0 0 0 0 0 0 0 0 0 0 0 0 0 0 0 0 0 0 0 0 0 0 0 0 0 0 0 0 0 0 0 0 0 0 0 0 0 0 0 0 0 0 0 0 0 0 0 0 0 0 0 0 0 0 0 0 0 0 0 0 0 0 0 0 0 0 0 0 0 0 0 0 0 0 0 0 0 0 0 0 0 0 0 0 0 0 0 0 0 0 0 0 0 0 0 0 0 0 0 0 0 0 0 0 0 0 0 0 0 0 0 0 0 0 0 0 0 0 0 0 0 0 0 0 0 0 0 0 0 0 0 0 0 0 0 0 0 0 0 0 0 0 0 0 0 0 0 0 0 0 0 0 0 0 0 0 0 0 0 0 0 0 0 0 0 0 0 0 0 0 0 0 0 0 0 0 0 0 0 0 0 0 0 0 0 0 0 0 0 0 0 0 0 0 0 0 0 0 0 0 0 0 0 0 0 0 0 0 0 0 0 0 0 0 0 0 0 0 0 0 0 0 0 0 0 0 0 0 0 0 0 0 0 0 0 0 0 0 0 0 0 0 0 0 0 0 0 0 0 0 0 0 0 0 0 0 0 0 0 0 0 0 0 0 0 0 0 0 0 0 0 0 0 0 0 0 0 0 0 0 0 0 0 0 0 0 0 0 0 0 0 0 0 0 0 0 0 0 0 0 0 0 0 0 0 0 0 0 0 0 0 0 0 0 0 0 0 0 0 0 0 0 0 0 0 0 0 0 0 0 0 0 0 0 0 0 0 0 0 0 0 0 0 0 0 0 0 0 0 0 0 0 0 0 0 0 0 0 0 0 0 0 0 0 0 0 0 0 0 0 0 0 0 0 0 0 0 0 0 0 0 0 0 0 0 0 0 0 0 0 0 0 0 0 0 0 0 0 0 0 0 0 0 0 0 0 0 0 0 0 0 0 0 0 0 0 0 0 0 0 0 0 0 0 0 0 0 0 0 0 0 0 0 0 0 0 0 0 0 0 0 0 0 0 0 0 0 0 0 0 0 0 0 0 0 0 0 0 0 0 0 0 0 0 0 0 0 0 0 0 0 0 0 0 0 0 0 0 0 0 0 0 0 0 0 0 0 0 0 0 0 0 0 0 0 0 0 0 0 0 0 0 0 0 0 0 0 0 0 0 0 0 0 0 0 0 0 0 0 0 0 0 0 0 0 0 0 0 0 0 0 0 0 0 0 0 0 0 0 0 0 0 0 0 0 0 0 0 0 0 0 0 0 0 0 0 0 0 0 0 0 0 0 0 0 0 0 0 0 0 0 0 0 0 0 0 0 0 0 0 0 0 0 0 0 0 0 0 0 0 0 0 0 0 0 0 0 0 0 0 0 0 0 0 0 0 0 0 0 0 0 0 0 0 0 0 0 0 0 0 0 0 0 0 0 0 0 0 0 0 0 0 0 0 0 0 0 0 0 0 0 0 0 0 0 0 0 0 0 0 0 0 0 0 0 0 0 0 0 0 0 0 0 0 0 0 0 0 0 0 0 0 0 0 0 0 0 0 0 0 0 0 0 0 0 0 0 0 0 0 0 0 0 0 0 0 0 0 0 0 0 0 0 0 0 0 0 0 0 0 0 0 0 0 0 0 0 0 0 0 0 0 0 0 0 0 0 0 0 0 0 0 0 0 0 0 0 0 0 0 0 0 0 0 0 0 0 0 0 0 0 0 0 0 0 0 0 0 0 0 0 0 0 0 0 0 0 0 0 0 0 0 0 0 0 0 0 0 0 0 0 0 0 0 0 0 0 0 0 0 0 0 0 0 0 0 0 0 0 0 0 0 0 0 0 0 0 0 0 0 0 0 0 0 0 0 0 0 0 0 0 0 0 0 0 0 0 0 0 0 0 0 0 0 0 0 0 0 0 0 0 0 0 0 0 0 0 0 0 0 0 0 0 0 0 0 0 0 0 0 0 0 2067 2068 2068 2068 2068 2068 2068 2068 2068 2068 2068 2068 2068 2068 2068 2068 2068 2068 2068 2068 2068 2068 2069 0 0 0 0 0 0 0 0 0 0 0 0 0 0 0 0 0 0 0 0 0 0 0 0 0 0 0 0 0 0 0 0 0 0 0 0 0 0 0 0 0 0 0 0 0 0 0 0 0 0 0 0 0 0 0 0 0 0 0 0 0 0 0 0 0 0 0 0 0 0 0 0 0 0 0 0 0 2072 2073 2073 2073 2073 2073 2073 2073 2073 2073 2073 2073 2073 2073 2073 2073 2073 2073 2073 2073 2073 2073 2074 0 0 0 0 0 0 0 0 0 0 0 0 0 0 0 0 0 0 0 0 0 0 0 0 0 0 0 0 2068 2068 2068 2068 2068 2068 2068 2068 2069 0 0 0 0 0 0 0 0 0 0 0 0 0 0 0 0 0 0 0 0 0 0 0 0 0 0 0 0 0 0 0 0 0 0 0 0 0 0 0 0 2062 2063 2063 2051 2058 2058 2058 2058 2058 2058 2058 2058 2058 2058 2058 2058 2050 2051 2058 2058 2058 2050 2064 0 0 0 0 0 0 0 0 0 0 0 0 0 0 0 0 0 0 0 0 0 0 0 0 0 0 0 0 2073 2073 2073 2073 2073 2073 2073 2073 2074 0 0 0 0 0 0 0 0 0 0 0 0 0 0 0 0 0 0 0 0 0 0 0 0 0 0 0 0 0 0 0 0 0 0 0 0 0 0 0 0 0 0 0 2062 2063 2051 2058 2050 2063 2051 2058 2058 2058 2058 2058 2050 2064 2062 2063 2051 2050 2064 0 0 0 0 0 0 0 0 0 0 0 0 0 0 0 0 0 0 0 0 0 0 0 0 0 0 0 0 0 2058 2058 2058 2058 2058 2058 2058 2050 2064 0 0 0 0 0 0 0 0 0 0 0 0 0 0 0 0 0 0 0 0 0 0 0 0 0 0 0 0 0 0 0 0 0 0 0 0 0 0 0 0 0 0 0 0 0 2062 2051 2059 0 2062 2063 2051 2058 2050 2063 2064 0 0 0 2062 2059 0 0 0 0 0 0 0 0 0 0 0 0 0 0 0 0 0 0 0 0 0 0 0 0 0 0 0 0 0 0 2058 2058 2058 2058 2058 2058 2058 2059 0 0 0 0 0 0 0 0 0 0 0 0 0 0 0 0 0 0 0 0 0 0 0 0 0 0 0 0 0 0 0 0 0 0 0 0 0 0 0 0 0 0 0 0 0 0 0 2062 2064 0 0 0 2062 2063 2064 0 0 0 0 0 0 2064 0 0 0 0 0 0 0 0 0 0 0 0 0 0 0 0 0 0 0 0 0 0 0 0 0 0 0 0 0 0 2058 2058 2058 2058 2058 2058 2050 2064 0 0 0 0 0 0 0 0 0 0 0 0 0 0 0 0 0 0 0 0 0 0 0 0 0 0 0 0 0 0 0 0 0 0 0 0 0 0 0 0 0 0 0 0 0 0 0 0 0 0 0 0 0 0 0 0 0 0 0 0 0 0 0 0 0 0 0 0 130 0 0 0 0 0 0 0 0 0 0 0 0 0 0 0 0 0 0 0 0 0 0 0 2058 2058 2058 2058 2058 2058 2059 0 0 0 0 0 0 0 0 0 0 0 0 0 0 0 0 0 0 0 0 0 0 0 0 0 0 0 0 0 0 0 0 0 0 0 0 0 0 0 0 0 0 0 0 0 0 0 0 0 0 0 0 0 0 0 0 0 0 0 0 0 0 0 0 0 0 0 0 0 129 0 0 0 0 0 0 0 0 0 0 0 0 0 0 0 0 0 0 0 0 0 0 0 2058 2058 2058 2058 2058 2058 2059 0 0 0 0 0 0 0 0 0 0 0 0 0 0 0 0 0 0 0 0 0 0 0 0 0 0 0 0 0 0 0 0 0 0 0 0 0 0 0 0 0 0 0 0 0 0 0 0 0 0 0 0 2052 2053 2054 0 0 0 0 0 0 0 0 0 0 0 0 0 0 129 0 0 0 0 0 0 0 0 0 0 0 0 0 0 0 0 0 0 0 0 0 0 0 2058 2058 2058 2058 2058 2050 2064 0 0 0 0 0 0 0 0 0 0 0 0 0 0 0 0 0 0 0 0 0 0 0 0 0 0 0 0 0 0 0 0 0 0 0 0 0 0 0 0 0 0 0 0 0 0 0 0 0 0 0 0 2057 2058 2059 0 0 0 0 0 0 0 0 0 0 0 0 0 0 129 0 0 0 0 0 0 0 0 0 0 0 0 0 0 0 0 0 0 0 0 0 0 0 2058 2058 2058 2058 2058 2059 0 0 0 0 0 2067 2068 2068 2068 2069 0 0 0 0 0 0 0 0 0 0 0 0 0 0 0 0 0 0 0 0 0 0 0 0 0 0 0 0 0 0 0 0 0 0 0 0 0 0 0 0 0 0 0 2057 2058 2055 2054 0 0 0 0 0 0 0 0 0 0 0 0 0 129 0 0 0 0 0 0 0 0 0 0 0 0 0 0 0 0 0 0 0 0 0 0 0 2058 2058 2058 2058 2058 2059 0 0 0 0 0 2072 2073 2073 2073 2074 0 0 0 0 0 0 0 0 0 0 0 0 0 0 0 0 0 0 2067 2068 2068 2068 2068 2068 2068 2069 0 0 0 0 0 0 0 0 0 0 0 0 0 0 0 0 2052 2056 2058 2058 2059 0 0 0 0 0 0 0 0 0 0 0 0 0 129 0 0 0 0 0 0 0 0 0 0 0 0 0 0 0 0 0 0 0 0 0 0 0 2058 2058 2058 2058 2058 2055 2054 0 0 0 0 2062 2051 2058 2058 2059 0 0 0 0 2067 2068 2068 2068 2068 2068 2068 2068 2068 2068 2069 0 0 0 2072 2073 2073 2073 2073 2073 2073 2074 0 0 0 0 0 0 0 0 0 0 0 0 0 0 0 0 2057 2058 2058 2058 2059 0 0 0 0 0 0 0 0 0 0 0 0 0 129 0 0 0 0 0 0 0 0 0 0 0 0 0 0 0 0 0 0 0 0 0 0 0 2058 2058 2058 2058 2058 2058 2059 0 0 0 0 0 2057 2058 2058 2055 2054 0 0 0 2072 2073 2073 2073 2073 2073 2073 2073 2073 2073 2074 0 0 0 2062 2051 2058 2058 2058 2058 2050 2064 0 2067 2068 2068 2068 2068 2068 2068 2069 0 0 0 0 0 0 2052 2056 2058 2058 2058 2055 2054 0 0 0 0 0 0 0 0 0 0 0 0 129 2067 2068 2068 2068 2068 2068 2068 2068 2068 2068 2068 2068 2068 2068 2068 2068 2068 2068 2068 2068 2068 2068 2068 2058 2058 2058 2058 2058 2058 2055 2054 0 0 2052 2053 2056 2058 2058 2058 2059 0 0 0 2062 2051 2058 2058 2058 2058 2058 2058 2058 2050 2064 0 0 0 0 2057 2058 2058 2058 2058 2059 0 0 2072 2073 2073 2073 2073 2073 2073 2074 0 0 0 0 0 0 2057 2058 2058 2058 2058 2058 2059 0 0 0 0 0 0 0 0 0 0 0 0 0 2072 2073 2073 2073 2073 2073 2073 2073 2073 2073 2073 2073 2073 2073 2073 2073 2073 2073 2073 2073 2073 2073 2073 2058 2058 2058 2058 2058 2058 2058 2055 2053 2053 2056 2058 2058 2058 2058 2058 2055 2053 2054 0 0 2057 2058 2058 2058 2058 2058 2058 2058 2059 0 0 2052 2053 2053 2056 2058 2058 2058 2058 2055 2053 2053 2056 2058 2058 2058 2058 2058 2050 2064 0 0 0 0 0 2052 2056 2058 2058 2058 2058 2058 2059 0 0 0 0 0 0 0 2052 2053 2053 2054 0 0 2062 2051 2058 2058 2058 2058 2058 2058 2058 2058 2058 2058 2058 2058 2058 2058 2058 2058 2058 2058 2058 2058 2058 2058 2058 2058 2058 2058 2058 2058 2058 2058 2058 2058 2058 2058 2058 2058 2058 2058 2058 2055 2053 2053 2056 2058 2058 2058 2058 2058 2058 2058 2055 2053 2053 2056 2058 2058 2058 2058 2058 2058 2058 2058 2058 2058 2058 2058 2058 2058 2058 2058 2059 0 0 0 0 0 0 2057 2058 2058 2058 2058 2058 2058 2055 2053 2054 0 0 2052 2053 2053 2056 2058 2058 2055 2053 2054 0 2057 2058 2058 2058 2058 2058 2058 2058 2058 2058 2058 2058 2058 2058 2058 2058 2058 2058 2058 2058 2058 2058 2058 2058 2058 2058 2058 2058 2058 2058 2058 2058 2058 2058 2058 2058 2058 2058 2058 2058 2058 2058 2058 2058 2058 2058 2058 2058 2058 2058 2058 2058 2058 2058 2058 2058 2058 2058 2058 2058 2058 2058 2058 2058 2058 2058 2058 2058 2058 2058 2058 2055 2053 2054 0 0 0 2052 2056 2058 2058 2058 2058 2058 2058 2058 2058 2055 2053 2053 2056 2058 2058 2058 2058 2058 2058 2058 2055 2053 2056 2058 2058 2058 2058 2058 2058 2058 2058 2058 2058 2058 2058 2058 2058 2058 2058 2058 2058 2058 2058 2058 2058 2058 2058 2058 2058 2058 2058 2058 2058 2058 2058 2058 2058 2058 2058 2058 2058 2058 2058 2058 2058 2058 2058 2058 2058 2058 2058 2058 2058 2058 2058 2058 2058 2058 2058 2058 2058 2058 2058 2058 2058 2058 2058 2058 2058 2058 2058 2058 2058 2058 2058 2055 2053 2053 2053 2056 2058 2058 2058 2058 2058 2058 2058 2058 2058 2058 2058 2058 2058 2058 2058 2058 2058 2058 2058 2058 2058 2058 2058 2058 2058 2058 2058 2058 2058 2058 2058 2058 2058 2058 2058 2058 2058 2058 2058 2058 2058 2058 2058 2058 2058 2058 2058 2058 2058 2058 2058 2058 2058 2058 2058 2058 2058 2058 2058 2058 2058 2058 2058 2058 2058 2058 2058 2058 2058 2058 2058 2058 2058 2058 2058 2058 2058 2058 2058 2058 2058 2058 2058 2058 2058 2058 2058 2058 2058 2058 2058 2058 2058 2058 2058 2058 2058 2058 2058 2058 2058 2058 2058 2058 2058 2058 2058 2058 2058 2058 2058 2058 2058 2058 2058 2058 2058 2058 2058 2058 2058 2058 2058 2058 2058 2058 2058 2058 2058 2058 2058 2058 2058 2058 2058 2058 2058 2058 2058 2058 2058 2058 2058 2058 2058 2058 2058 2058 2058 2058 2058 2058 2058 2058 2058 2058 2058 2058 2058 2058 2058 2058 2058 2058 2058 2058 2058 2058 2058 2058 2058 2058 2058 2058 2058 2058 2058 2058 2058 2058 2058 2058 2058 2058 2058 2058 2058 2058 2058 2058 2058 2058 2058 2058 2058 2058 2058 2058 2058 2058 2058 2058 2058 2058 2058 2058 2058 2058 2058 2058 2058 2058 2058 2058 2058 2058 2058 2058 2058 2058 2058 2058 2058 2058 2058 2058 2058 2058 2058 2058 2058 2058 2058 2058 2058 2058 2058 2058 2058 2058 2058 2058 2058 2058 2058 2058 2058 2058 2058 2058 2058 2058 2058 2058 2058 2058 2058 2058 2058 2058 2058 2058 2058 2058 2058 2058 2058 2058 2058 2058 2058 2058 2058 2058 2058 2058 2058 2058 2058 2058 2058 2058 2058 2058 2058 2058 2058 2058 2058 2058 2058 2058 2058 2058 2058 2058 2058 2058 2058 2058 2058 2058 2058 2058 2058 2058 2058 2058 2058 2058 2058 2058 2058 2058 2058 2058 2058 2058 2058 2058 2058 2058 2058 2058 2058 2058 2058 2058 2058 2058 2058 2058 2058 2058 2058 2058 2058 2058 2058 2058 2058 2058 2058 2058)
    )
    (tilemap
      (draw-target "normal")
      (width 100)
      (height 35)
      (speed 1)
      (solid #t)
      (z-pos 0)
      (tint 1 1 1 1)
      (tiles 0 0 0 0 0 0 0 0 0 0 0 0 0 0 0 0 0 0 0 0 0 0 0 0 0 0 0 0 0 0 0 0 0 0 0 0 0 0 0 0 0 0 0 0 0 0 0 0 0 0 0 0 0 0 0 0 0 0 0 0 0 0 0 0 0 0 0 0 0 0 0 0 0 0 0 0 0 0 0 0 0 0 0 0 0 0 0 0 0 0 0 0 0 0 0 0 0 0 0 0 0 0 0 0 0 0 0 0 0 0 0 0 0 0 0 0 0 0 0 0 0 0 0 0 0 0 0 0 0 0 0 0 0 0 0 0 0 0 0 0 0 0 0 0 0 0 0 0 0 0 0 0 0 0 0 0 0 0 0 0 0 0 0 0 0 0 0 0 0 0 0 0 0 0 0 0 0 0 0 0 0 0 0 0 0 0 0 0 0 0 0 0 0 0 0 0 0 0 0 0 0 0 0 0 0 0 0 0 0 0 0 0 0 0 0 0 0 0 0 0 0 0 0 0 0 0 0 0 0 0 0 0 0 0 0 0 0 0 0 0 0 0 0 0 0 0 0 0 0 0 0 0 0 0 0 0 0 0 0 0 0 0 0 0 0 0 0 0 0 0 0 0 0 0 0 0 0 0 0 0 0 0 0 0 0 0 0 0 0 0 0 0 0 0 0 0 0 0 0 0 0 0 0 0 0 0 0 0 0 0 0 0 0 0 0 0 0 0 0 0 0 0 0 0 0 0 0 0 0 0 0 0 0 0 0 0 0 0 0 0 0 0 0 0 0 0 0 0 0 0 0 0 0 0 0 0 0 0 0 0 0 0 0 0 0 0 0 0 0 0 0 0 0 0 0 0 0 0 0 0 0 0 0 0 0 0 0 0 0 0 0 0 0 0 0 0 0 0 0 0 0 0 0 0 0 0 0 0 0 0 0 0 0 0 0 0 0 0 0 0 0 0 0 0 0 0 0 0 0 0 0 0 0 0 0 0 0 0 0 0 0 0 0 0 0 0 0 0 0 0 0 0 0 0 0 0 0 0 0 0 0 0 0 0 0 0 0 0 0 0 0 0 0 0 0 0 0 0 0 0 0 0 0 0 0 0 0 0 0 0 0 0 0 0 0 0 0 0 0 0 0 0 0 0 0 0 0 0 0 0 0 0 0 0 0 0 0 0 0 0 0 0 0 0 0 0 0 0 0 0 0 0 0 0 0 0 0 0 0 0 0 0 0 0 0 0 0 0 0 0 0 0 0 0 0 0 0 0 0 0 0 0 0 0 0 0 0 0 0 0 0 0 0 0 0 0 0 0 0 0 0 0 0 0 0 0 0 0 0 0 0 0 0 0 0 0 0 0 0 0 0 0 0 0 0 0 0 0 0 0 0 0 0 0 0 0 0 0 0 0 0 0 0 0 0 0 0 0 0 0 0 0 0 0 0 0 0 0 0 0 0 0 0 0 0 0 0 0 0 0 0 0 0 0 0 0 0 0 0 0 0 0 0 0 0 0 0 0 0 0 0 0 0 0 0 0 0 0 0 0 0 0 0 0 0 0 0 0 0 0 0 0 0 0 0 0 0 0 0 0 0 0 0 0 0 0 0 0 0 0 0 0 0 0 0 0 0 0 0 0 0 0 0 0 0 0 0 0 0 0 0 0 0 0 0 0 0 0 0 0 0 0 0 0 0 0 0 0 0 0 0 0 0 0 0 0 0 0 0 0 0 0 0 0 0 0 0 0 0 0 0 0 0 0 0 0 0 0 0 0 0 0 0 0 0 0 0 0 0 0 0 0 0 0 0 0 0 0 0 0 0 0 0 0 0 0 0 0 0 0 0 0 0 0 0 0 0 0 0 0 0 0 0 0 0 0 0 0 0 0 0 0 0 0 0 0 0 0 0 0 0 0 0 0 0 0 0 0 0 0 0 0 0 0 0 0 0 0 0 0 0 0 0 0 0 0 0 0 0 0 0 0 0 0 0 0 0 0 0 0 0 0 0 0 0 0 0 0 0 0 0 0 0 0 0 0 0 0 0 0 0 0 0 0 0 0 0 0 0 0 0 0 0 0 0 0 0 0 0 0 0 0 0 0 0 0 0 0 0 0 0 0 0 0 0 0 0 0 0 0 0 0 0 0 0 0 0 0 0 0 0 0 0 0 0 0 0 0 0 0 0 0 0 0 0 0 0 0 0 0 0 0 0 0 0 0 0 0 0 0 0 0 0 0 0 0 0 0 0 0 0 0 0 0 0 0 0 0 0 0 0 0 0 0 0 0 0 0 0 0 0 0 0 0 0 0 0 0 0 0 0 0 0 0 0 0 0 0 0 0 0 0 0 0 0 0 0 0 0 0 0 0 0 0 0 0 0 0 0 0 0 0 0 0 0 0 0 0 0 0 0 0 0 0 0 0 0 0 0 0 0 0 0 0 0 0 0 0 0 0 0 0 0 0 0 0 0 0 0 0 0 0 0 0 0 0 0 0 0 0 0 0 0 0 0 0 0 0 0 0 0 0 0 0 0 0 0 0 0 0 0 0 0 0 0 0 0 0 0 0 0 0 0 0 0 0 0 0 0 0 0 0 0 0 0 0 0 0 0 0 0 0 0 0 0 0 0 0 0 0 0 0 0 0 0 0 0 0 0 0 0 0 0 0 0 0 0 0 0 0 0 0 0 0 0 0 0 0 0 0 0 0 0 0 0 0 0 0 0 0 0 0 0 0 0 0 0 0 0 0 0 0 0 0 0 0 0 0 0 0 0 0 0 0 0 0 0 0 0 0 0 0 0 0 0 0 0 0 0 0 0 0 0 0 0 0 0 0 0 0 0 0 0 0 0 0 0 0 0 0 0 0 0 0 0 0 0 0 0 0 0 0 0 0 0 0 0 0 0 0 0 0 0 0 0 0 0 0 0 0 0 0 0 0 0 0 0 0 0 0 0 0 0 0 0 0 0 0 0 0 0 0 0 0 0 0 0 0 0 0 0 0 0 0 0 0 0 0 0 0 0 0 0 0 0 0 0 0 0 0 0 0 0 0 0 0 0 0 0 0 1723 1724 1724 1724 1724 1724 1724 1724 1724 1724 1724 1724 1724 1724 1724 1724 1724 1724 1724 1724 1726 0 0 0 0 0 0 0 0 0 0 0 0 0 0 0 0 0 0 0 0 0 0 0 0 0 0 0 0 0 0 0 0 0 0 0 0 0 0 0 0 0 0 0 0 0 0 0 0 0 0 0 0 0 0 0 0 0 0 0 0 0 0 0 0 0 0 0 0 0 0 0 0 0 0 0 0 0 0 0 1016 1017 1017 1009 1009 1009 1009 1009 1009 1009 1009 1009 1009 1009 1009 1009 1009 1009 1017 1017 1019 0 0 0 0 0 0 0 0 0 0 0 0 0 0 0 0 0 0 0 0 0 0 0 0 0 0 0 0 0 1724 1724 1724 1724 1724 1724 1724 1726 0 0 0 0 0 0 0 0 0 0 0 0 0 0 0 0 0 0 0 0 0 0 0 0 0 0 0 0 0 0 0 0 0 0 0 0 0 0 0 0 0 0 0 0 0 1016 1017 1009 1009 1009 1009 1009 1009 1009 1009 1009 1009 1009 1017 1019 0 0 0 0 0 0 0 0 0 0 0 0 0 0 0 0 0 0 0 0 0 0 0 0 0 0 0 0 0 0 0 0 1009 1009 1009 1009 1009 1009 1009 1011 0 0 0 0 0 0 0 0 0 0 0 0 0 0 0 0 0 0 0 0 0 0 0 0 0 0 0 0 0 0 0 0 0 0 0 0 0 0 0 0 0 0 0 0 0 0 0 1016 1009 1009 1009 1009 1009 1009 1009 1009 1009 1019 0 0 0 0 0 0 0 0 0 0 0 0 0 0 0 0 0 0 0 0 0 0 0 0 0 0 0 0 0 0 0 0 0 0 1009 1009 1009 1009 1009 1009 1009 1011 0 0 0 0 0 0 0 0 0 0 0 0 0 0 0 0 0 0 0 0 0 0 0 0 0 0 0 0 0 0 0 0 0 0 0 0 0 0 0 0 0 0 0 0 0 0 0 0 1008 1009 1009 1009 1009 1009 1009 1009 1011 0 0 0 0 0 0 0 0 0 0 0 0 0 0 0 0 0 0 0 0 0 0 0 0 0 0 0 0 0 0 0 0 0 0 0 1009 1009 1009 1009 1009 1009 1009 1011 0 0 0 0 0 0 0 0 0 0 0 0 0 0 0 0 0 0 0 0 0 0 0 0 0 0 0 0 0 0 0 0 0 0 0 0 0 0 0 0 0 0 0 0 0 0 0 0 1008 1009 1009 1009 1009 1009 1009 1009 1011 0 0 0 0 0 0 0 0 0 0 0 0 0 0 0 0 0 0 0 0 0 0 0 0 0 0 0 0 0 0 0 0 0 0 0 1009 1009 1009 1009 1009 1009 1009 1011 0 0 0 0 0 0 0 0 0 0 0 0 0 0 0 0 0 0 0 0 0 0 0 0 0 0 0 0 0 0 0 0 0 0 0 0 0 0 0 0 0 0 0 0 0 0 0 0 1008 1009 1009 1009 1009 1009 1009 1009 1011 0 0 0 0 0 0 0 0 0 0 133 0 0 0 0 0 0 0 0 0 0 0 0 0 0 0 0 0 0 0 0 0 0 0 0 1009 1009 1009 1009 1009 1009 1009 1011 0 0 0 0 0 0 0 0 0 0 0 0 0 0 0 0 0 0 0 0 0 0 0 0 0 0 0 0 0 0 0 0 0 0 0 0 0 0 0 0 0 0 0 0 0 0 0 0 1008 1009 1009 1009 1009 1009 1009 1009 1011 0 0 0 0 0 0 0 0 0 0 133 0 0 0 0 0 0 0 0 0 0 0 0 0 0 0 0 0 0 0 0 0 0 0 0 1009 1009 1009 1009 1009 1009 1009 1011 0 0 0 0 0 0 0 0 0 0 0 0 0 0 0 0 0 0 0 0 0 0 0 0 0 0 83 83 83 83 83 0 0 0 0 0 0 0 0 0 0 0 0 0 0 0 0 0 1008 1009 1009 1009 1009 1009 1009 1009 1011 0 44 44 44 0 0 0 0 0 0 133 0 0 0 0 0 0 0 0 0 0 0 0 0 0 0 0 0 0 0 0 0 0 0 0 1009 1009 1009 1009 1009 1009 1009 1011 0 0 0 0 0 0 0 0 0 0 0 0 0 0 83 83 83 102 83 0 0 0 0 0 0 0 0 0 0 0 0 0 0 0 0 0 0 0 0 0 0 0 0 0 0 0 0 0 1008 1009 1009 1009 1009 1009 1009 1009 1011 0 0 0 0 0 0 0 0 0 0 133 0 0 0 0 0 0 0 0 0 0 0 0 0 0 0 0 0 0 0 0 0 0 0 0 1009 1009 1009 1009 1009 1009 1009 1011 1724 1724 1724 1724 1724 1724 1724 1724 1726 0 0 0 0 0 0 0 0 0 0 0 0 0 0 0 0 0 0 0 0 0 0 0 0 0 0 0 0 0 0 0 0 0 0 27 28 28 28 29 1008 1009 1009 1009 1009 1009 1009 1009 1011 27 28 28 28 29 0 0 0 0 0 133 0 0 0 0 0 0 0 0 0 0 0 0 0 0 0 0 0 0 0 0 0 0 0 0 1009 1009 1009 1009 1009 1009 1009 1009 1009 1009 1009 1009 1009 1009 1009 1009 1011 0 0 0 0 0 0 0 0 0 0 0 0 0 0 0 1723 1724 1724 1724 1724 1724 1724 1724 1726 2069 0 0 0 0 0 0 0 0 0 0 0 0 0 0 1008 1009 1009 1009 1009 1009 1009 1009 1011 0 0 0 0 0 0 0 0 0 0 133 0 0 0 0 0 0 0 0 0 0 0 0 0 0 0 0 0 0 0 0 0 0 0 0 1009 1009 1009 1009 1009 1009 1009 1009 1009 1009 1009 1009 1009 1009 1009 1009 1011 1724 1724 1724 1724 1724 1724 1724 1724 1724 1724 1724 1724 1724 1724 1724 1008 1009 1009 1009 1009 1009 1009 1009 1011 2074 0 0 0 0 0 0 0 0 0 0 0 0 0 0 1008 1009 1009 1009 1009 1009 1009 1009 1011 0 0 0 0 0 0 0 0 0 0 133 0 0 0 0 0 0 0 0 0 0 0 0 0 0 0 0 0 0 0 0 0 0 0 0 1009 1009 1009 1009 1009 1009 1009 1009 1009 1009 1009 1009 1009 1009 1009 1009 1009 1009 1009 1009 1009 1009 1009 1009 1009 1009 1009 1009 1009 1009 1009 1009 1009 1009 1009 1009 1009 1009 1009 1009 1011 1724 1724 1724 1724 1724 1724 1724 1724 1724 1726 0 0 0 0 0 1008 1009 1009 1009 1009 1009 1009 1009 1011 0 0 0 0 0 1723 1724 1724 1724 1724 133 1724 1724 1724 1724 1724 1724 1724 1724 1724 1724 1724 1724 1724 1724 1724 1724 1724 1724 1724 1724 1724 1724 1724 132 1009 1009 1009 1009 1009 1009 1009 1009 1009 1009 1009 1009 1009 1009 1009 1009 1009 1009 1009 1009 1009 1009 1009 1009 1009 1009 1009 1009 1009 1009 1009 1009 1009 1009 1009 1009 1009 1009 1009 1009 1009 1009 1009 1009 1009 1009 1009 1009 1009 1009 1011 0 0 0 0 0 1008 1009 1009 1009 1009 1009 1009 1009 1011 0 0 0 0 0 1008 1009 1009 1009 1009 1009 1009 1009 1009 1009 1009 1009 1009 1009 1009 1009 1009 1009 1009 1009 1009 1009 1009 1009 1009 1009 1009 1009 1009 1009 1009 1009 1009 1009 1009 1009 1009 1009 1009 1009 1009 1009 1009 1009 1009 1009 1009 1009 1009 1009 1009 1009 1009 1009 1009 1009 1009 1009 1009 1009 1009 1009 1009 1009 1009 1009 1009 1009 1009 1009 1009 1009 1009 1009 1009 1009 1009 1009 1009 1009 1011 0 0 0 0 0 1008 1009 1009 1009 1009 1009 1009 1009 1011 0 0 0 0 0 1008 1009 1009 1009 1009 1009 1009 1009 1009 1009 1009 1009 1009 1009 1009 1009 1009 1009 1009 1009 1009 1009 1009 1009 1009 1009 1009 1009 1009 1009 1009 1009 1009 1009 1009 1009 1009 1009 1009 1009 1009 1009 1009 1009 1009 1009 1009 1009 1009 1009 1009 1009 1009 1009 1009 1009 1009 1009 1009 1009 1009 1009 1009 1009 1009 1009 1009 1009 1009 1009 1009 1009 1009 1009 1009 1009 1009 1009 1009 1009 1011 0 0 0 0 0 1008 1009 1009 1009 1009 1009 1009 1009 1011 0 0 0 0 0 1008 1009 1009 1009 1009 1009 1009 1009 1009 1009 1009 1009 1009 1009 1009 1009 1009 1009 1009 1009 1009 1009 1009 1009 1009 1009 1009 1009 1009 1009 1009 1009 1009 1009 1009 1009 1009 1009 1009 1009 1009 1009 1009 1009 1009 1009 1009 1009 1009 1009 1009 1009 1009 1009 1009 1009 1009 1009 1009 1009 1009 1009 1009 1009 1009 1009 1009 1009 1009 1009 1009 1009 1009 1009 1009 1009 1009 1009 1009 1009 1011 0 0 0 0 0 1008 1009 1009 1009 1009 1009 1009 1009 1011 0 0 0 0 0 1008 1009 1009 1009 1009 1009 1009 1009 1009 1009 1009 1009 1009 1009 1009 1009 1009 1009 1009 1009 1009 1009 1009 1009 1009 1009 1009 1009 1009 1009 1009 1009 1009 1009 1009 1009 1009 1009 1009 1009 1009 1009 1009 1009 1009 1009 1009 1009 1009 1009 1009 1009 1009 1009 1009 1009 1009 1009 1009 1009 1009 1009 1009 1009 1009 1009 1009 1009 1009 1009 1009 1009 1009 1009 1009 1009 1009 1009 1009 1009 1011 0 0 0 0 0 1008 1009 1009 1009 1009 1009 1009 1009 1011 0 0 0 0 0 1008 1009 1009 1009 1009 1009 1009 1009 1009 1009 1009 1009 1009 1009 1009 1009 1009 1009 1009 1009 1009 1009 1009 1009 1009 1009 1009 1009 1009 1009 1009 1009 1009 1009 1009 1009 1009 1009 1009 1009 1009 1009 1009 1009 1009 1009 1009 1009 1009 1009 1009 1009 1009 1009 1009 1009 1009 1009 1009 1009 1009 1009 1009 1009 1009 1009 1009 1009 1009 1009 1009 1009 1009 1009 1009 1009 1009 1009 1009 1009 1011 0 0 0 0 0 1008 1009 1009 1009 1009 1009 1009 1009 1011 0 0 0 0 0 1008 1009 1009 1009 1009 1009 1009 1009 1009 1009 1009 1009 1009 1009 1009 1009 1009 1009 1009 1009 1009 1009 1009 1009 1009 1009 1009 1009 1009 1009 1009 1009 1009 1009 1009 1009 1009 1009 1009 1009 1009 1009 1009 1009 1009 1009 1009 1009 1009 1009 1009 1009 1009 1009 1009 1009 1009 1009 1009 1009 1009 1009 1009 1009 1009 1009 1009 1009 1009 1009 1009 1009 1009 1009 1009 1009 1009 1009 1009 1009 1011 0 0 0 0 0 1008 1009 1009 1009 1009 1009 1009 1009 1011 0 0 0 0 0 1008 1009 1009 1009 1009 1009 1009 1009 1009 1009 1009 1009 1009 1009 1009 1009 1009 1009 1009 1009 1009 1009 1009 1009 1009 1009 1009 1009 1009 1009 1009 1009 1009 1009 1009 1009 1009 1009 1009 1009 1009 1009 1009 1009 1009 1009 1009 1009 1009 1009 1009 1009 1009 1009 1009 1009 1009 1009 1009 1009 1009 1009 1009 1009 1009 1009 1009 1009 1009 1009 1009 1009 1009 1009 1009 1009 1009 1009 1009 1009 1011 0 0 0 0 0 1008 1009 1009 1009 1009 1009 1009 1009 1011 0 0 0 0 0 1008 1009 1009 1009 1009 1009 1009 1009 1009 1009 1009 1009 1009 1009 1009 1009 1009 1009 1009 1009 1009 1009 1009 1009 1009 1009 1009 1009 1009 1009)
    )
    (spawnpoint
      (name "main")
      (x 384)
      (y 704)
    )
    (camera
      (name "Camera")
      (mode "normal")
    )
    (particles-snow
      (z-pos 200)
    )
    (platform
      (name "start")
      (x 1632)
      (y 864)
      (sprite "images/objects/platforms/wood-fivetiles.sprite")
      (running #f)
      (path
        (mode "circular")
        (node
          (x 1632)
          (y 864)
          (time 3)
        )
        (node
          (x 1632)
          (y 1088)
          (time 1)
        )
      )
    )
    (platform
      (name "end")
      (x 2080)
      (y 1088)
      (sprite "images/objects/platforms/wood-fivetiles.sprite")
      (running #f)
      (path
        (mode "circular")
        (node
          (x 2080)
          (y 1088)
          (time 3)
        )
        (node
          (x 2080)
          (y 864)
          (time 1)
        )
      )
    )
    (spawnpoint
      (name "final")
      (x 2144)
      (y 1056)
    )
    (scripttrigger
      (width 32)
      (height 96)
      (script "start.goto_node(1);
wait(2.75);")
      (button #f)
      (oneshot #t)
      (x 1632)
      (y 768)
    )
    (scripttrigger
      (width 160)
      (height 32)
      (script "end.goto_node(1);")
      (button #f)
      (oneshot #t)
      (x 2080)
      (y 1056)
    )
    (tilemap
      (name "pole")
      (draw-target "normal")
      (width 100)
      (height 35)
      (speed 1)
      (solid #f)
      (z-pos -50)
      (tint 1 1 1 1)
      (tiles 0 0 0 0 0 0 0 0 0 0 0 0 0 0 0 0 0 0 0 0 0 0 0 0 0 0 0 0 0 0 0 0 0 0 0 0 0 0 0 0 0 0 0 0 0 0 0 0 0 0 0 0 0 0 0 0 0 0 0 0 0 0 0 0 0 0 0 0 0 0 0 0 0 0 0 0 0 0 0 0 0 0 0 0 0 0 0 0 0 0 0 0 0 0 0 0 0 0 0 0 0 0 0 0 0 0 0 0 0 0 0 0 0 0 0 0 0 0 0 0 0 0 0 0 0 0 0 0 0 0 0 0 0 0 0 0 0 0 0 0 0 0 0 0 0 0 0 0 0 0 0 0 0 0 0 0 0 0 0 0 0 0 0 0 0 0 0 0 0 0 0 0 0 0 0 0 0 0 0 0 0 0 0 0 0 0 0 0 0 0 0 0 0 0 0 0 0 0 0 0 0 0 0 0 0 0 0 0 0 0 0 0 0 0 0 0 0 0 0 0 0 0 0 0 0 0 0 0 0 0 0 0 0 0 0 0 0 0 0 0 0 0 0 0 0 0 0 0 0 0 0 0 0 0 0 0 0 0 0 0 0 0 0 0 0 0 0 0 0 0 0 0 0 0 0 0 0 0 0 0 0 0 0 0 0 0 0 0 0 0 0 0 0 0 0 0 0 0 0 0 0 0 0 0 0 0 0 0 0 0 0 0 0 0 0 0 0 0 0 0 0 0 0 0 0 0 0 0 0 0 0 0 0 0 0 0 0 0 0 0 0 0 0 0 0 0 0 0 0 0 0 0 0 0 0 0 0 0 0 0 0 0 0 0 0 0 0 0 0 0 0 0 0 0 0 0 0 0 0 0 0 0 0 0 0 0 0 0 0 0 0 0 0 0 0 0 0 0 0 0 0 0 0 0 0 0 0 0 0 0 0 0 0 0 0 0 0 0 0 0 0 0 0 0 0 0 0 0 0 0 0 0 0 0 0 0 0 0 0 0 0 0 0 0 0 0 0 0 0 0 0 0 0 0 0 0 0 0 0 0 0 0 0 0 0 0 0 0 0 0 0 0 0 0 0 0 0 0 0 0 0 0 0 0 0 0 0 0 0 0 0 0 0 0 0 0 0 0 0 0 0 0 0 0 0 0 0 0 0 0 0 0 0 0 0 0 0 0 0 0 0 0 0 0 0 0 0 0 0 0 0 0 0 0 0 0 0 0 0 0 0 0 0 0 0 0 0 0 0 0 0 0 0 0 0 0 0 0 0 0 0 0 0 0 0 0 0 0 0 0 0 0 0 0 0 0 0 0 0 0 0 0 0 0 0 0 0 0 0 0 0 0 0 0 0 0 0 0 0 0 0 0 0 0 0 0 0 0 0 0 0 0 0 0 0 0 0 0 0 0 0 0 0 0 0 0 0 0 0 0 0 0 0 0 0 0 0 0 0 0 0 0 0 0 0 0 0 0 0 0 0 0 0 0 0 0 0 0 0 0 0 0 0 0 0 0 0 0 0 0 0 0 0 0 0 0 0 0 0 0 0 0 0 0 0 0 0 0 0 0 0 0 0 0 0 0 0 0 0 0 0 0 0 0 0 0 0 0 0 0 0 0 0 0 0 0 0 0 0 0 0 0 0 0 0 0 0 0 0 0 0 0 0 0 0 0 0 0 0 0 0 0 0 0 0 0 0 0 0 0 0 0 0 0 0 0 0 0 0 0 0 0 0 0 0 0 0 0 0 0 0 0 0 0 0 0 0 0 0 0 0 0 0 0 0 0 0 0 0 0 0 0 0 0 0 0 0 0 0 0 0 0 0 0 0 0 0 0 0 0 0 0 0 0 0 0 0 0 0 0 0 0 0 0 0 0 0 0 0 0 0 0 0 0 0 0 0 0 0 0 0 0 0 0 0 0 0 0 0 0 0 0 0 0 0 0 0 0 0 0 0 0 0 0 0 0 0 0 0 0 0 0 0 0 0 0 0 0 0 0 0 0 0 0 0 0 0 0 0 0 0 0 0 0 0 0 0 0 0 0 0 0 0 0 0 0 0 0 0 0 0 0 0 0 0 0 0 0 0 0 0 0 0 0 0 0 0 0 0 0 0 0 0 0 0 0 0 0 0 0 0 0 0 0 0 0 0 0 0 0 0 0 0 0 0 0 0 0 0 0 0 0 0 0 0 0 0 0 0 0 0 0 0 0 0 0 0 0 0 0 0 0 0 0 0 0 0 0 0 0 0 0 0 0 0 0 0 0 0 0 0 0 0 0 0 0 0 0 0 0 0 0 0 0 0 0 0 0 0 0 0 0 0 0 0 0 0 0 0 0 0 0 0 0 0 0 0 0 0 0 0 0 0 0 0 0 0 0 0 0 0 0 0 0 0 0 0 0 0 0 0 0 0 0 0 0 0 0 0 0 0 0 0 0 0 0 0 0 0 0 0 0 0 0 0 0 0 0 0 0 0 0 0 0 0 0 0 0 0 0 0 0 0 0 0 0 0 0 0 0 0 0 0 0 0 0 0 0 0 0 0 0 0 0 0 0 0 0 0 0 0 0 0 0 0 0 0 0 0 0 0 0 0 0 0 0 0 0 0 0 0 0 0 0 0 0 0 0 0 0 0 0 0 0 0 0 0 0 0 0 0 0 0 0 0 0 0 0 0 0 0 0 0 0 0 0 0 0 0 0 0 0 0 0 0 0 0 0 0 0 0 0 0 0 0 0 0 0 0 0 0 0 0 0 0 0 0 0 0 0 0 0 0 0 0 0 0 0 0 0 0 0 0 0 0 0 0 0 0 0 0 0 0 0 0 0 0 0 0 0 0 0 0 0 0 0 0 0 0 0 0 0 0 0 0 0 0 0 0 0 0 0 0 0 0 0 0 0 0 0 0 0 0 0 0 0 0 0 0 0 0 0 0 0 0 0 0 0 0 0 0 0 0 0 0 0 0 0 0 0 0 0 0 0 0 0 0 0 0 0 0 0 0 0 0 0 0 0 0 0 0 0 0 0 0 0 0 0 0 0 0 0 0 0 0 0 0 0 0 0 0 0 0 0 0 0 0 0 0 0 0 0 0 0 0 0 0 0 0 0 0 0 0 0 0 0 0 0 0 0 0 0 0 0 0 0 0 0 0 0 0 0 0 0 0 0 0 0 0 0 0 0 0 0 0 0 0 0 0 0 0 0 0 0 0 0 0 0 0 0 0 0 0 0 0 0 0 0 0 0 0 0 0 0 0 0 0 0 0 0 0 0 0 0 0 0 0 0 0 0 0 0 0 0 0 0 0 0 0 0 0 0 0 0 0 0 0 0 0 0 0 0 0 0 0 0 0 0 0 0 0 0 0 0 0 0 0 0 0 0 0 0 0 0 0 0 0 0 0 0 0 0 0 0 0 0 0 0 0 0 0 0 0 0 0 0 0 0 0 0 0 0 0 0 0 0 0 0 0 0 0 0 0 0 0 0 0 0 0 0 0 0 0 0 0 0 0 0 0 0 0 0 0 0 0 0 0 0 0 0 0 0 0 0 0 0 0 0 0 0 0 0 0 0 0 0 0 0 0 0 0 0 0 0 0 0 0 0 0 0 0 0 0 0 0 0 0 0 0 0 0 0 0 0 0 0 0 0 0 0 0 0 0 0 0 0 0 0 0 0 0 0 0 0 0 0 0 0 0 0 0 0 0 0 0 0 0 0 0 0 0 0 0 0 0 0 0 0 0 0 0 0 0 0 0 0 0 0 0 0 0 0 0 0 0 0 0 0 0 0 0 0 0 0 0 0 0 0 0 0 0 0 0 0 0 0 0 0 0 0 0 0 0 0 0 0 0 0 0 0 0 0 0 0 0 0 0 0 0 0 0 0 0 0 0 0 0 0 0 0 0 0 0 0 0 0 0 0 0 0 0 0 0 0 0 0 0 0 0 0 0 0 0 0 0 0 0 0 0 0 0 0 0 0 0 0 0 0 0 0 0 0 0 0 0 0 0 0 0 0 0 0 0 0 0 0 0 0 0 0 0 0 0 0 0 0 0 0 0 0 0 0 0 0 0 0 0 0 0 0 0 0 0 0 0 0 0 0 0 0 0 0 0 0 0 0 0 0 0 0 0 0 0 0 0 0 0 0 0 0 0 0 0 0 0 0 0 0 0 0 0 0 0 0 0 0 0 0 0 0 0 0 0 0 0 0 0 0 0 0 0 0 0 0 0 0 0 0 0 0 0 0 0 0 0 0 0 0 0 0 0 0 0 0 0 0 0 0 0 0 0 0 0 0 0 0 0 0 0 0 0 0 0 0 0 0 0 0 0 0 0 0 0 0 0 0 0 0 0 0 0 0 0 0 0 0 0 0 0 0 0 0 0 0 0 0 0 0 0 0 0 0 0 0 0 0 0 0 0 0 0 0 0 0 0 0 0 0 0 0 0 0 0 0 0 0 0 0 0 0 0 0 0 0 0 0 0 0 0 0 0 0 0 0 0 0 0 0 0 0 0 0 0 0 0 0 0 0 0 0 0 0 0 0 0 0 0 0 0 0 0 0 0 0 0 0 0 0 0 0 0 0 0 0 0 0 0 0 0 0 0 0 0 0 0 0 0 0 0 0 0 0 0 0 0 0 0 0 0 0 0 0 0 0 0 0 0 0 0 0 0 0 0 0 0 0 0 0 0 0 0 0 0 0 0 0 0 0 0 0 0 0 0 0 0 0 0 0 0 0 0 0 0 0 0 0 0 0 0 0 0 0 0 0 0 0 0 0 0 0 0 0 0 0 0 0 0 0 0 0 0 0 0 0 0 0 0 0 0 0 0 0 0 0 0 0 0 0 0 0 0 0 0 0 0 0 0 0 0 0 0 0 0 0 0 0 0 0 0 0 0 0 0 0 0 0 0 0 0 0 0 0 0 0 0 0 0 0 0 0 0 0 0 0 0 0 0 0 0 0 0 0 0 0 0 0 0 0 0 0 0 0 0 0 0 0 0 0 0 0 0 0 0 0 0 0 0 0 0 0 0 0 0 0 0 0 0 0 0 0 0 0 0 0 0 0 0 0 0 0 0 0 0 0 0 0 0 0 0 0 0 0 0 0 0 0 0 0 0 0 0 0 0 0 0 0 0 0 0 0 0 0 0 0 0 0 0 0 0 0 0 0 0 0 0 0 0 0 0 0 0 0 0 0 0 0 0 0 0 0 0 0 0 0 0 0 0 0 0 0 0 0 0 0 0 0 0 0 0 0 0 0 0 0 0 0 0 0 0 0 0 0 0 0 0 0 0 0 0 0 0 0 0 0 0 0 0 0 0 0 0 0 0 0 0 0 0 0 0 0 0 0 0 0 0 0 0 0 0 0 0 0 0 0 0 0 0 0 0 0 0 0 0 0 0 0 0 0 0 0 0 0 0 0 0 0 0 0 0 0 0 0 0 0 0 0 0 0 0 0 0 0 0 0 0 0 0 0 0 0 0 0 0 0 0 0 0 0 0 0 0 0 0 0 0 0 0 0 0 0 0 0 0 0 0 0 0 0 0 0 0 1348 0 0 0 1348 0 0 0 0 0 0 0 0 0 1348 0 0 0 1348 0 0 0 0 0 0 0 0 0 0 0 0 0 0 0 0 0 0 0 0 0 0 0 0 0 0 0 0 0 0 0 0 0 0 0 0 0 0 0 0 0 0 0 0 0 0 0 0 0 0 0 0 0 0 0 0 0 0 0 0 0 0 0 0 0 0 0 0 0 0 0 0 0 0 0 0 0 0 0 0 0 79 0 0 0 79 0 0 0 0 0 0 0 0 0 79 0 0 0 79 0 0 0 0 0 0 0 0 0 0 0 0 0 0 0 0 0 0 0 0 0 0 0 0 0 0 0 0 0 0 0 0 0 0 0 0 0 0 0 0 0 0 0 0 0 0 0 0 0 0 0 0 0 0 0 0 0 0 0 0 0 0 0 0 0 0 0 0 0 0 0 0 0 0 0 0 0 0 0 0 0 79 0 0 0 79 0 0 0 0 0 0 0 0 0 79 0 0 0 79 0 0 0 0 0 1724 0 0 0 0 0 0 0 0 0 0 0 0 0 0 0 0 0 0 0 0 0 0 0 0 0 0 0 0 0 0 0 0 0 0 0 0 0 0 0 0 0 0 0 0 0 0 0 0 0 0 0 0 0 0 0 0 0 0 0 0 0 0 0 0 0 0 0 0 0 0 0 0 0 0 0 79 0 0 0 79 0 0 0 0 0 0 0 0 0 79 0 0 0 79 0 0 0 0 0 0 0 0 0 0 0 0 0 0 0 0 0 0 0 0 0 0 0 0 0 0 0 0 0 0 0 0 0 0 0 0 0 0 0 0 0 0 0 0 0 0 0 0 0 0 0 0 0 0 0 0 0 0 0 0 0 0 0 0 0 0 0 0 0 0 0 0 0 0 0 0 0 0 0 0 0 79 0 0 0 79 0 0 0 0 0 0 0 0 0 79 0 0 0 79 0 0 0 0 0 0 0 0 0 0 0 0 0 0 0 0 0 0 0 0 0 0 0 0 0 0 0 0 0 0 0 0 0 0 0 0 0 0 0 0 0 0 0 0 0 0 0 0 0 0 0 0 0 0 0 0 0 0 0 0 0 0 0 0 0 0 0 0 0 0 0 0 0 0 0 0 0 0 0 0 0 79 0 0 0 79 0 0 0 0 0 0 0 0 0 79 0 0 0 79 0 0 0 0 0 0 0 0 0 0 0 0 0 0 0 0 0 0 0 0 0 0 0 0 0 0 0 0 0 0 0 0 0 0 0 0 0 0 0 0 0 0 0 0 0 0 0 0 0 0 0 0 0 0 0 0 0 0 0 0 0 0 0 0 0 0 0 0 0 0 0 0 0 0 0 0 0 0 0 0 0 79 0 0 0 79 0 0 0 0 0 0 0 0 0 79 0 0 0 79 0 0 0 0 0 0 0 0 0 0 0 0 0 0 0 0 0 0 0 0 0 0 0 0 0 0 0 0 0 0 0 0 0 0 0 0 0 0 0 0 0 0 0 0 0 0 0 0 0 0 0 0 0 0 0 0 0 0 0 0 0 0 0 0 0 0 0 0 0 0 0 0 0 0 0 0 0 0 0 0 0 79 0 0 0 79 0 0 0 0 0 0 0 0 0 79 0 0 0 79 0 0 0 0 0 0 0 0 0 0 0 0 0 0 0 0 0 0 0 0 0 0 0 0 0 0 0 0 0 0 0 0 0 0 0 0 0 0 0 0 0 0 0 0 0 0 0 0 0 0 0 0 0 0 0 0 0 0 0 0 0 0 0 0 0 0 0 0 0 0 0 0 0 0 0 0 0 0 0 0 0 79 0 0 0 79 0 0 0 0 0 0 0 0 0 79 0 0 0 79 0 0 0 0 0 0 0 0 0 0 0 0 0 0 0 0 0 0 0 0 0 0 0 0 0 0 0 0 0 0 0 0 0 0 0 0 0 0 0 0 0 0 0 0 0 0 0 0 0 0 0 0 0 0 0 0 0 0 0 0 0 0 0 0 0 0 0 0 0 0 0 0 0 0 0 0 0 0 0 0 0 79 0 0 0 79 0 0 0 0 0 0 0 0 0 79 0 0 0 79 0 0 0 0 0 0 0 0 0 0 0 0 0 0 0 0 0 0 0 0 0 0 0 0 0 0 0 0 0 0 0 0 0 0 0 0 0 0 0 0 0 0 0 0 0 0 0 0 0 0 0 0 0 0 0 0 0 0 0 0 0 0 0 0 0 0 0 0 0 0 0 0 0 0 0 0 0 0 0 0 0 79 0 0 0 79 0 0 0 0 0 0 0 0 0 79 0 0 0 79 0 0 0 0 0 0 0 0 0 0 0 0 0 0 0 0 0 0 0 0 0 0 0 0 0 0 0 0 0 0)
    )
    (scripttrigger
      (width 134.4000244)
      (height 32)
      (script "
Level.spawn(\"cave\", \"main\");")
      (button #f)
      (oneshot #t)
      (x 1644)
      (y 1060.799805)
    )
    (decal
      (sprite "images/decal/snow/exitfg.png")
      (action "")
      (solid #f)
      (z-pos 51)
      (x 2976)
      (y 672)
      (sprite "images/decal/snow/exitfg.png")
    )
    (decal
      (sprite "images/decal/snow/exitbg.png")
      (action "")
      (solid #f)
      (z-pos 49)
      (x 2880)
      (y 672)
      (sprite "images/decal/snow/exitbg.png")
    )
  )
)
